,UKREIS,UJAHR,UMONAT,UWOCHENTAG,USTUNDE,UKATEGORIE,UART,UTYP1,IstRad,IstPKW,IstFuss,IstKrad,IstGkfz,IstSonstig,ULICHTVERH,STRZUSTAND,longitude,latitude,Stadtteil,Ortsteil,geometry
1915,12,2017,8,5,17,3,5,3,1,1,0,0,0,0,0,0,8.58040924100004,53.55553901700006,Lehe,Königsheide,POINT (8.58040924100004 53.55553901700006)
1916,11,2017,8,5,7,3,5,2,1,1,0,0,0,0,0,0,8.836185966000073,53.07155082100007,Östliche Vorstadt,Peterswerder,POINT (8.836185966000073 53.07155082100007)
1917,11,2017,8,5,15,3,5,3,1,1,0,0,0,0,0,1,8.788927195000042,53.09413968300004,Walle,Westend,POINT (8.788927195000042 53.09413968300004)
1918,11,2017,8,5,12,3,5,3,1,1,0,0,0,0,0,0,8.788816746000066,53.06912940800004,Neustadt,Neustadt,POINT (8.788816746000066 53.06912940800004)
1919,11,2017,9,5,18,2,0,1,1,0,0,0,0,0,0,1,8.843991780000067,53.06880243100005,Östliche Vorstadt,Peterswerder,POINT (8.843991780000067 53.06880243100005)
1920,11,2017,8,5,16,3,4,1,1,1,0,0,0,0,0,1,8.571690139000054,53.19406487400005,Blumenthal,Blumenthal,POINT (8.571690139000054 53.19406487400005)
1921,12,2017,8,1,0,3,1,5,1,1,0,0,0,0,2,0,8.585669936000045,53.53657848700004,Geestemünde,Buschkämpen,POINT (8.585669936000045 53.53657848700004)
1922,11,2017,8,4,18,3,5,3,1,1,0,0,0,0,0,0,8.835620066000047,53.073771796000074,Östliche Vorstadt,Hulsberg,POINT (8.835620066000047 53.073771796000074)
1923,11,2017,8,4,17,2,5,2,1,1,0,0,0,0,0,1,8.85247915900004,53.073582154000064,Östliche Vorstadt,Hulsberg,POINT (8.85247915900004 53.073582154000064)
1924,11,2017,8,4,11,3,0,7,1,0,0,0,0,0,0,0,8.844357013000035,53.07026321300003,Östliche Vorstadt,Peterswerder,POINT (8.844357013000035 53.07026321300003)
1925,11,2017,8,3,7,3,5,3,1,1,0,0,0,0,0,0,8.864821430000063,53.07086104000007,Hemelingen,Hastedt,POINT (8.864821430000063 53.07086104000007)
1926,11,2017,8,3,20,3,0,2,1,1,0,0,0,0,0,0,8.794949978000034,53.06720795100006,Neustadt,Südervorstadt,POINT (8.794949978000034 53.06720795100006)
1927,11,2017,8,3,19,3,5,2,1,1,0,0,0,0,0,0,8.758163631000059,53.116485778000026,Gröpelingen,Lindenhof,POINT (8.758163631000059 53.116485778000026)
1928,12,2017,8,1,15,3,6,7,1,0,1,0,0,0,0,0,8.585969584000054,53.56064473600003,Lehe,Königsheide,POINT (8.585969584000054 53.56064473600003)
1929,12,2017,8,1,20,3,5,3,1,1,0,0,0,0,0,0,8.630758336000042,53.52871736700007,Schiffdorferdamm,Buschkämpen,POINT (8.630758336000042 53.52871736700007)
1930,11,2017,8,1,11,3,2,6,1,1,0,0,0,0,0,0,8.902563581000038,53.12703502200003,unbekannt,Borgfeld,POINT (8.902563581000038 53.12703502200003)
1931,11,2017,8,3,16,3,5,3,1,1,0,0,0,0,0,0,8.934958352000024,53.09029206200006,unbekannt,unbekannt,POINT (8.934958352000024 53.09029206200006)
1932,11,2017,8,3,7,3,5,3,1,1,0,0,0,0,0,0,8.844126833000075,53.07520128300007,Östliche Vorstadt,Hulsberg,POINT (8.844126833000075 53.07520128300007)
1933,12,2017,8,2,9,3,1,5,1,1,0,0,0,0,0,0,8.581235169000024,53.55175802700006,Lehe,Königsheide,POINT (8.581235169000024 53.55175802700006)
1934,11,2017,8,2,13,3,3,6,1,1,0,0,0,0,0,0,8.894910055000025,53.055801548000034,Hemelingen,Hemelingen,POINT (8.894910055000025 53.055801548000034)
1935,11,2017,8,2,15,3,5,3,1,1,0,0,0,0,0,0,8.556193045000043,53.18510966200006,Blumenthal,Blumenthal,POINT (8.556193045000043 53.18510966200006)
1936,11,2017,8,2,21,3,0,1,1,0,0,0,0,0,2,0,8.831939894000072,53.07107444300004,Östliche Vorstadt,Steintor,POINT (8.831939894000072 53.07107444300004)
1937,11,2017,8,2,9,3,5,2,1,0,0,0,0,1,0,0,8.896867827000051,53.05905988600006,Hemelingen,Sebaldsbrück,POINT (8.896867827000051 53.05905988600006)
1938,11,2017,8,2,19,3,5,3,1,1,0,0,0,0,0,0,8.880342584000061,53.08240471500005,Vahr,Neue Vahr Südwest,POINT (8.880342584000061 53.08240471500005)
1939,11,2017,8,2,22,3,5,2,1,0,0,0,0,0,2,0,8.863844908000033,53.06278625200008,Hemelingen,Hastedt,POINT (8.863844908000033 53.06278625200008)
1940,11,2017,8,2,17,2,5,3,1,1,0,0,0,0,0,0,8.849976785000024,53.094688105000046,Schwachhausen,Riensberg,POINT (8.849976785000024 53.094688105000046)
1941,11,2017,8,1,21,3,5,2,1,1,0,0,0,0,2,0,8.792526495000061,53.06563081400003,Neustadt,Südervorstadt,POINT (8.792526495000061 53.06563081400003)
1942,11,2017,8,1,16,3,0,7,1,0,0,0,0,0,0,0,8.760426973000051,53.048821168000075,Huchting,Kirchhuchting,POINT (8.760426973000051 53.048821168000075)
1943,12,2017,8,7,14,3,3,2,1,1,0,0,0,0,0,0,8.586296756000024,53.536955857000066,Geestemünde,Buschkämpen,POINT (8.586296756000024 53.536955857000066)
1944,11,2017,8,7,15,3,0,1,1,0,0,0,0,0,0,0,8.829201281000053,53.07204228400008,Östliche Vorstadt,Steintor,POINT (8.829201281000053 53.07204228400008)
1945,11,2017,8,7,15,3,2,6,1,1,0,0,0,0,0,0,8.829504015000055,53.07456310200007,Östliche Vorstadt,Fesenfeld,POINT (8.829504015000055 53.07456310200007)
1946,11,2017,8,7,23,3,0,7,1,0,0,0,0,0,2,0,8.634789304000037,53.170249754000054,Vegesack,Grohn,POINT (8.634789304000037 53.170249754000054)
1947,11,2017,8,7,17,3,5,3,1,1,0,0,0,0,0,0,8.768632337000042,53.11267141800005,Gröpelingen,Gröpelingen,POINT (8.768632337000042 53.11267141800005)
1948,11,2017,8,7,15,3,0,2,1,1,0,0,0,0,0,0,8.936258876000068,53.05869625300005,Osterholz,Ellenerbrok-Schevemoor,POINT (8.936258876000068 53.05869625300005)
1949,11,2017,8,7,16,3,5,3,1,0,0,0,0,0,0,0,8.85771001300003,53.06658158600004,Hemelingen,Hastedt,POINT (8.85771001300003 53.06658158600004)
1950,11,2017,8,7,10,3,4,6,1,0,0,0,0,0,0,0,8.820158469000035,53.07362489800005,Mitte,Ostertor,POINT (8.820158469000035 53.07362489800005)
1951,12,2017,8,5,13,3,0,7,1,0,1,0,0,0,0,0,8.588352652000026,53.57531577600008,Lehe,Königsheide,POINT (8.588352652000026 53.57531577600008)
1952,11,2017,8,5,9,2,5,3,1,1,0,0,0,0,0,0,8.738682114000028,53.04745283900007,Huchting,Kirchhuchting,POINT (8.738682114000028 53.04745283900007)
1953,11,2017,8,5,17,3,5,3,1,1,0,0,0,0,0,0,8.825044865000052,53.08420131200006,Schwachhausen,Barkhof,POINT (8.825044865000052 53.08420131200006)
1954,11,2017,8,5,22,3,3,2,1,1,0,0,0,0,2,0,8.80378982600007,53.08022482000007,Mitte,Altstadt,POINT (8.80378982600007 53.08022482000007)
1955,11,2017,8,5,15,3,5,3,1,0,0,1,0,0,0,0,8.776733600000057,53.06342986200008,Neustadt,Neuenland,POINT (8.776733600000057 53.06342986200008)
1956,11,2017,8,5,12,3,5,3,1,1,0,0,0,0,0,0,8.769707500000038,53.082431015000054,Woltmershausen,Woltmershausen,POINT (8.769707500000038 53.082431015000054)
1957,11,2017,8,5,14,3,5,3,1,1,0,0,0,0,0,0,8.676565735000054,53.16945693900004,Burglesum,St.Magnus,POINT (8.676565735000054 53.16945693900004)
1958,11,2017,8,5,15,3,4,6,1,0,0,0,0,0,0,0,8.572417233000067,53.195560561000036,Blumenthal,Blumenthal,POINT (8.572417233000067 53.195560561000036)
1959,11,2017,8,7,18,3,0,3,1,0,0,0,0,1,0,0,8.79503826000007,53.064293502000055,Neustadt,Südervorstadt,POINT (8.79503826000007 53.064293502000055)
1960,11,2017,8,4,10,3,5,3,1,1,0,0,0,0,0,0,8.904150483000024,53.10049610600004,unbekannt,unbekannt,POINT (8.904150483000024 53.10049610600004)
1961,11,2017,8,4,18,3,5,3,1,1,0,0,0,0,0,0,8.792867587000046,53.069079266000074,Neustadt,Neustadt,POINT (8.792867587000046 53.069079266000074)
1962,11,2017,8,4,8,3,1,1,1,1,0,0,0,0,0,1,8.843083357000069,53.08108927500007,Schwachhausen,Gete,POINT (8.843083357000069 53.08108927500007)
1963,11,2017,8,4,8,3,5,3,1,1,0,0,0,0,0,0,8.930853942000056,53.071968850000076,Osterholz,Blockdiek,POINT (8.930853942000056 53.071968850000076)
1964,11,2017,8,4,7,3,5,3,1,1,0,0,0,0,0,1,8.740504204000047,53.05425311300007,Huchting,Mittelshuchting,POINT (8.740504204000047 53.05425311300007)
1965,11,2017,8,7,7,3,8,1,1,0,0,0,0,0,0,0,8.772015164000038,53.08181855600003,Woltmershausen,Woltmershausen,POINT (8.772015164000038 53.08181855600003)
1966,12,2017,8,3,22,3,5,2,1,0,0,0,0,1,2,0,8.597274235000043,53.53599213400008,Geestemünde,Buschkämpen,POINT (8.597274235000043 53.53599213400008)
1967,11,2017,8,7,10,3,0,2,1,1,0,0,0,0,0,0,8.733824516000027,53.038401958000065,Huchting,Kirchhuchting,POINT (8.733824516000027 53.038401958000065)
1968,12,2017,8,3,16,3,0,7,1,0,0,0,0,0,0,0,8.593613825000034,53.55045631300004,Geestemünde,Buschkämpen,POINT (8.593613825000034 53.55045631300004)
1969,12,2017,8,3,12,3,5,3,1,1,0,0,0,0,0,0,8.58617915900004,53.56151458000005,Lehe,Königsheide,POINT (8.58617915900004 53.56151458000005)
1970,11,2017,8,3,16,3,6,4,1,0,1,0,0,0,0,0,8.76185545900006,53.11458294100004,Gröpelingen,Gröpelingen,POINT (8.76185545900006 53.11458294100004)
1971,11,2017,8,3,7,3,5,2,1,1,0,0,0,0,0,0,8.865958405000072,53.09755496200006,Horn-Lehe,Horn,POINT (8.865958405000072 53.09755496200006)
1972,11,2017,8,3,18,3,0,7,1,1,0,0,0,0,0,0,8.625820155000042,53.17035517700003,Vegesack,Vegesack,POINT (8.625820155000042 53.17035517700003)
1973,11,2017,8,3,14,3,4,6,1,0,0,0,0,1,0,0,8.808768736000047,53.076252142000044,Mitte,Altstadt,POINT (8.808768736000047 53.076252142000044)
1974,11,2017,8,3,16,2,3,6,1,0,0,0,0,0,0,0,8.776330608000023,53.103641448000076,Walle,Walle,POINT (8.776330608000023 53.103641448000076)
1975,11,2017,8,3,21,3,5,3,1,1,0,0,0,0,2,0,8.81479070100005,53.02967998100007,Obervieland,Kattenesch,POINT (8.81479070100005 53.02967998100007)
1976,12,2017,8,6,15,3,5,3,1,1,0,0,0,0,0,0,8.569084928000052,53.55163052900008,Mitte,Weddewarden,POINT (8.569084928000052 53.55163052900008)
1977,11,2017,8,6,20,3,0,1,1,0,0,0,0,0,0,0,8.838704822000068,53.07467430500003,Östliche Vorstadt,Hulsberg,POINT (8.838704822000068 53.07467430500003)
1978,11,2017,8,6,18,2,5,2,1,1,0,0,0,0,0,0,8.628406745000063,53.168601410000065,Vegesack,Grohn,POINT (8.628406745000063 53.168601410000065)
1979,12,2017,8,2,10,3,5,2,1,1,0,0,0,0,0,1,8.577463937000061,53.54846846700008,Mitte,Weddewarden,POINT (8.577463937000061 53.54846846700008)
1980,11,2017,8,2,16,3,6,7,1,0,1,0,0,0,0,0,8.625218396000037,53.17062580800007,Vegesack,Vegesack,POINT (8.625218396000037 53.17062580800007)
1981,11,2017,8,2,16,3,5,3,1,1,0,0,0,0,0,0,8.773544385000037,53.110760552000045,Gröpelingen,Gröpelingen,POINT (8.773544385000037 53.110760552000045)
1982,11,2017,8,2,12,3,5,3,1,1,0,0,0,0,0,0,8.835036763000062,53.08210596300006,Schwachhausen,Schwachhausen,POINT (8.835036763000062 53.08210596300006)
1983,11,2017,8,2,17,3,5,2,1,1,0,0,0,0,0,0,8.89868013000006,53.12732854500007,unbekannt,Borgfeld,POINT (8.89868013000006 53.12732854500007)
1984,12,2017,8,7,15,3,0,1,1,0,0,0,0,0,0,0,8.59339101200004,53.55950629000006,Lehe,Königsheide,POINT (8.59339101200004 53.55950629000006)
1985,11,2017,8,7,1,3,0,1,1,0,0,0,0,0,2,1,8.81230423200003,53.08069759800003,Mitte,Bahnhofsvorstadt,POINT (8.81230423200003 53.08069759800003)
1986,11,2017,8,7,13,3,0,7,1,0,0,0,0,0,0,1,8.612385354000025,53.17506462400007,Vegesack,Vegesack,POINT (8.612385354000025 53.17506462400007)
1987,11,2017,8,6,11,3,5,7,1,1,0,0,0,0,0,0,8.83349778400003,53.092057959000044,Schwachhausen,Neu-Schwachhausen,POINT (8.83349778400003 53.092057959000044)
1988,11,2017,8,7,4,3,0,1,1,0,0,0,0,0,2,0,8.791992383000036,53.08273490300007,Mitte,Altstadt,POINT (8.791992383000036 53.08273490300007)
1989,12,2017,8,6,16,3,5,3,1,1,0,0,0,0,0,0,8.622156526000026,53.58983146400004,Leherheide,Fehmoor,POINT (8.622156526000026 53.58983146400004)
1990,12,2017,8,6,13,3,3,6,1,0,0,0,0,0,0,0,8.597552233000044,53.568990271000075,Lehe,Königsheide,POINT (8.597552233000044 53.568990271000075)
1991,11,2017,8,6,7,3,5,3,1,0,0,0,0,1,0,0,8.81061758800007,53.07183487900005,Mitte,Altstadt,POINT (8.81061758800007 53.07183487900005)
1992,11,2017,8,6,17,3,5,3,1,1,0,0,0,0,0,0,8.802018549000024,53.07143400800004,Neustadt,Alte Neustadt,POINT (8.802018549000024 53.07143400800004)
1993,12,2017,8,5,7,3,5,3,1,1,0,0,0,0,0,0,8.587923508000074,53.53314263100003,Geestemünde,Buschkämpen,POINT (8.587923508000074 53.53314263100003)
1994,12,2017,8,5,14,3,1,6,1,0,0,0,0,1,0,1,8.59371586800006,53.56223676900004,Lehe,Königsheide,POINT (8.59371586800006 53.56223676900004)
1995,11,2017,8,5,18,3,5,3,1,1,0,0,0,0,0,1,8.578208934000031,53.18162824400008,Blumenthal,Blumenthal,POINT (8.578208934000031 53.18162824400008)
1996,11,2017,8,6,10,3,0,7,1,0,0,0,0,0,0,0,8.689478043000065,53.17024819000005,Burglesum,Lesum,POINT (8.689478043000065 53.17024819000005)
1997,11,2017,8,5,15,3,5,3,1,1,0,0,0,0,0,1,8.775512939000066,53.076828284000044,Woltmershausen,Woltmershausen,POINT (8.775512939000066 53.076828284000044)
1998,11,2017,8,4,17,3,1,7,1,1,0,0,0,0,0,0,8.795943370000032,53.067100528000026,Neustadt,Südervorstadt,POINT (8.795943370000032 53.067100528000026)
1999,12,2017,8,5,18,3,0,7,1,0,0,0,0,0,0,0,8.59760835000003,53.59165647300006,Leherheide,Fehmoor,POINT (8.59760835000003 53.59165647300006)
2000,11,2017,8,4,19,3,5,3,1,1,0,0,0,0,0,0,8.86934569400006,53.098599844000034,Horn-Lehe,Lehe,POINT (8.86934569400006 53.098599844000034)
2001,11,2017,8,4,7,3,5,3,1,1,0,0,0,0,0,0,8.824961107000036,53.08457034200006,Schwachhausen,Bürgerpark,POINT (8.824961107000036 53.08457034200006)
2002,12,2017,8,3,19,3,3,2,1,1,0,0,0,0,0,1,8.546679831000063,53.58113491100005,Häfen,Speckenbüttel,POINT (8.546679831000063 53.58113491100005)
2003,11,2017,8,3,12,3,5,2,1,1,0,0,0,0,0,0,8.794069513000068,53.074335602000076,Neustadt,Alte Neustadt,POINT (8.794069513000068 53.074335602000076)
2004,11,2017,8,3,13,3,0,3,1,1,0,0,0,0,0,0,8.778775304000021,53.10076364300005,Walle,Walle,POINT (8.778775304000021 53.10076364300005)
2005,11,2017,8,3,10,2,4,2,1,1,0,0,0,0,0,0,8.728739552000036,53.038881583000034,Huchting,Kirchhuchting,POINT (8.728739552000036 53.038881583000034)
2006,11,2017,8,3,22,3,0,7,1,0,0,0,0,1,2,1,8.787459633000026,53.05618652700008,Neustadt,Neuenland,POINT (8.787459633000026 53.05618652700008)
2007,11,2017,8,3,11,3,2,6,1,0,0,0,0,0,0,0,8.833785338000041,53.08647751400008,Schwachhausen,Schwachhausen,POINT (8.833785338000041 53.08647751400008)
2008,11,2017,8,3,8,3,5,3,1,0,0,0,0,1,0,0,8.853923609000049,53.104111113000044,Horn-Lehe,Lehe,POINT (8.853923609000049 53.104111113000044)
2009,12,2017,8,2,12,3,5,3,1,0,0,0,0,1,0,0,8.579601627000045,53.54870034900006,Mitte,Weddewarden,POINT (8.579601627000045 53.54870034900006)
2010,11,2017,8,2,11,3,1,5,1,1,0,0,0,0,0,0,8.884585471000037,53.05416182600004,Hemelingen,Hemelingen,POINT (8.884585471000037 53.05416182600004)
2011,11,2017,8,2,5,3,0,7,1,0,0,0,0,0,1,1,8.58384757500005,53.181702114000075,Blumenthal,Blumenthal,POINT (8.58384757500005 53.181702114000075)
2012,11,2017,8,2,18,3,5,3,1,1,0,0,0,0,0,0,8.795381130000067,53.07516312400003,Neustadt,Alte Neustadt,POINT (8.795381130000067 53.07516312400003)
2013,11,2017,8,2,11,3,5,3,1,1,0,0,0,0,0,0,8.894596088000071,53.07945958300007,Vahr,Neue Vahr Südost,POINT (8.894596088000071 53.07945958300007)
2014,11,2017,8,2,8,3,3,6,1,0,0,0,0,1,0,0,8.85449828000003,53.08230330600003,Vahr,Gartenstadt Vahr,POINT (8.85449828000003 53.08230330600003)
2015,11,2017,8,2,16,3,5,3,1,1,0,0,0,0,0,0,8.834590470000023,53.07225430300008,Östliche Vorstadt,Hulsberg,POINT (8.834590470000023 53.07225430300008)
2016,11,2017,8,2,7,3,2,6,1,0,0,0,0,0,0,0,8.841008301000045,53.04075874700004,Obervieland,Kattenturm,POINT (8.841008301000045 53.04075874700004)
2017,11,2017,8,2,9,3,5,2,1,1,0,0,0,0,0,0,8.89926743600006,53.05918352100008,Hemelingen,Sebaldsbrück,POINT (8.89926743600006 53.05918352100008)
2018,12,2017,8,5,7,3,3,6,1,1,0,0,0,0,0,1,8.586402892000024,53.53693134100007,Geestemünde,Buschkämpen,POINT (8.586402892000024 53.53693134100007)
2019,11,2017,8,2,6,2,5,3,1,0,0,0,0,0,0,0,8.89257438900006,53.12927638700006,unbekannt,Borgfeld,POINT (8.89257438900006 53.12927638700006)
2020,11,2017,8,2,17,3,4,6,1,0,0,0,0,1,0,0,8.907225438000069,53.12078639200007,unbekannt,Borgfeld,POINT (8.907225438000069 53.12078639200007)
2021,12,2017,8,1,14,3,2,6,1,0,0,0,0,0,0,0,8.611967585000059,53.57071328900008,Lehe,Königsheide,POINT (8.611967585000059 53.57071328900008)
2022,12,2017,8,1,17,3,5,3,1,1,0,0,0,0,0,0,8.592101998000032,53.57535435600005,Lehe,Königsheide,POINT (8.592101998000032 53.57535435600005)
2023,11,2017,8,1,11,3,5,3,1,0,0,1,0,0,0,1,8.775905287000057,53.098581151000076,Walle,Überseestadt,POINT (8.775905287000057 53.098581151000076)
2024,11,2017,8,1,16,3,5,3,1,1,0,0,0,0,0,0,8.947307942000066,53.03673961000004,Hemelingen,Mahndorf,POINT (8.947307942000066 53.03673961000004)
2025,11,2017,8,1,11,3,5,3,1,1,0,0,0,0,0,1,8.796776603000069,53.06697508500008,Neustadt,Südervorstadt,POINT (8.796776603000069 53.06697508500008)
2026,12,2017,8,7,14,3,1,5,1,1,0,0,0,0,0,1,8.608244289000027,53.52583752500004,Geestemünde,Buschkämpen,POINT (8.608244289000027 53.52583752500004)
2027,11,2017,8,7,16,3,5,2,1,0,0,0,0,1,0,0,8.571494518000065,53.19106711000006,Blumenthal,Blumenthal,POINT (8.571494518000065 53.19106711000006)
2028,11,2017,8,7,13,3,0,7,1,0,0,0,0,1,0,1,8.81232908000004,53.07132377900007,Mitte,Altstadt,POINT (8.81232908000004 53.07132377900007)
2029,11,2017,8,7,14,3,5,3,1,1,0,0,0,0,0,0,8.80412887500006,53.072607676000075,Mitte,Altstadt,POINT (8.80412887500006 53.072607676000075)
2030,12,2017,8,6,15,3,0,7,1,0,0,0,0,1,0,1,8.610937980000074,53.50370703300007,Wulsdorf,Geestemünde-Süd,POINT (8.610937980000074 53.50370703300007)
2031,12,2017,8,6,10,3,5,3,1,1,0,0,0,0,0,1,8.60607082000007,53.59355462100007,Leherheide,Fehmoor,POINT (8.60607082000007 53.59355462100007)
2032,11,2017,8,5,8,3,5,3,1,1,0,0,0,0,0,0,8.803250824000031,53.07219198300004,Neustadt,Alte Neustadt,POINT (8.803250824000031 53.07219198300004)
2033,12,2017,9,5,17,2,5,3,1,1,0,0,0,0,0,0,8.601768994000054,53.591566654000076,Leherheide,Fehmoor,POINT (8.601768994000054 53.591566654000076)
2034,11,2017,8,6,18,3,5,3,1,1,0,0,0,0,0,0,8.832001977000061,53.07751783500004,Östliche Vorstadt,Fesenfeld,POINT (8.832001977000061 53.07751783500004)
2035,11,2017,8,6,13,3,0,1,1,0,0,0,0,0,0,1,8.806232919000024,53.07963320400006,Mitte,Altstadt,POINT (8.806232919000024 53.07963320400006)
2036,11,2017,8,5,8,3,1,7,1,1,0,0,0,0,0,0,8.886501529000043,53.12056465200004,Horn-Lehe,Lehesterdeich,POINT (8.886501529000043 53.12056465200004)
2037,11,2017,8,5,17,3,6,4,1,0,1,0,0,0,0,0,8.79727289300007,53.08642559700007,Mitte,Bahnhofsvorstadt,POINT (8.79727289300007 53.08642559700007)
2038,11,2017,8,5,16,3,6,7,1,0,1,0,0,0,0,0,8.832025522000038,53.06864794300003,Östliche Vorstadt,Steintor,POINT (8.832025522000038 53.06864794300003)
2039,11,2017,8,5,8,3,0,7,1,1,0,0,0,0,0,0,8.902961574000074,53.09462087600008,unbekannt,unbekannt,POINT (8.902961574000074 53.09462087600008)
2040,11,2017,8,5,8,3,5,2,1,1,0,0,0,0,0,0,8.635989159000076,53.17128080600003,Vegesack,Grohn,POINT (8.635989159000076 53.17128080600003)
2041,11,2017,8,4,12,2,1,5,1,1,0,0,0,0,0,0,8.787223777000065,53.070038596000074,Neustadt,Hohentor,POINT (8.787223777000065 53.070038596000074)
2042,11,2017,11,7,13,3,0,1,1,0,0,0,0,0,0,1,8.611348339000074,53.17525447200006,Vegesack,Fähr-Lobbendorf,POINT (8.611348339000074 53.17525447200006)
2043,11,2017,11,7,10,3,5,2,1,1,0,0,0,0,0,0,8.791002654000067,53.091545100000076,Walle,Westend,POINT (8.791002654000067 53.091545100000076)
2044,11,2017,11,7,10,3,6,6,1,0,1,0,0,0,0,1,8.747888085000056,53.12571120500007,Gröpelingen,Ohlenhof,POINT (8.747888085000056 53.12571120500007)
2045,11,2017,9,2,5,2,5,3,1,1,0,0,0,0,2,1,8.64971276500006,53.17392370600004,Vegesack,Schönebeck,POINT (8.64971276500006 53.17392370600004)
2046,11,2017,11,7,11,3,5,3,1,1,0,0,0,0,0,0,8.799741072000074,53.05494482900008,Neustadt,Neuenland,POINT (8.799741072000074 53.05494482900008)
2047,11,2017,11,2,13,3,5,3,1,1,0,0,0,0,0,0,8.858229747000053,53.10527071100006,Horn-Lehe,Lehe,POINT (8.858229747000053 53.10527071100006)
2048,12,2017,11,6,12,3,5,2,1,1,0,0,0,0,0,0,8.584749672000044,53.55685817900007,Lehe,Königsheide,POINT (8.584749672000044 53.55685817900007)
2049,11,2017,11,3,7,3,7,7,1,0,0,0,0,1,0,0,8.791262506000066,53.06562804400005,Neustadt,Neustadt,POINT (8.791262506000066 53.06562804400005)
2050,11,2017,11,6,12,3,5,3,1,1,0,0,0,0,0,0,8.889116307000052,53.11034739400003,Horn-Lehe,Lehesterdeich,POINT (8.889116307000052 53.11034739400003)
2051,11,2017,11,4,18,3,5,3,1,1,0,0,0,0,2,1,8.793382290000068,53.08073991300006,Mitte,Altstadt,POINT (8.793382290000068 53.08073991300006)
2052,11,2017,11,6,7,3,0,7,1,0,0,0,0,0,1,1,8.918137010000066,53.03888663600003,Hemelingen,Arbergen,POINT (8.918137010000066 53.03888663600003)
2053,11,2017,11,6,7,3,1,5,1,1,0,0,0,0,0,1,8.86702149000007,53.070026846000076,Hemelingen,Hastedt,POINT (8.86702149000007 53.070026846000076)
2054,12,2017,11,5,11,3,3,6,1,1,0,0,0,0,0,1,8.585877701000072,53.55919734300005,Lehe,Königsheide,POINT (8.585877701000072 53.55919734300005)
2055,11,2017,11,5,13,3,5,3,1,1,0,0,0,0,0,0,8.883905034000065,53.07909507100004,Vahr,Neue Vahr Südwest,POINT (8.883905034000065 53.07909507100004)
2056,11,2017,11,5,9,3,5,2,1,0,0,0,0,1,0,1,8.828742426000076,53.07808181200005,Östliche Vorstadt,Fesenfeld,POINT (8.828742426000076 53.07808181200005)
2057,11,2017,11,5,8,3,5,3,1,1,0,0,0,0,0,1,8.836361588000045,53.07482980000003,Östliche Vorstadt,Fesenfeld,POINT (8.836361588000045 53.07482980000003)
2058,11,2017,11,5,13,3,5,3,1,1,0,0,0,0,0,0,8.794607729000063,53.09161975400008,Walle,Utbremen,POINT (8.794607729000063 53.09161975400008)
2059,11,2017,11,5,15,3,0,7,1,1,0,0,0,0,0,0,8.76298772900003,53.11399247500003,Gröpelingen,Gröpelingen,POINT (8.76298772900003 53.11399247500003)
2060,11,2017,11,4,13,3,5,3,1,1,0,0,0,0,0,1,8.635645329000056,53.17911148400003,Vegesack,Schönebeck,POINT (8.635645329000056 53.17911148400003)
2061,11,2017,11,4,9,3,2,7,1,1,0,0,0,0,0,1,8.818715086000054,53.08010164800004,Mitte,Bahnhofsvorstadt,POINT (8.818715086000054 53.08010164800004)
2062,11,2017,11,4,19,3,5,3,1,1,0,0,0,0,2,1,8.809785394000073,53.068821298000046,Neustadt,Alte Neustadt,POINT (8.809785394000073 53.068821298000046)
2063,11,2017,11,4,13,3,5,2,1,0,0,0,0,1,0,1,8.833937418000062,53.07108788600004,Östliche Vorstadt,Peterswerder,POINT (8.833937418000062 53.07108788600004)
2064,11,2017,9,2,7,3,5,2,1,1,0,0,0,0,1,1,8.850564615000053,53.07111758900004,Östliche Vorstadt,Peterswerder,POINT (8.850564615000053 53.07111758900004)
2065,12,2017,9,1,13,3,5,2,1,1,0,0,0,0,0,0,8.614347001000056,53.53178528900003,Geestemünde,Buschkämpen,POINT (8.614347001000056 53.53178528900003)
2066,11,2017,9,1,20,3,5,2,1,1,0,0,0,0,2,1,8.838182988000028,53.07889173600006,Schwachhausen,Gete,POINT (8.838182988000028 53.07889173600006)
2067,11,2017,11,4,7,3,0,7,1,1,0,0,0,0,1,1,8.871571782000046,53.08649186900004,Schwachhausen,Radio Bremen,POINT (8.871571782000046 53.08649186900004)
2068,11,2017,11,4,7,3,5,3,1,0,0,0,0,0,1,1,8.777123120000056,53.106605339000055,Walle,Walle,POINT (8.777123120000056 53.106605339000055)
2069,11,2017,9,1,13,2,0,7,1,0,0,0,0,0,0,0,8.799046905000068,53.090878589000056,Mitte,Bahnhofsvorstadt,POINT (8.799046905000068 53.090878589000056)
2070,11,2017,9,1,22,3,2,6,1,1,0,0,0,0,2,0,8.871441117000074,53.07667482900007,Vahr,Gartenstadt Vahr,POINT (8.871441117000074 53.07667482900007)
2071,11,2017,11,4,21,3,5,2,1,1,0,0,0,0,2,0,8.875431873000025,53.08209483600007,Vahr,Gartenstadt Vahr,POINT (8.875431873000025 53.08209483600007)