,UKREIS,UJAHR,UMONAT,UWOCHENTAG,USTUNDE,UKATEGORIE,UART,UTYP1,IstRad,IstPKW,IstFuss,IstKrad,IstGkfz,IstSonstig,ULICHTVERH,STRZUSTAND,longitude,latitude,Stadtteil,Ortsteil,geometry
3169,11,2018,7,3,17,3,5,3,1,1,0,0,0,0,0,0,8.85115866600006,53.08523578000006,Schwachhausen,Radio Bremen,POINT (8.85115866600006 53.08523578000006)
3170,11,2018,8,4,7,3,5,3,1,1,0,0,0,0,0,0,8.775153421000027,53.10046841800005,Walle,Walle,POINT (8.775153421000027 53.10046841800005)
3171,11,2018,8,2,12,3,5,3,1,1,0,0,0,0,0,0,8.753758628000071,53.123433625000075,Gröpelingen,Ohlenhof,POINT (8.753758628000071 53.123433625000075)
3172,12,2018,8,4,7,3,5,3,1,1,0,0,0,0,0,1,8.623457491000067,53.592118379000055,Leherheide,Fehmoor,POINT (8.623457491000067 53.592118379000055)
3173,11,2018,7,2,17,2,8,7,1,0,0,0,0,0,0,0,8.570549288000052,53.19907652400008,Blumenthal,Lüssum-Bockhorn,POINT (8.570549288000052 53.19907652400008)
3174,12,2018,8,5,23,3,6,7,1,0,1,0,0,0,2,0,8.592729912000038,53.58186856800006,Lehe,Königsheide,POINT (8.592729912000038 53.58186856800006)
3175,11,2018,7,2,19,3,5,3,1,1,0,0,0,0,0,0,8.854041641000038,53.06610081400004,Hemelingen,Hastedt,POINT (8.854041641000038 53.06610081400004)
3176,11,2018,8,4,11,3,5,2,1,1,0,0,0,0,0,0,8.676834584000062,53.165651988000036,Burglesum,Lesum,POINT (8.676834584000062 53.165651988000036)
3177,11,2018,8,7,16,3,0,1,1,0,0,0,0,0,0,0,8.840027196000051,53.103925368000034,Schwachhausen,Neu-Schwachhausen,POINT (8.840027196000051 53.103925368000034)
3178,11,2018,8,3,9,3,5,3,1,1,0,0,0,0,0,0,8.787015859000064,53.082930916000066,Walle,Überseestadt,POINT (8.787015859000064 53.082930916000066)
3179,11,2018,7,2,11,2,6,3,1,0,1,0,0,0,0,0,8.824797974000035,53.08458365700005,Schwachhausen,Bürgerpark,POINT (8.824797974000035 53.08458365700005)
3180,11,2018,8,3,22,3,5,6,1,1,0,0,0,0,2,0,8.779326953000066,53.06882611700007,Neustadt,Hohentor,POINT (8.779326953000066 53.06882611700007)
3181,12,2018,8,6,14,3,5,3,1,1,0,0,0,0,0,1,8.603177241000026,53.53107179300008,Geestemünde,Buschkämpen,POINT (8.603177241000026 53.53107179300008)
3182,11,2018,7,2,11,3,5,3,1,1,0,0,0,0,0,0,8.801989713000069,53.07142506900004,Neustadt,Alte Neustadt,POINT (8.801989713000069 53.07142506900004)
3183,11,2018,8,2,15,3,0,1,1,0,0,0,0,0,0,1,8.790732496000032,53.09580507800007,Walle,Westend,POINT (8.790732496000032 53.09580507800007)
3184,11,2018,8,3,10,3,0,1,1,0,0,0,0,0,0,0,8.77070932600003,53.10200903700007,Walle,Überseestadt,POINT (8.77070932600003 53.10200903700007)
3185,11,2018,7,2,19,3,5,2,1,1,0,0,0,0,0,0,8.762302009000052,53.11435457700003,Gröpelingen,Lindenhof,POINT (8.762302009000052 53.11435457700003)
3186,12,2018,7,1,21,3,1,5,1,1,0,0,0,0,0,0,8.589375768000025,53.564641649000066,Lehe,Königsheide,POINT (8.589375768000025 53.564641649000066)
3187,11,2018,8,3,3,3,0,7,1,0,0,0,0,0,2,0,8.828055076000055,53.07244088600004,Östliche Vorstadt,Steintor,POINT (8.828055076000055 53.07244088600004)
3188,11,2018,8,5,19,3,5,2,1,0,0,0,0,1,0,0,8.584403482000027,53.18138272500005,Blumenthal,Blumenthal,POINT (8.584403482000027 53.18138272500005)
3189,11,2018,8,5,19,2,0,1,1,0,0,0,0,0,1,1,8.833732369000074,53.08646104700006,Schwachhausen,Schwachhausen,POINT (8.833732369000074 53.08646104700006)
3190,11,2018,8,3,7,3,0,6,1,0,0,0,0,0,0,0,8.898605689000021,53.043506671000046,Hemelingen,Hemelingen,POINT (8.898605689000021 53.043506671000046)
3191,11,2018,8,5,17,3,5,3,1,1,0,0,0,0,0,0,8.770257538000067,53.09311670200003,Walle,Überseestadt,POINT (8.770257538000067 53.09311670200003)
3192,12,2018,7,7,17,3,5,3,1,1,0,0,0,0,0,0,8.638427453000077,53.519648636000056,Surheide,Schiffdorferdamm,POINT (8.638427453000077 53.519648636000056)
3193,11,2018,7,7,14,3,1,5,1,1,0,0,0,0,0,0,8.87180756400005,53.06246332500007,Hemelingen,Hastedt,POINT (8.87180756400005 53.06246332500007)
3194,11,2018,8,5,8,3,8,1,1,0,0,0,0,0,0,0,8.638989042000048,53.173211191000064,Vegesack,Schönebeck,POINT (8.638989042000048 53.173211191000064)
3195,11,2018,7,7,13,3,3,7,1,0,0,0,0,0,0,0,8.841813254000044,53.09647373200005,Schwachhausen,Neu-Schwachhausen,POINT (8.841813254000044 53.09647373200005)
3196,11,2018,7,7,8,3,3,2,1,1,0,0,0,0,0,0,8.624508770000034,53.17719368600007,Vegesack,Vegesack,POINT (8.624508770000034 53.17719368600007)
3197,11,2018,8,5,10,2,5,2,1,1,0,0,0,0,0,0,8.87585193700005,53.08181366700006,Vahr,Gartenstadt Vahr,POINT (8.87585193700005 53.08181366700006)
3198,11,2018,7,7,11,3,1,7,1,1,0,0,0,0,0,0,8.84426041200004,53.078049012000065,Schwachhausen,Gete,POINT (8.84426041200004 53.078049012000065)
3199,11,2018,7,7,8,3,5,3,1,1,0,0,0,0,0,0,8.75166160300006,53.122342668000044,Gröpelingen,Ohlenhof,POINT (8.75166160300006 53.122342668000044)
3200,12,2018,7,6,9,3,0,7,1,0,0,0,0,0,0,0,8.597097478000023,53.52331008400006,Geestemünde,Buschkämpen,POINT (8.597097478000023 53.52331008400006)
3201,11,2018,8,1,10,3,5,3,1,1,0,0,0,0,0,0,8.877687718000061,53.082528618000026,Schwachhausen,Radio Bremen,POINT (8.877687718000061 53.082528618000026)
3202,11,2018,8,3,15,3,5,3,1,1,0,0,0,0,0,0,8.886660446000064,53.079184120000036,Vahr,Neue Vahr Südwest,POINT (8.886660446000064 53.079184120000036)
3203,11,2018,7,6,10,3,5,3,1,1,0,0,0,0,0,0,8.80285440800003,53.101374760000056,Findorff,Weidedamm,POINT (8.80285440800003 53.101374760000056)
3204,11,2018,8,4,19,3,7,1,1,0,0,0,0,0,0,0,8.633914012000048,53.18251259900006,Vegesack,Aumund-Hammersbeck,POINT (8.633914012000048 53.18251259900006)
3205,11,2018,7,6,0,2,7,7,1,0,0,0,0,0,2,0,8.78121365100003,53.087854847000074,Walle,Überseestadt,POINT (8.78121365100003 53.087854847000074)
3206,11,2018,8,2,18,3,5,3,1,1,0,0,0,0,1,1,8.847640452000064,53.04919238700006,Obervieland,Habenhausen,POINT (8.847640452000064 53.04919238700006)
3207,11,2018,7,6,14,3,5,3,1,1,0,0,0,0,0,0,8.752014787000064,53.12211109900005,Gröpelingen,Ohlenhof,POINT (8.752014787000064 53.12211109900005)
3208,11,2018,8,4,14,3,4,6,1,0,0,0,0,0,0,0,8.83750952400004,53.037784593000026,Obervieland,Arsten,POINT (8.83750952400004 53.037784593000026)
3209,11,2018,7,6,13,3,5,3,1,1,0,0,0,0,0,0,8.929492566000022,53.05907453000003,Osterholz,Osterholz,POINT (8.929492566000022 53.05907453000003)
3210,11,2018,7,5,17,3,5,2,1,1,0,0,0,0,0,0,8.805661549000035,53.08340057500004,Mitte,Bahnhofsvorstadt,POINT (8.805661549000035 53.08340057500004)
3211,11,2018,7,5,13,3,5,3,1,1,0,0,0,0,0,0,8.750121991000071,53.12589783300007,Gröpelingen,Ohlenhof,POINT (8.750121991000071 53.12589783300007)
3212,11,2018,8,2,16,3,2,3,1,1,0,0,0,0,0,1,8.882919773000026,53.10071635000003,Horn-Lehe,Lehe,POINT (8.882919773000026 53.10071635000003)
3213,11,2018,8,4,13,3,5,2,1,1,0,0,0,0,0,0,8.813288690000036,53.085617299000035,Findorff,Findorff-Bürgerweide,POINT (8.813288690000036 53.085617299000035)
3214,12,2018,8,7,15,3,5,3,1,1,0,0,0,0,0,1,8.593119428000023,53.55662438600007,Lehe,Königsheide,POINT (8.593119428000023 53.55662438600007)
3215,12,2018,8,7,14,3,1,5,1,1,0,0,0,0,0,0,8.609652624000034,53.50779669000008,Wulsdorf,Geestemünde-Süd,POINT (8.609652624000034 53.50779669000008)
3216,11,2018,7,5,11,3,5,3,1,1,0,0,0,0,0,0,8.781937277000054,53.096381276000045,Walle,Steffensweg,POINT (8.781937277000054 53.096381276000045)
3217,12,2018,9,4,9,3,5,3,1,1,0,0,0,0,0,1,8.578669916000024,53.582821393000074,Lehe,Königsheide,POINT (8.578669916000024 53.582821393000074)
3218,11,2018,9,4,15,3,5,3,1,1,0,0,0,0,0,0,8.888055386000076,53.06875518100003,Hemelingen,Sebaldsbrück,POINT (8.888055386000076 53.06875518100003)
3219,11,2018,10,3,12,3,5,2,1,1,0,0,0,0,0,0,8.57429849600004,53.200559258000055,Blumenthal,Lüssum-Bockhorn,POINT (8.57429849600004 53.200559258000055)
3220,12,2018,9,4,11,3,0,7,1,0,0,0,0,0,0,1,8.54659811700003,53.58145063900008,Häfen,Speckenbüttel,POINT (8.54659811700003 53.58145063900008)
3221,11,2018,10,2,22,3,0,1,1,0,0,0,0,0,2,0,8.887281118000033,53.05626641400005,Hemelingen,Hemelingen,POINT (8.887281118000033 53.05626641400005)
3222,11,2018,9,4,9,3,0,7,1,0,0,0,0,1,0,0,8.800939765000066,53.06722238000003,Neustadt,Buntentor,POINT (8.800939765000066 53.06722238000003)
3223,11,2018,9,3,17,2,1,5,1,1,0,0,0,0,0,0,8.831747688000064,53.07113549300004,Östliche Vorstadt,Steintor,POINT (8.831747688000064 53.07113549300004)
3224,11,2018,9,5,18,3,5,3,1,1,0,0,0,0,0,0,8.872992106000027,53.08475883400007,Schwachhausen,Radio Bremen,POINT (8.872992106000027 53.08475883400007)
3225,11,2018,9,4,6,3,5,3,1,0,0,0,0,0,2,1,8.803428694000047,53.08031394200003,Mitte,Altstadt,POINT (8.803428694000047 53.08031394200003)
3226,11,2018,10,6,9,3,5,3,1,1,0,0,0,0,0,0,8.802868353000065,53.10136896900008,Findorff,Weidedamm,POINT (8.802868353000065 53.10136896900008)
3227,11,2018,9,4,7,3,6,4,1,0,1,0,0,0,0,1,8.818443433000027,53.08000040400003,Mitte,Bahnhofsvorstadt,POINT (8.818443433000027 53.08000040400003)
3228,11,2018,9,2,12,3,5,3,1,1,0,0,0,0,0,1,8.804144321000024,53.07239514500003,Neustadt,Alte Neustadt,POINT (8.804144321000024 53.07239514500003)
3229,11,2018,9,6,13,3,5,3,1,0,0,0,1,0,0,0,8.742589547000023,53.11682848300006,Häfen,Industriehäfen,POINT (8.742589547000023 53.11682848300006)
3230,11,2018,9,4,14,3,4,1,1,1,0,0,0,0,0,1,8.903781724000055,53.05976889800007,Hemelingen,Sebaldsbrück,POINT (8.903781724000055 53.05976889800007)
3231,11,2018,8,5,8,3,5,3,1,1,0,0,0,0,0,1,8.864192100000025,53.099127242000066,Horn-Lehe,Lehe,POINT (8.864192100000025 53.099127242000066)
3232,11,2018,9,4,12,3,5,3,1,1,0,0,0,0,0,1,8.622561354000027,53.169420511000055,Vegesack,Vegesack,POINT (8.622561354000027 53.169420511000055)
3233,12,2018,9,2,11,3,1,7,1,1,0,0,0,0,0,0,8.592259376000072,53.55917694800007,Lehe,Königsheide,POINT (8.592259376000072 53.55917694800007)
3234,11,2018,10,6,14,3,5,3,1,1,0,0,0,0,0,0,8.961572796000041,53.06674799600006,Osterholz,Tenever,POINT (8.961572796000041 53.06674799600006)
3235,11,2018,10,7,17,3,0,7,1,0,0,0,0,0,0,0,8.892316209000057,53.09950239500006,Horn-Lehe,Lehesterdeich,POINT (8.892316209000057 53.09950239500006)
3236,12,2018,9,3,14,3,5,2,1,0,0,0,0,1,0,0,8.56904058300006,53.55177520500007,Mitte,Weddewarden,POINT (8.56904058300006 53.55177520500007)
3237,11,2018,9,4,18,3,5,3,1,1,0,0,0,0,0,0,8.891677774000073,53.06295222000006,Hemelingen,Sebaldsbrück,POINT (8.891677774000073 53.06295222000006)
3238,11,2018,10,2,7,3,5,2,1,1,0,0,0,0,0,0,8.943746860000033,53.05829780200003,Osterholz,Ellenerbrok-Schevemoor,POINT (8.943746860000033 53.05829780200003)
3239,12,2018,9,3,14,3,5,2,1,1,0,0,0,0,0,0,8.592791315000056,53.55884035100007,Lehe,Königsheide,POINT (8.592791315000056 53.55884035100007)
3240,11,2018,10,2,5,3,1,5,1,1,0,0,0,0,2,1,8.87437514000004,53.06330464300004,Hemelingen,Hastedt,POINT (8.87437514000004 53.06330464300004)
3241,12,2018,9,3,14,3,3,6,1,1,0,0,0,0,0,0,8.592810342000064,53.55882936800003,Lehe,Königsheide,POINT (8.592810342000064 53.55882936800003)
3242,11,2018,9,2,8,3,5,2,1,0,0,0,0,0,0,0,8.735533416000067,53.055313977000026,Huchting,Mittelshuchting,POINT (8.735533416000067 53.055313977000026)
3243,11,2018,9,4,14,3,5,3,1,1,0,0,0,0,0,0,8.770266323000044,53.093112218000044,Walle,Überseestadt,POINT (8.770266323000044 53.093112218000044)
3244,12,2018,9,3,16,2,5,3,1,1,0,0,0,0,0,0,8.580797494000024,53.539552695000054,Mitte,Weddewarden,POINT (8.580797494000024 53.539552695000054)
3245,12,2018,9,3,12,2,5,3,1,1,0,0,0,0,0,0,8.588599699000042,53.53564106400006,Geestemünde,Buschkämpen,POINT (8.588599699000042 53.53564106400006)
3246,11,2018,10,7,14,3,3,6,1,0,0,0,0,0,0,0,8.809421446000044,53.16054722600006,unbekannt,Blockland,POINT (8.809421446000044 53.16054722600006)
3247,11,2018,9,4,7,3,0,3,1,1,0,0,0,0,0,0,8.796544634000043,53.07936663700008,Mitte,Altstadt,POINT (8.796544634000043 53.07936663700008)
3248,11,2018,9,7,21,3,0,7,1,0,0,0,0,0,2,0,8.812852689000067,53.07337451500007,Mitte,Altstadt,POINT (8.812852689000067 53.07337451500007)
3249,11,2018,9,3,13,3,1,1,1,1,0,0,0,0,0,0,8.613412579000055,53.18541372800007,Vegesack,Aumund-Hammersbeck,POINT (8.613412579000055 53.18541372800007)
3250,11,2018,9,1,17,3,5,3,1,1,0,0,0,0,0,0,8.76141328500006,53.12324029800004,Gröpelingen,Ohlenhof,POINT (8.76141328500006 53.12324029800004)
3251,11,2018,9,3,15,3,6,4,1,0,1,0,0,0,0,0,8.80691732300005,53.081845255000076,Mitte,Bahnhofsvorstadt,POINT (8.80691732300005 53.081845255000076)
3252,12,2018,10,7,14,3,3,6,1,1,0,0,0,0,0,0,8.597868591000065,53.57999281500008,Lehe,Königsheide,POINT (8.597868591000065 53.57999281500008)
3253,11,2018,9,7,12,3,5,3,1,1,0,0,0,0,0,0,8.882046118000062,53.07909772900007,Vahr,Neue Vahr Südwest,POINT (8.882046118000062 53.07909772900007)
3254,11,2018,10,3,14,3,5,2,1,0,0,0,1,0,0,1,8.716486022000026,53.13449235000007,Häfen,Industriehäfen,POINT (8.716486022000026 53.13449235000007)
3255,12,2018,9,2,15,3,6,7,1,0,1,0,0,0,0,0,8.592824528000051,53.558167411000056,Lehe,Königsheide,POINT (8.592824528000051 53.558167411000056)
3256,11,2018,9,4,7,3,5,3,1,1,0,0,0,0,0,0,8.824115473000063,53.03380266100004,Obervieland,Kattenturm,POINT (8.824115473000063 53.03380266100004)
3257,11,2018,9,2,18,3,5,3,1,1,0,0,0,0,0,0,8.770313466000061,53.09323756100008,Walle,Überseestadt,POINT (8.770313466000061 53.09323756100008)
3258,11,2018,9,1,18,3,5,3,1,1,0,0,0,0,0,0,8.853784520000033,53.090339966000045,Schwachhausen,Riensberg,POINT (8.853784520000033 53.090339966000045)
3259,11,2018,9,2,13,3,5,3,1,0,0,0,0,0,0,0,8.82772932000006,53.07996489300007,Schwachhausen,Barkhof,POINT (8.82772932000006 53.07996489300007)
3260,11,2018,10,3,10,3,1,5,1,0,0,0,0,1,0,0,8.831974952000053,53.07106330700003,Östliche Vorstadt,Steintor,POINT (8.831974952000053 53.07106330700003)
3261,11,2018,9,2,14,3,0,4,1,0,1,0,0,0,0,0,8.87958049100007,53.10153827000005,Horn-Lehe,Lehe,POINT (8.87958049100007 53.10153827000005)
3262,11,2018,9,2,17,3,1,7,1,1,0,0,0,0,0,0,8.836956678000035,53.03229095800003,Obervieland,Arsten,POINT (8.836956678000035 53.03229095800003)
3263,12,2018,10,3,10,3,6,7,1,0,1,0,0,0,0,0,8.60396582200002,53.52636934000003,Geestemünde,Buschkämpen,POINT (8.60396582200002 53.52636934000003)
3264,11,2018,10,6,14,3,0,7,1,0,1,0,0,0,0,0,8.809485405000032,53.077412940000045,Mitte,Altstadt,POINT (8.809485405000032 53.077412940000045)
3265,11,2018,10,2,14,3,5,3,1,0,0,0,0,1,0,1,8.812296634000063,53.09568973900008,Findorff,Weidedamm,POINT (8.812296634000063 53.09568973900008)
3266,11,2018,9,3,10,2,0,7,1,0,0,0,0,0,0,0,8.870459881000045,53.09850184000004,Horn-Lehe,Lehe,POINT (8.870459881000045 53.09850184000004)
3267,11,2018,9,1,23,3,6,4,1,0,1,0,0,0,2,0,8.63347045200004,53.18209907800008,Vegesack,Aumund-Hammersbeck,POINT (8.63347045200004 53.18209907800008)
3268,11,2018,10,2,16,3,3,6,1,0,0,0,1,0,0,0,8.844184054000038,53.07533270500005,Östliche Vorstadt,Hulsberg,POINT (8.844184054000038 53.07533270500005)
3269,11,2018,9,5,15,3,5,3,1,0,0,1,0,0,0,0,8.809242224000059,53.06337405100004,Neustadt,Buntentor,POINT (8.809242224000059 53.06337405100004)
3270,11,2018,9,2,9,3,6,4,1,0,1,0,0,0,0,0,8.809920565000027,53.08873580200003,Findorff,Findorff-Bürgerweide,POINT (8.809920565000027 53.08873580200003)
3271,12,2018,9,4,5,3,5,3,1,1,0,0,0,0,2,0,8.563735215000065,53.588662054000054,Lehe,Königsheide,POINT (8.563735215000065 53.588662054000054)
3272,11,2018,10,6,6,3,0,1,1,0,0,0,0,0,1,0,8.882456743000034,53.05777345200005,Hemelingen,Hemelingen,POINT (8.882456743000034 53.05777345200005)
3273,11,2018,9,1,4,2,0,7,1,0,0,0,0,0,2,0,8.785539953000068,53.08317787500005,Walle,Überseestadt,POINT (8.785539953000068 53.08317787500005)
3274,12,2018,10,1,16,3,5,2,1,1,0,0,0,0,0,0,8.59420050400007,53.53920465400006,Geestemünde,Buschkämpen,POINT (8.59420050400007 53.53920465400006)
3275,12,2018,9,7,13,3,6,4,1,0,1,0,0,0,0,0,8.579768091000062,53.54135406300003,Mitte,Weddewarden,POINT (8.579768091000062 53.54135406300003)
3276,11,2018,9,2,7,3,5,3,1,1,0,0,0,0,0,0,8.833774461000075,53.08186695400008,Schwachhausen,Schwachhausen,POINT (8.833774461000075 53.08186695400008)
3277,11,2018,10,5,15,2,6,4,1,0,1,0,0,0,0,0,8.953327862000037,53.095762198000045,unbekannt,unbekannt,POINT (8.953327862000037 53.095762198000045)
3278,11,2018,9,7,0,3,9,6,1,1,0,0,0,0,2,0,8.912647005000053,53.09849025700004,unbekannt,unbekannt,POINT (8.912647005000053 53.09849025700004)
3279,11,2018,10,3,12,3,5,2,1,1,0,0,0,0,0,1,8.817702391000068,53.06992458700006,Mitte,Ostertor,POINT (8.817702391000068 53.06992458700006)
3280,11,2018,9,7,11,3,2,6,1,1,0,0,0,0,0,0,8.83214115800007,53.06864092200004,Östliche Vorstadt,Peterswerder,POINT (8.83214115800007 53.06864092200004)
3281,12,2018,10,5,18,2,5,3,1,1,0,0,0,0,0,0,8.581960423000055,53.584116331000075,Lehe,Königsheide,POINT (8.581960423000055 53.584116331000075)
3282,11,2018,9,7,12,3,0,1,1,0,0,0,0,0,0,0,8.563042020000069,53.19545989900007,Blumenthal,Lüssum-Bockhorn,POINT (8.563042020000069 53.19545989900007)
3283,11,2018,10,7,20,3,6,4,1,0,1,0,0,0,2,0,8.824853081000072,53.07304906200005,Östliche Vorstadt,Steintor,POINT (8.824853081000072 53.07304906200005)
3284,11,2018,9,7,13,3,1,5,1,1,0,0,0,0,0,0,8.824226575000068,53.08381193200006,Schwachhausen,Barkhof,POINT (8.824226575000068 53.08381193200006)
3285,11,2018,9,7,17,3,5,3,1,0,0,0,0,1,0,0,8.911348364000048,53.07843763500006,Vahr,Neue Vahr Südost,POINT (8.911348364000048 53.07843763500006)
3286,11,2018,10,4,17,3,5,2,1,1,0,0,0,0,0,0,8.792107126000076,53.073035779000065,Neustadt,Alte Neustadt,POINT (8.792107126000076 53.073035779000065)
3287,11,2018,9,6,14,3,0,3,1,1,0,0,0,0,0,1,8.80329604700006,53.08004130200004,Mitte,Altstadt,POINT (8.80329604700006 53.08004130200004)
3288,11,2018,9,7,15,3,0,7,1,0,0,0,0,0,0,0,8.831924055000059,53.071079473000054,Östliche Vorstadt,Steintor,POINT (8.831924055000059 53.071079473000054)
3289,12,2018,10,6,12,3,0,7,1,1,0,0,0,0,0,0,8.618566753000039,53.529076933000056,Geestemünde,Buschkämpen,POINT (8.618566753000039 53.529076933000056)
3290,11,2018,9,4,7,3,3,6,1,0,0,0,0,0,0,0,8.83395501700005,53.077324341000065,Östliche Vorstadt,Fesenfeld,POINT (8.83395501700005 53.077324341000065)
3291,11,2018,10,7,18,3,0,7,1,0,0,0,0,0,1,0,8.813661000000025,53.08060687200003,Mitte,Bahnhofsvorstadt,POINT (8.813661000000025 53.08060687200003)
3292,11,2018,9,6,7,3,5,3,1,1,0,0,0,0,0,0,8.825106532000063,53.084188545000075,Schwachhausen,Bürgerpark,POINT (8.825106532000063 53.084188545000075)
3293,11,2018,10,3,16,3,2,6,1,1,0,0,0,0,0,0,8.871765096000047,53.09143614700008,Horn-Lehe,Horn,POINT (8.871765096000047 53.09143614700008)
3294,11,2018,9,6,9,3,3,6,1,1,0,0,0,0,0,0,8.921117023000022,53.037610991000065,Hemelingen,Arbergen,POINT (8.921117023000022 53.037610991000065)
3295,11,2018,9,6,12,3,5,3,1,1,0,0,0,0,0,1,8.704695255000047,53.154640603000075,Burglesum,Burg-Grambke,POINT (8.704695255000047 53.154640603000075)
3296,11,2018,9,6,12,3,0,1,1,0,0,0,0,0,0,0,8.83156518100003,53.081284072000074,Schwachhausen,Schwachhausen,POINT (8.83156518100003 53.081284072000074)
3297,11,2018,9,5,17,3,5,3,1,1,0,0,0,0,0,0,8.656489330000056,53.17460881000005,Burglesum,St.Magnus,POINT (8.656489330000056 53.17460881000005)
3298,11,2018,9,6,7,3,5,3,1,1,0,0,0,0,0,0,8.604289228000027,53.176847707000036,Vegesack,Fähr-Lobbendorf,POINT (8.604289228000027 53.176847707000036)
3299,11,2018,9,2,8,3,0,1,1,0,0,0,0,0,0,1,8.875225886000067,53.08243413400004,Schwachhausen,Radio Bremen,POINT (8.875225886000067 53.08243413400004)
3300,11,2018,9,6,20,3,5,3,1,1,0,0,0,0,1,0,8.824427355000068,53.08426083200004,Schwachhausen,Barkhof,POINT (8.824427355000068 53.08426083200004)
3301,12,2018,9,2,8,3,5,2,1,1,0,0,0,0,0,1,8.59778252700005,53.579861823000044,Lehe,Königsheide,POINT (8.59778252700005 53.579861823000044)
3302,11,2018,9,6,21,3,5,3,1,1,0,0,0,0,2,0,8.748457278000046,53.085336615000074,Häfen,Neustädter Hafen,POINT (8.748457278000046 53.085336615000074)
3303,11,2018,9,6,15,3,5,2,1,1,0,0,0,0,0,1,8.618357057000026,53.19122397600006,Vegesack,Aumund-Hammersbeck,POINT (8.618357057000026 53.19122397600006)
3304,11,2018,9,6,17,3,5,3,1,1,0,0,0,0,0,0,8.755381816000067,53.119147300000066,Gröpelingen,Ohlenhof,POINT (8.755381816000067 53.119147300000066)
3305,11,2018,9,3,20,3,0,1,1,0,0,0,0,0,2,0,8.829330189000075,53.06878371400006,Östliche Vorstadt,Steintor,POINT (8.829330189000075 53.06878371400006)
3306,11,2018,9,6,17,2,6,4,1,0,1,0,0,0,0,0,8.952205758000048,53.06560142100005,Osterholz,Tenever,POINT (8.952205758000048 53.06560142100005)
3307,11,2018,9,2,18,3,5,3,1,1,0,0,0,0,0,1,8.740721008000037,53.05268294200005,Huchting,Kirchhuchting,POINT (8.740721008000037 53.05268294200005)
3308,11,2018,10,1,15,3,5,2,1,1,0,0,0,0,0,0,8.808856684000034,53.083074949000036,Mitte,Bahnhofsvorstadt,POINT (8.808856684000034 53.083074949000036)
3309,11,2018,9,4,14,3,5,2,1,1,0,0,0,0,0,0,8.786209577000022,53.103062124000076,Walle,Walle,POINT (8.786209577000022 53.103062124000076)
3310,11,2018,9,1,18,2,0,7,1,0,0,0,0,0,0,0,8.76551031300005,53.082414407000044,Woltmershausen,Woltmershausen,POINT (8.76551031300005 53.082414407000044)
3311,12,2018,9,5,7,3,5,3,1,1,0,0,0,0,0,0,8.60823305200006,53.57450720300005,Lehe,Königsheide,POINT (8.60823305200006 53.57450720300005)
3312,12,2018,10,7,16,3,3,6,1,1,0,0,0,0,0,0,8.595374587000038,53.55174957600008,Geestemünde,Buschkämpen,POINT (8.595374587000038 53.55174957600008)
3313,11,2018,9,2,10,3,5,3,1,1,0,0,0,0,0,0,8.857395226000051,53.08051737000005,Schwachhausen,Gete,POINT (8.857395226000051 53.08051737000005)
3314,11,2018,10,4,11,3,6,4,1,0,1,0,0,1,0,0,8.78011218000006,53.09920952700003,Walle,Walle,POINT (8.78011218000006 53.09920952700003)
3315,11,2018,9,5,12,3,5,2,1,0,0,0,0,1,0,0,8.943904016000033,53.03798752600005,Hemelingen,Mahndorf,POINT (8.943904016000033 53.03798752600005)
3316,11,2018,9,4,17,3,5,3,1,1,0,0,0,0,0,0,8.825038134000067,53.08458189500004,Schwachhausen,Bürgerpark,POINT (8.825038134000067 53.08458189500004)
3317,11,2018,9,5,16,3,3,6,1,1,0,0,0,0,0,0,8.938311811000062,53.08143914600004,unbekannt,unbekannt,POINT (8.938311811000062 53.08143914600004)
3318,11,2018,10,7,17,3,5,3,1,1,0,0,0,0,0,0,8.838202491000061,53.067748134000055,Östliche Vorstadt,Peterswerder,POINT (8.838202491000061 53.067748134000055)
3319,11,2018,9,5,15,3,5,3,1,1,0,0,0,0,0,1,8.571859543000073,53.196092744000055,Blumenthal,Lüssum-Bockhorn,POINT (8.571859543000073 53.196092744000055)
3320,11,2018,9,6,8,2,4,6,1,0,0,0,0,0,0,0,8.870726252000054,53.09847968200006,Horn-Lehe,Lehe,POINT (8.870726252000054 53.09847968200006)
3321,11,2018,9,5,15,2,4,6,1,0,0,0,0,0,0,0,8.850957899000036,53.04534251300004,Obervieland,Habenhausen,POINT (8.850957899000036 53.04534251300004)
3322,11,2018,10,5,11,3,4,1,1,0,0,0,0,1,0,0,8.796875328000056,53.09466998700003,Findorff,Regensburger Str.,POINT (8.796875328000056 53.09466998700003)
3323,11,2018,10,3,17,3,5,2,1,1,0,0,0,0,0,1,8.853314428000033,53.08292764200007,Schwachhausen,Radio Bremen,POINT (8.853314428000033 53.08292764200007)
3324,11,2018,9,4,8,3,3,2,1,0,0,0,0,1,0,0,8.837377334000053,53.037849591000054,Obervieland,Arsten,POINT (8.837377334000053 53.037849591000054)