,UKREIS,UJAHR,UMONAT,UWOCHENTAG,USTUNDE,UKATEGORIE,UART,UTYP1,IstRad,IstPKW,IstFuss,IstKrad,IstGkfz,IstSonstig,ULICHTVERH,STRZUSTAND,longitude,latitude,Stadtteil,Ortsteil,geometry
3481,11,2018,11,1,11,3,0,7,1,0,0,0,0,0,0,1,8.827789205000045,53.07252575200005,Östliche Vorstadt,Steintor,POINT (8.827789205000045 53.07252575200005)
3482,11,2018,10,4,7,3,5,3,1,1,0,0,0,0,0,1,8.860693340000068,53.07916485700008,Schwachhausen,Gete,POINT (8.860693340000068 53.07916485700008)
3483,11,2018,11,4,12,3,5,3,1,1,0,0,0,0,0,0,8.740816520000067,53.05307426000007,Huchting,Mittelshuchting,POINT (8.740816520000067 53.05307426000007)
3484,11,2018,10,4,10,3,4,2,1,1,0,0,0,0,0,1,8.805185195000035,53.09359734100008,Findorff,Regensburger Str.,POINT (8.805185195000035 53.09359734100008)
3485,11,2018,10,4,17,3,3,6,1,1,0,0,0,0,2,1,8.85638190700007,53.08948131600005,Schwachhausen,Riensberg,POINT (8.85638190700007 53.08948131600005)
3486,11,2018,11,3,6,2,5,3,1,1,0,0,0,0,2,1,8.845708383000044,53.03314046500003,Obervieland,Arsten,POINT (8.845708383000044 53.03314046500003)
3487,11,2018,12,5,23,3,1,5,1,1,0,0,0,0,2,1,8.822975334000034,53.07368695800005,Östliche Vorstadt,Steintor,POINT (8.822975334000034 53.07368695800005)
3488,12,2018,11,5,18,3,5,3,1,1,0,0,0,0,2,0,8.593875346000061,53.57293242000003,Lehe,Königsheide,POINT (8.593875346000061 53.57293242000003)
3489,11,2018,10,4,7,3,5,3,1,1,0,0,0,0,2,1,8.824439033000033,53.08448651600003,Schwachhausen,Barkhof,POINT (8.824439033000033 53.08448651600003)
3490,11,2018,11,3,8,3,3,6,1,1,0,0,0,0,0,0,8.814155391000043,53.07781440500003,Mitte,Bahnhofsvorstadt,POINT (8.814155391000043 53.07781440500003)
3491,12,2018,10,3,8,3,5,3,1,1,0,0,0,0,1,1,8.59499431300003,53.57021698900007,Lehe,Königsheide,POINT (8.59499431300003 53.57021698900007)
3492,11,2018,10,3,11,3,5,2,1,1,0,0,0,0,0,1,8.932317946000069,53.03882012200006,Hemelingen,Mahndorf,POINT (8.932317946000069 53.03882012200006)
3493,11,2018,11,3,8,3,5,3,1,1,0,0,0,0,0,0,8.796635266000067,53.08270903700003,Mitte,Altstadt,POINT (8.796635266000067 53.08270903700003)
3494,11,2018,12,5,7,3,5,3,1,1,0,0,0,0,0,1,8.760162151000031,53.087945380000065,Woltmershausen,Woltmershausen,POINT (8.760162151000031 53.087945380000065)
3495,11,2018,10,4,15,3,5,3,1,1,0,0,0,0,0,0,8.826426286000071,53.07081131800004,Östliche Vorstadt,Steintor,POINT (8.826426286000071 53.07081131800004)
3496,11,2018,11,3,19,3,5,3,1,1,0,0,0,0,2,0,8.80414440900006,53.07239509500005,Neustadt,Alte Neustadt,POINT (8.80414440900006 53.07239509500005)
3497,11,2018,10,3,16,3,5,3,1,1,0,0,0,0,0,1,8.856583983000064,53.082480185000065,Vahr,Gartenstadt Vahr,POINT (8.856583983000064 53.082480185000065)
3498,11,2018,11,6,12,3,6,4,1,0,1,0,0,0,0,0,8.832670854000071,53.080633858000056,Schwachhausen,Gete,POINT (8.832670854000071 53.080633858000056)
3499,11,2018,11,5,8,3,5,3,1,1,0,0,0,0,0,1,8.936763943000074,53.058663695000064,Osterholz,Osterholz,POINT (8.936763943000074 53.058663695000064)
3500,11,2018,11,2,0,3,0,7,1,0,0,0,0,0,2,1,8.836379044000068,53.070120813000074,Östliche Vorstadt,Peterswerder,POINT (8.836379044000068 53.070120813000074)
3501,11,2018,10,3,18,3,4,2,1,0,0,0,0,0,2,1,8.816479569000023,53.070174662000056,Mitte,Ostertor,POINT (8.816479569000023 53.070174662000056)
3502,11,2018,11,2,8,3,5,3,1,0,0,0,0,1,0,1,8.820246264000048,53.08106866500003,Mitte,Ostertor,POINT (8.820246264000048 53.08106866500003)
3503,11,2018,11,2,16,3,5,2,1,0,0,0,0,1,1,0,8.871036748000051,53.09869232800003,Horn-Lehe,Lehe,POINT (8.871036748000051 53.09869232800003)
3504,11,2018,12,5,21,2,0,7,1,0,0,0,0,0,2,1,8.686125024000035,53.17255402400008,Burglesum,Lesum,POINT (8.686125024000035 53.17255402400008)
3505,11,2018,10,3,23,2,5,3,1,1,0,0,0,0,2,1,8.801323672000024,53.07148975100006,Neustadt,Alte Neustadt,POINT (8.801323672000024 53.07148975100006)
3506,11,2018,12,2,16,3,5,3,1,1,0,0,0,0,2,1,8.697792110000023,53.17200073400005,Burglesum,Lesum,POINT (8.697792110000023 53.17200073400005)
3507,12,2018,11,6,5,3,5,3,1,1,0,0,0,0,2,1,8.546174970000038,53.58256883200005,Häfen,Speckenbüttel,POINT (8.546174970000038 53.58256883200005)
3508,11,2018,10,3,11,3,1,5,1,1,0,0,0,0,0,1,8.826018633000047,53.07500719700005,Östliche Vorstadt,Fesenfeld,POINT (8.826018633000047 53.07500719700005)
3509,11,2018,10,3,15,3,6,4,1,0,1,0,0,0,0,1,8.795355786000073,53.06545321700003,Neustadt,Südervorstadt,POINT (8.795355786000073 53.06545321700003)
3510,11,2018,10,2,8,2,0,3,1,1,0,0,0,0,0,1,8.821672112000044,53.08213791700007,Schwachhausen,Barkhof,POINT (8.821672112000044 53.08213791700007)
3511,11,2018,11,2,8,3,1,5,1,1,0,0,0,0,0,0,8.840911185000039,53.082992542000056,Schwachhausen,Gete,POINT (8.840911185000039 53.082992542000056)
3512,11,2018,12,7,16,3,1,5,1,1,0,0,0,0,2,0,8.607200670000054,53.18552870800005,Vegesack,Aumund-Hammersbeck,POINT (8.607200670000054 53.18552870800005)
3513,11,2018,10,2,15,3,6,4,1,0,1,0,0,0,0,0,8.796667145000072,53.103899055000056,Walle,Osterfeuerberg,POINT (8.796667145000072 53.103899055000056)
3514,11,2018,11,4,16,3,3,6,1,0,0,0,0,0,0,0,8.830267159000073,53.090453413000034,Schwachhausen,Bürgerpark,POINT (8.830267159000073 53.090453413000034)
3515,11,2018,10,2,12,3,5,3,1,1,0,0,0,0,0,0,8.79903209300005,53.069646179000074,Neustadt,Alte Neustadt,POINT (8.79903209300005 53.069646179000074)
3516,11,2018,11,5,22,3,5,3,1,1,0,0,0,0,2,0,8.787034709000068,53.08295880500003,Walle,Überseestadt,POINT (8.787034709000068 53.08295880500003)
3517,11,2018,10,2,9,3,0,1,1,1,0,0,0,0,0,1,8.828388265000058,53.08516173600003,Schwachhausen,Bürgerpark,POINT (8.828388265000058 53.08516173600003)
3518,11,2018,11,4,8,3,0,7,1,0,0,0,0,0,0,0,8.808869203000029,53.07480367200003,Mitte,Altstadt,POINT (8.808869203000029 53.07480367200003)
3519,11,2018,12,4,9,3,3,2,1,1,0,0,0,0,0,1,8.712750405000065,53.16985490700006,Burglesum,Burgdamm,POINT (8.712750405000065 53.16985490700006)
3520,11,2018,10,2,15,2,5,3,1,1,0,0,0,0,0,0,8.75795607200007,53.05802742900005,Huchting,Grolland,POINT (8.75795607200007 53.05802742900005)
3521,11,2018,10,2,7,2,5,3,1,1,0,0,0,0,2,1,8.910870845000034,53.03939412300008,Hemelingen,Arbergen,POINT (8.910870845000034 53.03939412300008)
3522,11,2018,11,6,16,3,4,2,1,1,0,0,0,0,1,0,8.96004739600005,53.05094725100008,Osterholz,Osterholz,POINT (8.96004739600005 53.05094725100008)
3523,11,2018,12,3,7,3,0,7,1,1,0,0,0,0,0,0,8.781361415000049,53.101237350000076,Walle,Walle,POINT (8.781361415000049 53.101237350000076)
3524,11,2018,11,6,12,3,5,3,1,1,0,0,0,0,0,0,8.857926593000059,53.03988640500006,Obervieland,Habenhausen,POINT (8.857926593000059 53.03988640500006)
3525,11,2018,11,6,18,3,4,6,1,0,0,0,0,0,2,0,8.81973034200007,53.08404543100005,Schwachhausen,Barkhof,POINT (8.81973034200007 53.08404543100005)
3526,11,2018,10,1,18,3,5,2,1,1,0,0,0,0,2,0,8.862477385000034,53.10676647100007,Horn-Lehe,Lehe,POINT (8.862477385000034 53.10676647100007)
3527,11,2018,10,1,14,3,5,3,1,1,0,0,0,0,0,0,8.740055274000042,53.05141966200006,Huchting,Kirchhuchting,POINT (8.740055274000042 53.05141966200006)
3528,11,2018,12,5,19,3,5,2,1,1,0,0,0,0,2,1,8.852368991000048,53.073670812000046,Östliche Vorstadt,Hulsberg,POINT (8.852368991000048 53.073670812000046)
3529,11,2018,11,5,13,3,5,3,1,1,0,0,0,0,0,1,8.942403309000042,53.05836827300004,Osterholz,Osterholz,POINT (8.942403309000042 53.05836827300004)
3530,11,2018,10,3,8,3,5,3,1,1,0,0,0,0,0,0,8.782251171000041,53.100320242000066,Walle,Walle,POINT (8.782251171000041 53.100320242000066)
3531,12,2018,11,2,19,3,0,7,1,1,0,0,0,0,2,0,8.586178589000042,53.561929227000064,Lehe,Königsheide,POINT (8.586178589000042 53.561929227000064)
3532,11,2018,10,7,12,3,0,2,1,1,0,0,0,0,0,0,8.826169697000068,53.034341107000046,Obervieland,Kattenturm,POINT (8.826169697000068 53.034341107000046)
3533,11,2018,10,3,17,3,4,2,1,1,0,0,0,0,2,0,8.790341516000069,53.07194022700003,Neustadt,Hohentor,POINT (8.790341516000069 53.07194022700003)
3534,11,2018,11,3,18,3,3,6,1,0,0,0,0,0,2,1,8.805271643000026,53.08104040000006,Mitte,Bahnhofsvorstadt,POINT (8.805271643000026 53.08104040000006)
3535,12,2018,11,5,15,3,3,2,1,1,0,0,0,0,0,0,8.59775396300006,53.534113379000075,Geestemünde,Buschkämpen,POINT (8.59775396300006 53.534113379000075)
3536,11,2018,10,3,10,3,5,3,1,1,0,0,0,0,0,1,8.892897275000053,53.049854984000035,Hemelingen,Hemelingen,POINT (8.892897275000053 53.049854984000035)
3537,11,2018,12,2,17,3,5,3,1,0,0,0,0,0,2,1,8.82099322700003,53.08160400600008,Schwachhausen,Barkhof,POINT (8.82099322700003 53.08160400600008)
3538,12,2018,10,6,13,3,3,6,1,1,0,0,0,0,0,0,8.605894440000043,53.52318737400003,Geestemünde,Buschkämpen,POINT (8.605894440000043 53.52318737400003)
3539,11,2018,11,4,13,3,5,3,1,1,0,0,0,0,0,0,8.740760082000065,53.053064204000066,Huchting,Mittelshuchting,POINT (8.740760082000065 53.053064204000066)
3540,11,2018,11,1,11,3,5,3,1,1,0,0,0,0,0,1,8.739555880000069,53.13627729500007,Gröpelingen,Oslebshausen,POINT (8.739555880000069 53.13627729500007)
3541,11,2018,11,7,17,3,0,2,1,1,0,0,0,0,2,0,8.91606531800005,53.07117765300006,Hemelingen,Sebaldsbrück,POINT (8.91606531800005 53.07117765300006)
3542,11,2018,10,6,17,3,5,3,1,1,0,0,0,0,0,0,8.80415219300005,53.07241275700005,Neustadt,Alte Neustadt,POINT (8.80415219300005 53.07241275700005)
3543,11,2018,10,3,16,3,5,2,1,1,0,0,0,0,0,0,8.572457198000052,53.187135725000076,Blumenthal,Blumenthal,POINT (8.572457198000052 53.187135725000076)
3544,11,2018,10,6,11,3,5,2,1,1,0,0,0,0,0,0,8.88222255100004,53.100982972000054,Horn-Lehe,Lehe,POINT (8.88222255100004 53.100982972000054)
3545,11,2018,10,6,2,3,5,2,1,1,0,0,0,0,2,0,8.830953657000066,53.07141636000006,Östliche Vorstadt,Steintor,POINT (8.830953657000066 53.07141636000006)
3546,11,2018,10,6,12,3,5,2,1,1,0,0,0,0,0,0,8.892017681000027,53.04795770800007,Hemelingen,Hemelingen,POINT (8.892017681000027 53.04795770800007)
3547,11,2018,10,3,16,3,5,2,1,1,0,0,0,0,0,1,8.825097936000077,53.084192990000076,Schwachhausen,Bürgerpark,POINT (8.825097936000077 53.084192990000076)
3548,11,2018,11,5,8,2,0,7,1,0,0,0,0,0,0,0,8.816258093000044,53.056207423000046,Neustadt,Huckelriede,POINT (8.816258093000044 53.056207423000046)
3549,11,2018,12,4,7,3,0,1,1,0,0,0,0,0,1,2,8.805592681000064,53.07315667900008,Mitte,Altstadt,POINT (8.805592681000064 53.07315667900008)
3550,11,2018,10,6,12,3,5,2,1,1,0,0,0,0,0,0,8.767331585000022,53.11183271200008,Gröpelingen,Gröpelingen,POINT (8.767331585000022 53.11183271200008)
3551,11,2018,11,5,21,3,3,2,1,1,0,0,0,0,2,0,8.794086167000046,53.07434645600006,Neustadt,Alte Neustadt,POINT (8.794086167000046 53.07434645600006)
3552,11,2018,10,6,8,3,5,3,1,1,0,0,0,0,0,0,8.793407201000036,53.09287530600005,Walle,Westend,POINT (8.793407201000036 53.09287530600005)
3553,11,2018,12,6,12,3,5,3,1,1,0,0,0,0,0,1,8.849633678000032,53.08510598500004,Schwachhausen,Gete,POINT (8.849633678000032 53.08510598500004)
3554,11,2018,11,6,18,3,5,2,1,1,0,0,0,0,2,0,8.801977252000029,53.07144628300006,Neustadt,Alte Neustadt,POINT (8.801977252000029 53.07144628300006)
3555,11,2018,10,6,16,3,5,2,1,0,0,0,0,1,0,0,8.846919533000062,53.04829888200004,Obervieland,Habenhausen,POINT (8.846919533000062 53.04829888200004)
3556,11,2018,11,4,15,3,5,3,1,1,0,0,0,0,0,0,8.747222726000075,53.12624488900008,Gröpelingen,Ohlenhof,POINT (8.747222726000075 53.12624488900008)
3557,11,2018,12,3,18,3,5,3,1,1,0,0,0,0,2,0,8.842936094000038,53.08853025500008,Schwachhausen,Schwachhausen,POINT (8.842936094000038 53.08853025500008)
3558,11,2018,11,6,16,3,5,3,1,1,0,0,0,0,2,0,8.775279132000037,53.070486595000034,Woltmershausen,Woltmershausen,POINT (8.775279132000037 53.070486595000034)
3559,11,2018,11,4,18,3,4,6,1,0,0,0,0,0,2,0,8.800544982000076,53.070805879000034,Neustadt,Alte Neustadt,POINT (8.800544982000076 53.070805879000034)
3560,11,2018,11,3,7,3,5,3,1,1,0,0,0,0,1,0,8.57264245600004,53.19798559900005,Blumenthal,Lüssum-Bockhorn,POINT (8.57264245600004 53.19798559900005)
3561,11,2018,10,5,13,3,5,3,1,0,0,0,0,0,0,1,8.84692164200004,53.048301423000055,Obervieland,Habenhausen,POINT (8.84692164200004 53.048301423000055)
3562,11,2018,10,5,15,3,5,3,1,1,0,0,0,0,0,0,8.78888652300003,53.09341522400007,Walle,Westend,POINT (8.78888652300003 53.09341522400007)
3563,11,2018,12,3,9,3,5,2,1,1,0,0,0,0,0,0,8.577109456000073,53.188373332000026,Blumenthal,Blumenthal,POINT (8.577109456000073 53.188373332000026)
3564,11,2018,11,6,14,3,5,3,1,1,0,0,0,0,0,0,8.82733441800002,53.083042688000035,Schwachhausen,Barkhof,POINT (8.82733441800002 53.083042688000035)
3565,11,2018,11,5,17,3,5,2,1,1,0,0,0,0,2,1,8.794143888000065,53.10303564800006,Walle,Osterfeuerberg,POINT (8.794143888000065 53.10303564800006)
3566,11,2018,10,5,7,3,5,2,1,1,0,0,0,0,1,0,8.774298438000073,53.10149449600004,Walle,Walle,POINT (8.774298438000073 53.10149449600004)
3567,12,2018,10,4,16,3,5,2,1,1,0,0,0,0,0,0,8.591034567000065,53.54398757700005,Geestemünde,Buschkämpen,POINT (8.591034567000065 53.54398757700005)
3568,11,2018,11,3,17,3,1,5,1,1,0,0,0,0,2,0,8.786172529000055,53.10037832900008,Walle,Walle,POINT (8.786172529000055 53.10037832900008)
3569,11,2018,12,5,20,3,5,3,1,0,0,0,0,1,2,0,8.898755244000029,53.08924828700003,unbekannt,unbekannt,POINT (8.898755244000029 53.08924828700003)
3570,11,2018,10,4,16,3,5,3,1,1,0,0,0,0,0,0,8.792108865000046,53.073034903000064,Neustadt,Alte Neustadt,POINT (8.792108865000046 53.073034903000064)
3571,11,2018,11,3,18,3,5,2,1,0,0,0,0,1,2,0,8.780564985000069,53.068143633000034,Neustadt,Hohentor,POINT (8.780564985000069 53.068143633000034)
3572,11,2018,11,7,13,3,5,2,1,0,0,0,1,0,0,0,8.794164971000043,53.10318900200008,Walle,Osterfeuerberg,POINT (8.794164971000043 53.10318900200008)
3573,11,2018,10,4,15,3,5,3,1,1,0,0,0,0,0,0,8.952095624000037,53.034593837000045,Hemelingen,Mahndorf,POINT (8.952095624000037 53.034593837000045)
3574,11,2018,10,4,2,3,5,3,1,1,0,0,0,0,2,1,8.726712641000063,53.03566575000008,unbekannt,unbekannt,POINT (8.726712641000063 53.03566575000008)
3575,11,2018,10,4,16,3,6,6,1,0,1,0,0,0,0,0,8.888546549000068,53.05826607400007,Hemelingen,Hemelingen,POINT (8.888546549000068 53.05826607400007)
3576,11,2018,11,2,15,3,0,6,1,0,0,0,1,0,0,1,8.707513681000023,53.17156468100006,Burglesum,Burgdamm,POINT (8.707513681000023 53.17156468100006)
3577,12,2018,10,3,10,2,5,3,1,1,0,0,0,0,0,0,8.586105771000064,53.56436353600003,Lehe,Königsheide,POINT (8.586105771000064 53.56436353600003)
3578,11,2018,12,4,8,3,5,2,1,0,0,0,1,0,0,1,8.808582631000036,53.08291992000005,Mitte,Bahnhofsvorstadt,POINT (8.808582631000036 53.08291992000005)
3579,12,2018,10,3,8,3,3,2,1,1,0,0,0,0,0,0,8.56905028500006,53.551618878000056,Mitte,Weddewarden,POINT (8.56905028500006 53.551618878000056)
3580,11,2018,10,2,13,2,5,3,1,0,0,0,0,0,0,0,8.79974648600006,53.07294203200007,Neustadt,Alte Neustadt,POINT (8.79974648600006 53.07294203200007)
3581,12,2018,10,3,11,3,0,1,1,0,0,0,0,0,0,0,8.574703536000072,53.544489515000066,Mitte,Weddewarden,POINT (8.574703536000072 53.544489515000066)
3582,12,2018,11,3,15,3,5,3,1,1,0,0,0,0,0,0,8.547678868000048,53.58112010800005,Häfen,Speckenbüttel,POINT (8.547678868000048 53.58112010800005)
3583,11,2018,11,2,20,3,1,5,1,1,0,0,0,0,1,0,8.611328351000054,53.17525884100007,Vegesack,Fähr-Lobbendorf,POINT (8.611328351000054 53.17525884100007)
3584,11,2018,12,2,15,3,0,2,1,1,0,0,0,0,0,1,8.880992078000077,53.10142826600003,Horn-Lehe,Lehe,POINT (8.880992078000077 53.10142826600003)
3585,12,2018,10,3,15,3,5,3,1,1,0,0,0,0,0,0,8.611332859000072,53.588212429000066,Leherheide,Fehmoor,POINT (8.611332859000072 53.588212429000066)
3586,11,2018,11,5,15,3,6,4,1,0,1,0,0,0,0,0,8.815201018000039,53.05177301800006,Neustadt,Huckelriede,POINT (8.815201018000039 53.05177301800006)
3587,11,2018,12,4,10,2,0,7,1,0,0,0,0,0,0,2,8.877906421000034,53.08254390700006,Vahr,Neue Vahr Nord,POINT (8.877906421000034 53.08254390700006)
3588,11,2018,10,3,17,2,5,3,1,1,0,0,0,0,0,0,8.81118869200003,53.07236655300005,Mitte,Altstadt,POINT (8.81118869200003 53.07236655300005)
3589,11,2018,10,3,15,3,1,5,1,1,0,0,0,0,0,0,8.61321530300006,53.183935372000064,Vegesack,Fähr-Lobbendorf,POINT (8.61321530300006 53.183935372000064)
3590,12,2018,12,5,14,3,5,2,1,1,0,0,0,0,0,1,8.58590348100006,53.55925102700007,Lehe,Königsheide,POINT (8.58590348100006 53.55925102700007)
3591,11,2018,10,3,17,3,1,5,1,1,0,0,0,0,0,0,8.878528111000037,53.06530285600007,Hemelingen,Hastedt,POINT (8.878528111000037 53.06530285600007)
3592,11,2018,11,5,8,3,5,2,1,1,0,0,0,0,0,1,8.801315654000064,53.07149408300006,Neustadt,Alte Neustadt,POINT (8.801315654000064 53.07149408300006)
3593,11,2018,10,3,16,3,5,3,1,1,0,0,0,0,0,0,8.916689877000067,53.07120220200005,Osterholz,Ellener Feld,POINT (8.916689877000067 53.07120220200005)
3594,11,2018,11,7,21,3,5,3,1,1,0,0,0,0,2,1,8.825087680000024,53.08419829200005,Schwachhausen,Bürgerpark,POINT (8.825087680000024 53.08419829200005)
3595,12,2018,10,2,8,3,5,2,1,1,0,0,0,0,0,0,8.593688782000072,53.56170774000003,Lehe,Königsheide,POINT (8.593688782000072 53.56170774000003)
3596,12,2018,10,2,6,2,5,3,1,1,0,0,0,0,2,0,8.601939019000042,53.57027328600003,Lehe,Königsheide,POINT (8.601939019000042 53.57027328600003)
3597,11,2018,11,3,7,3,4,2,1,1,0,0,0,0,1,0,8.852307566000036,53.07368382100003,Östliche Vorstadt,Hulsberg,POINT (8.852307566000036 53.07368382100003)
3598,12,2018,10,2,7,3,0,7,1,0,0,0,0,0,0,0,8.625338412000076,53.59332848000008,Leherheide,Fehmoor,POINT (8.625338412000076 53.59332848000008)
3599,12,2018,11,5,15,3,5,3,1,1,0,0,0,0,0,0,8.59764218600003,53.57267250000007,Lehe,Königsheide,POINT (8.59764218600003 53.57267250000007)
3600,12,2018,10,2,11,2,5,2,1,1,0,0,0,0,0,0,8.595300203000022,53.511279254000044,Wulsdorf,Geestemünde-Süd,POINT (8.595300203000022 53.511279254000044)
3601,11,2018,11,5,17,3,3,2,1,0,0,0,0,1,2,0,8.777443047000077,53.09540877100005,Walle,Steffensweg,POINT (8.777443047000077 53.09540877100005)
3602,11,2018,12,3,8,2,5,2,1,1,0,0,0,0,0,1,8.844921677000059,53.04578307300005,Obervieland,Habenhausen,POINT (8.844921677000059 53.04578307300005)
3603,11,2018,11,4,12,2,0,7,1,1,0,0,0,0,0,0,8.800764231000073,53.06162982300003,Neustadt,Gartenstadt Süd,POINT (8.800764231000073 53.06162982300003)
3604,11,2018,12,3,12,3,5,3,1,1,0,0,0,0,0,0,8.801972698000043,53.071454035000045,Neustadt,Alte Neustadt,POINT (8.801972698000043 53.071454035000045)
3605,11,2018,10,2,8,3,3,6,1,0,0,0,0,0,0,0,8.911569237000037,53.07122146000006,Hemelingen,Sebaldsbrück,POINT (8.911569237000037 53.07122146000006)
3606,12,2018,11,6,6,3,5,3,1,1,0,0,0,0,2,1,8.589664653000057,53.56781504300005,Lehe,Königsheide,POINT (8.589664653000057 53.56781504300005)
3607,11,2018,10,2,17,3,4,6,1,0,0,0,0,0,0,0,8.947682523000026,53.06424972000008,Osterholz,Ellenerbrok-Schevemoor,POINT (8.947682523000026 53.06424972000008)
3608,11,2018,11,3,14,3,5,3,1,1,0,0,0,0,0,0,8.82508688400003,53.084593770000026,Schwachhausen,Bürgerpark,POINT (8.82508688400003 53.084593770000026)
3609,11,2018,11,6,17,2,0,1,1,0,0,0,0,0,0,0,8.765056351000055,53.08274875700005,Woltmershausen,Woltmershausen,POINT (8.765056351000055 53.08274875700005)
3610,11,2018,12,5,16,3,5,3,1,1,0,0,0,0,2,1,8.794959711000047,53.084600763000026,Mitte,Bahnhofsvorstadt,POINT (8.794959711000047 53.084600763000026)
3611,12,2018,12,2,9,3,5,2,1,1,0,0,0,0,0,1,8.597863261000043,53.57994682800006,Lehe,Königsheide,POINT (8.597863261000043 53.57994682800006)
3612,11,2018,10,1,15,3,5,3,1,0,0,0,0,0,0,0,8.541997973000036,53.18976526600005,Blumenthal,Rönnebeck,POINT (8.541997973000036 53.18976526600005)
3613,11,2018,10,4,9,3,4,2,1,1,0,0,0,0,0,0,8.817407719000073,53.08344401100004,Schwachhausen,Barkhof,POINT (8.817407719000073 53.08344401100004)
3614,11,2018,11,2,22,3,6,4,1,0,1,0,0,0,2,1,8.830206898000029,53.08178828500007,Schwachhausen,Schwachhausen,POINT (8.830206898000029 53.08178828500007)
3615,11,2018,12,2,9,3,5,3,1,1,0,0,0,0,0,1,8.813104101000022,53.09889061000007,Findorff,Weidedamm,POINT (8.813104101000022 53.09889061000007)
3616,11,2018,12,1,10,3,5,2,1,1,0,0,0,0,0,0,8.791770811000049,53.09091568000008,Walle,Utbremen,POINT (8.791770811000049 53.09091568000008)
3617,12,2018,12,7,17,3,5,3,1,1,0,0,0,0,2,0,8.586734694000029,53.56637555000003,Lehe,Königsheide,POINT (8.586734694000029 53.56637555000003)
3618,11,2018,12,7,18,3,5,3,1,1,0,0,0,0,2,1,8.824501553000061,53.084278665000056,Schwachhausen,Barkhof,POINT (8.824501553000061 53.084278665000056)
3619,11,2018,12,7,12,3,0,1,1,0,0,0,0,0,0,1,8.578767042000038,53.18192875900007,Blumenthal,Blumenthal,POINT (8.578767042000038 53.18192875900007)
3620,12,2018,12,6,12,3,5,3,1,1,0,0,0,0,0,1,8.591878982000026,53.55903617300004,Lehe,Königsheide,POINT (8.591878982000026 53.55903617300004)
3621,11,2018,12,6,11,3,6,6,1,0,1,0,0,0,0,1,8.768935602000056,53.11645105700006,Gröpelingen,Gröpelingen,POINT (8.768935602000056 53.11645105700006)
3622,11,2018,12,5,18,2,0,7,1,0,0,0,0,0,2,1,8.80957548200007,53.09957196400006,Findorff,Weidedamm,POINT (8.80957548200007 53.09957196400006)
3623,11,2018,12,5,13,3,5,2,1,0,0,0,0,1,0,0,8.787848265000036,53.06274688000008,Neustadt,Neuenland,POINT (8.787848265000036 53.06274688000008)
3624,11,2018,12,5,15,3,1,7,1,1,0,0,0,0,0,1,8.772101024000051,53.10926607400006,Walle,Walle,POINT (8.772101024000051 53.10926607400006)
3625,11,2018,12,4,15,3,0,1,1,1,0,0,0,0,0,0,8.570571278000045,53.18215179400005,Blumenthal,Blumenthal,POINT (8.570571278000045 53.18215179400005)
3626,11,2018,12,4,19,3,6,6,1,0,1,0,0,0,2,1,8.901501091000057,53.108093763000056,Horn-Lehe,Lehesterdeich,POINT (8.901501091000057 53.108093763000056)
3627,11,2018,12,4,12,3,5,3,1,1,0,0,0,0,0,1,8.763137614000073,53.05999600100006,Huchting,Grolland,POINT (8.763137614000073 53.05999600100006)
3628,11,2018,12,2,11,3,0,3,1,1,0,0,0,0,0,0,8.909886622000045,53.03957936300003,Hemelingen,Arbergen,POINT (8.909886622000045 53.03957936300003)
3629,11,2018,12,2,9,3,0,1,1,0,0,0,0,0,0,1,8.813722398000039,53.09145464800008,Findorff,Weidedamm,POINT (8.813722398000039 53.09145464800008)
3630,11,2018,12,7,18,2,0,7,1,0,0,0,0,0,2,1,8.807843647000027,53.064216421000026,Neustadt,Buntentor,POINT (8.807843647000027 53.064216421000026)
3631,11,2018,12,6,15,3,1,7,1,1,0,0,0,0,1,1,8.813437442000065,53.08039281100008,Mitte,Bahnhofsvorstadt,POINT (8.813437442000065 53.08039281100008)
3632,11,2018,12,6,17,3,5,3,1,1,0,0,0,0,2,1,8.801609618000043,53.069775907000064,Neustadt,Alte Neustadt,POINT (8.801609618000043 53.069775907000064)
3633,11,2018,12,6,16,3,5,3,1,1,0,0,0,0,2,1,8.941101844000059,53.06749186500008,Osterholz,Ellenerbrok-Schevemoor,POINT (8.941101844000059 53.06749186500008)
3634,12,2018,12,5,13,3,5,3,1,0,0,0,1,0,0,1,8.56479289500004,53.56797659800003,Häfen,Speckenbüttel,POINT (8.56479289500004 53.56797659800003)
3635,11,2018,12,5,10,3,0,7,1,0,0,0,0,0,0,1,8.827633801000047,53.07257186100003,Östliche Vorstadt,Steintor,POINT (8.827633801000047 53.07257186100003)
3636,11,2018,12,5,16,3,0,3,1,1,0,0,0,0,1,1,8.865912660000049,53.09894911300006,Horn-Lehe,Lehe,POINT (8.865912660000049 53.09894911300006)