,UKREIS,UJAHR,UMONAT,UWOCHENTAG,USTUNDE,UKATEGORIE,UART,UTYP1,IstRad,IstPKW,IstFuss,IstKrad,IstGkfz,IstSonstig,ULICHTVERH,STRZUSTAND,longitude,latitude,Stadtteil,Ortsteil,geometry
3637,11,2018,12,5,13,3,4,6,1,0,0,0,0,0,0,1,8.81931014600002,53.07587389300005,Mitte,Ostertor,POINT (8.81931014600002 53.07587389300005)
3638,11,2018,12,5,16,3,5,3,1,1,0,0,0,0,1,1,8.572736643000042,53.18146006300003,Blumenthal,Blumenthal,POINT (8.572736643000042 53.18146006300003)
3639,11,2018,12,5,7,3,5,2,1,1,0,0,0,0,2,1,8.886361966000038,53.07152636700005,Hemelingen,Sebaldsbrück,POINT (8.886361966000038 53.07152636700005)
3640,11,2018,12,4,12,3,5,3,1,1,0,0,0,0,0,1,8.83545170900004,53.03880232800003,Obervieland,Kattenturm,POINT (8.83545170900004 53.03880232800003)
3641,11,2018,12,4,7,3,4,2,1,1,0,0,0,0,1,1,8.870969270000046,53.09845934500004,Horn-Lehe,Lehe,POINT (8.870969270000046 53.09845934500004)
3642,11,2018,12,3,16,3,3,6,1,1,0,0,0,0,1,0,8.619367149000027,53.183204586000045,Vegesack,Fähr-Lobbendorf,POINT (8.619367149000027 53.183204586000045)
3643,11,2018,12,3,16,3,5,3,1,1,0,0,0,0,1,0,8.79010084600003,53.05422191100007,Neustadt,Neuenland,POINT (8.79010084600003 53.05422191100007)
3644,11,2018,12,3,18,3,6,6,1,0,1,0,0,0,2,0,8.704516049000063,53.155464419000054,Burglesum,Burg-Grambke,POINT (8.704516049000063 53.155464419000054)
3645,12,2018,12,2,11,3,5,3,1,1,0,0,0,0,0,1,8.590426777000062,53.53977411200003,Geestemünde,Buschkämpen,POINT (8.590426777000062 53.53977411200003)
3646,11,2018,12,2,8,3,0,7,1,0,0,0,0,0,0,1,8.871001802000023,53.09843230100006,Horn-Lehe,Lehe,POINT (8.871001802000023 53.09843230100006)
3647,11,2018,12,2,13,3,5,3,1,0,0,0,0,1,0,0,8.911564387000055,53.07849732500006,Vahr,Neue Vahr Südost,POINT (8.911564387000055 53.07849732500006)
3648,11,2018,12,6,7,3,4,2,1,1,0,0,0,0,2,0,8.777153652000038,53.09592705000006,Walle,Steffensweg,POINT (8.777153652000038 53.09592705000006)
3649,11,2018,12,5,12,3,5,2,1,0,0,0,0,1,0,0,8.81759317500007,53.03900079200008,Obervieland,Kattenturm,POINT (8.81759317500007 53.03900079200008)
3650,11,2018,12,5,17,3,5,2,1,1,0,0,0,0,2,0,8.885510832000023,53.11003485200007,Horn-Lehe,Lehesterdeich,POINT (8.885510832000023 53.11003485200007)
3651,11,2018,12,5,14,3,4,6,1,0,0,0,0,0,0,1,8.83933913900006,53.034058937000054,Obervieland,Arsten,POINT (8.83933913900006 53.034058937000054)
3652,11,2018,12,5,13,3,5,3,1,0,0,0,0,1,0,0,8.796715063000022,53.08920947300004,Walle,Utbremen,POINT (8.796715063000022 53.08920947300004)
3653,12,2018,12,4,14,3,0,7,1,0,0,0,0,0,0,0,8.586074077000035,53.53610983800007,Geestemünde,Buschkämpen,POINT (8.586074077000035 53.53610983800007)
3654,11,2018,12,4,11,3,5,7,1,1,0,0,0,0,0,0,8.845070746000033,53.07163178400003,Östliche Vorstadt,Peterswerder,POINT (8.845070746000033 53.07163178400003)
3655,11,2018,12,4,11,3,0,1,1,0,0,0,0,0,0,0,8.834729386000049,53.09620782500008,Schwachhausen,Neu-Schwachhausen,POINT (8.834729386000049 53.09620782500008)
3656,11,2018,12,4,17,3,5,3,1,1,0,0,0,0,2,0,8.806701003000057,53.08982355000006,Findorff,Findorff-Bürgerweide,POINT (8.806701003000057 53.08982355000006)
3657,12,2018,12,3,5,3,5,3,1,1,0,0,0,0,2,1,8.590927923000038,53.582018282000035,Lehe,Königsheide,POINT (8.590927923000038 53.582018282000035)
3658,11,2018,12,3,15,3,5,3,1,1,0,0,0,0,1,1,8.799243148000073,53.08389461400003,Mitte,Bahnhofsvorstadt,POINT (8.799243148000073 53.08389461400003)
3659,11,2018,12,3,11,3,5,2,1,1,0,0,0,0,0,0,8.625161756000068,53.17985788200008,Vegesack,Vegesack,POINT (8.625161756000068 53.17985788200008)
3660,11,2018,12,3,11,3,5,3,1,1,0,0,0,0,0,0,8.738448873000038,53.13472897200006,Gröpelingen,Oslebshausen,POINT (8.738448873000038 53.13472897200006)
3661,11,2018,12,3,7,2,0,1,1,0,0,0,0,0,1,1,8.906883715000049,53.07144238600006,Hemelingen,Sebaldsbrück,POINT (8.906883715000049 53.07144238600006)
3662,12,2018,12,2,8,3,5,2,1,1,0,0,0,0,1,1,8.606205988000056,53.53051992600007,Geestemünde,Buschkämpen,POINT (8.606205988000056 53.53051992600007)
3663,11,2018,12,2,14,3,0,7,1,0,0,0,0,0,0,1,8.80309740000007,53.09638012600004,Findorff,Regensburger Str.,POINT (8.80309740000007 53.09638012600004)
3664,11,2018,12,2,12,3,5,2,1,1,0,0,0,0,0,0,8.806572050000057,53.08173449000003,Mitte,Bahnhofsvorstadt,POINT (8.806572050000057 53.08173449000003)
3665,11,2018,12,2,18,3,5,2,1,1,0,0,0,0,2,1,8.875719926000045,53.08245877400003,Schwachhausen,Radio Bremen,POINT (8.875719926000045 53.08245877400003)
3666,11,2018,12,2,6,2,5,3,1,1,0,0,0,0,2,1,8.820209612000042,53.08650705600007,Schwachhausen,Barkhof,POINT (8.820209612000042 53.08650705600007)
3667,11,2018,12,7,15,3,5,3,1,1,0,0,0,0,0,1,8.787114772000052,53.06364789400004,Neustadt,Neustadt,POINT (8.787114772000052 53.06364789400004)
3668,11,2018,12,7,9,3,4,6,1,0,0,0,0,0,0,1,8.829147445000046,53.08619486200007,Schwachhausen,Bürgerpark,POINT (8.829147445000046 53.08619486200007)
3669,11,2018,12,6,12,3,5,3,1,1,0,0,0,0,0,1,8.95044979000005,53.057933939000065,Osterholz,Osterholz,POINT (8.95044979000005 53.057933939000065)
3670,11,2019,10,3,7,3,5,2,1,0,0,0,1,0,0,1,8.818129001000045,53.04673881900004,Obervieland,Kattenturm,POINT (8.818129001000045 53.04673881900004)
3671,11,2019,6,5,14,2,5,2,1,1,0,0,0,0,0,0,8.799792094000054,53.05497402800006,Neustadt,Neuenland,POINT (8.799792094000054 53.05497402800006)
3672,11,2019,1,4,15,3,5,2,1,0,0,0,0,1,0,0,8.788069477000022,53.062769728000035,Neustadt,Neuenland,POINT (8.788069477000022 53.062769728000035)
3673,11,2019,11,7,23,2,5,3,1,1,0,0,0,0,2,1,8.714133018000041,53.18022764600005,Burglesum,Burgdamm,POINT (8.714133018000041 53.18022764600005)
3674,11,2019,8,2,12,3,5,2,1,0,0,0,1,0,0,0,8.792892323000046,53.059360637000054,Neustadt,Gartenstadt Süd,POINT (8.792892323000046 53.059360637000054)
3675,11,2019,7,4,13,2,5,3,1,1,0,0,0,0,0,0,8.78395690700006,53.06574519000003,Neustadt,Neuenland,POINT (8.78395690700006 53.06574519000003)
3676,11,2019,10,4,15,3,5,3,1,1,0,0,0,0,0,0,8.523623741000051,53.19944147000007,Blumenthal,Farge,POINT (8.523623741000051 53.19944147000007)
3677,11,2019,1,3,17,3,5,3,1,1,0,0,0,0,2,1,8.623037702000033,53.180539072000045,Vegesack,Aumund-Hammersbeck,POINT (8.623037702000033 53.180539072000045)
3678,11,2019,8,5,10,3,5,3,1,1,0,0,0,0,0,0,8.619047478000027,53.180613840000035,Vegesack,Fähr-Lobbendorf,POINT (8.619047478000027 53.180613840000035)
3679,11,2019,5,5,8,3,5,3,1,0,0,0,0,0,0,0,8.79041165500007,53.06110671500005,Neustadt,Neuenland,POINT (8.79041165500007 53.06110671500005)
3680,12,2019,5,6,12,3,5,2,1,1,0,0,0,0,0,1,8.58618438600007,53.53673512900008,Geestemünde,Buschkämpen,POINT (8.58618438600007 53.53673512900008)
3681,11,2019,3,2,9,3,5,2,1,1,0,0,0,0,0,1,8.814061811000045,53.03938269100007,Obervieland,Kattenturm,POINT (8.814061811000045 53.03938269100007)
3682,11,2019,3,6,10,3,5,3,1,1,0,0,0,0,0,0,8.686020401000064,53.17298979000003,Burglesum,Lesum,POINT (8.686020401000064 53.17298979000003)
3683,11,2019,3,3,18,3,5,3,1,1,0,0,0,0,2,0,8.809949763000077,53.05105664600006,Neustadt,Huckelriede,POINT (8.809949763000077 53.05105664600006)
3684,11,2019,11,6,10,3,1,3,1,1,0,0,0,0,0,0,8.816358609000076,53.04927242500003,Neustadt,Huckelriede,POINT (8.816358609000076 53.04927242500003)
3685,11,2019,1,4,16,3,5,2,1,1,0,0,0,0,2,1,8.885506231000022,53.110030219000066,Horn-Lehe,Lehesterdeich,POINT (8.885506231000022 53.110030219000066)
3686,11,2019,1,3,15,3,3,3,1,1,0,0,0,0,0,1,8.902614460000052,53.12677938000007,unbekannt,Borgfeld,POINT (8.902614460000052 53.12677938000007)
3687,11,2019,1,3,7,3,0,7,1,0,0,0,0,0,2,1,8.62136457400004,53.184003389000054,Vegesack,Aumund-Hammersbeck,POINT (8.62136457400004 53.184003389000054)
3688,11,2019,1,2,11,3,5,3,1,1,0,0,0,0,0,1,8.908578230000046,53.09699104400005,unbekannt,unbekannt,POINT (8.908578230000046 53.09699104400005)
3689,11,2019,1,2,17,3,6,4,1,0,1,0,0,0,2,1,8.949374662000025,53.06384711700008,Osterholz,Tenever,POINT (8.949374662000025 53.06384711700008)
3690,11,2019,1,2,10,3,6,4,1,1,1,0,0,0,0,1,8.79609124700005,53.068747862000066,Neustadt,Neustadt,POINT (8.79609124700005 53.068747862000066)
3691,11,2019,1,2,17,3,5,3,1,1,0,0,0,0,2,1,8.901449447000061,53.059424412000055,Hemelingen,Sebaldsbrück,POINT (8.901449447000061 53.059424412000055)
3692,11,2019,1,2,15,3,0,7,1,0,0,0,0,0,0,1,8.598897193000028,53.180699951000065,Vegesack,Fähr-Lobbendorf,POINT (8.598897193000028 53.180699951000065)
3693,11,2019,1,2,7,3,0,7,1,0,0,0,0,0,2,1,8.950500765000072,53.03972105200006,Hemelingen,Mahndorf,POINT (8.950500765000072 53.03972105200006)
3694,11,2019,1,1,20,3,0,7,1,0,0,0,0,1,2,1,8.854090327000051,53.06707657700008,Östliche Vorstadt,Peterswerder,POINT (8.854090327000051 53.06707657700008)
3695,11,2019,1,7,10,3,5,3,1,1,0,0,0,0,0,1,8.808174504000021,53.073227200000076,Mitte,Altstadt,POINT (8.808174504000021 53.073227200000076)
3696,11,2019,1,6,12,3,0,7,1,0,0,0,0,0,0,1,8.777287823000052,53.10667173200005,Walle,Walle,POINT (8.777287823000052 53.10667173200005)
3697,11,2019,1,6,17,3,3,2,1,1,0,0,0,0,2,1,8.790983685000072,53.09564169300006,Walle,Westend,POINT (8.790983685000072 53.09564169300006)
3698,11,2019,1,6,5,3,5,3,1,0,0,0,1,0,2,0,8.713710771000024,53.086884404000045,unbekannt,Strom,POINT (8.713710771000024 53.086884404000045)
3699,11,2019,1,5,15,3,6,4,1,0,1,0,0,0,0,0,8.855100890000074,53.07856170400004,Schwachhausen,Gete,POINT (8.855100890000074 53.07856170400004)
3700,11,2019,1,5,17,3,5,3,1,0,0,0,1,0,2,1,8.737180293000051,53.079766935000066,Häfen,Neustädter Hafen,POINT (8.737180293000051 53.079766935000066)
3701,11,2019,1,4,17,3,5,6,1,1,0,0,0,0,1,0,8.846913246000042,53.048291309000035,Obervieland,Habenhausen,POINT (8.846913246000042 53.048291309000035)
3702,11,2019,1,4,13,3,5,3,1,1,0,0,0,0,0,1,8.798223631000042,53.05596542700005,Neustadt,Neuenland,POINT (8.798223631000042 53.05596542700005)
3703,11,2019,1,4,17,2,5,3,1,1,0,0,0,0,2,0,8.811190934000024,53.08011548600007,Mitte,Bahnhofsvorstadt,POINT (8.811190934000024 53.08011548600007)
3704,11,2019,1,3,19,2,5,3,1,1,0,0,0,0,2,1,8.825097448000065,53.084190697000054,Schwachhausen,Barkhof,POINT (8.825097448000065 53.084190697000054)
3705,11,2019,1,3,7,3,5,3,1,1,0,0,0,0,2,1,8.882334289000028,53.05773805700005,Hemelingen,Hemelingen,POINT (8.882334289000028 53.05773805700005)
3706,11,2019,1,3,7,3,5,7,1,1,0,0,0,0,2,1,8.633474052000054,53.16597925800005,Vegesack,Grohn,POINT (8.633474052000054 53.16597925800005)
3707,11,2019,1,3,16,3,5,3,1,1,0,0,0,0,2,1,8.798818288000064,53.08525597800008,Mitte,Bahnhofsvorstadt,POINT (8.798818288000064 53.08525597800008)
3708,11,2019,1,2,19,3,5,2,1,1,0,0,0,0,2,1,8.626250258000027,53.18391985300008,Vegesack,Aumund-Hammersbeck,POINT (8.626250258000027 53.18391985300008)
3709,11,2019,1,2,9,3,5,3,1,1,0,0,0,0,0,1,8.78629014300003,53.057612825000035,Neustadt,Neuenland,POINT (8.78629014300003 53.057612825000035)
3710,11,2019,1,2,7,3,5,3,1,1,0,0,0,0,2,1,8.904485326000042,53.078508620000036,Vahr,Neue Vahr Südost,POINT (8.904485326000042 53.078508620000036)
3711,11,2019,1,1,16,3,1,5,1,1,0,0,0,0,1,1,8.878603635000047,53.06467834100005,Hemelingen,Hastedt,POINT (8.878603635000047 53.06467834100005)
3712,11,2019,1,6,8,3,5,3,1,1,0,0,0,0,0,1,8.84712696500003,53.074750479000045,Östliche Vorstadt,Hulsberg,POINT (8.84712696500003 53.074750479000045)
3713,11,2019,1,5,17,3,5,3,1,0,0,0,0,0,2,0,8.819763778000038,53.072617695000076,Mitte,Ostertor,POINT (8.819763778000038 53.072617695000076)
3714,11,2019,1,5,13,3,5,2,1,1,0,0,0,0,0,0,8.896910710000043,53.059066865000034,Hemelingen,Sebaldsbrück,POINT (8.896910710000043 53.059066865000034)
3715,11,2019,1,5,8,3,5,3,1,1,0,0,0,0,0,0,8.82446014200002,53.08438281400004,Schwachhausen,Barkhof,POINT (8.82446014200002 53.08438281400004)
3716,11,2019,1,5,17,3,0,1,1,0,0,0,0,0,2,0,8.870672640000066,53.09848414100003,Horn-Lehe,Lehe,POINT (8.870672640000066 53.09848414100003)
3717,11,2019,1,4,10,3,5,3,1,1,0,0,0,0,0,0,8.76230259700003,53.11573659100003,Gröpelingen,Gröpelingen,POINT (8.76230259700003 53.11573659100003)
3718,11,2019,1,4,10,2,3,6,1,1,0,0,0,0,0,1,8.814763320000054,53.07630841500003,Mitte,Ostertor,POINT (8.814763320000054 53.07630841500003)
3719,11,2019,1,3,11,3,0,7,1,0,0,0,0,0,0,1,8.832226313000035,53.070979245000046,Östliche Vorstadt,Steintor,POINT (8.832226313000035 53.070979245000046)
3720,11,2019,1,3,9,3,0,1,1,0,0,0,0,0,0,1,8.830674008000074,53.07275162500008,Östliche Vorstadt,Steintor,POINT (8.830674008000074 53.07275162500008)
3721,11,2019,2,5,11,3,5,3,1,0,0,0,0,0,0,0,8.874145790000057,53.10129541100008,Horn-Lehe,Lehe,POINT (8.874145790000057 53.10129541100008)
3722,11,2019,2,4,13,3,5,3,1,1,0,0,0,0,0,0,8.769011965000061,53.11283326900008,Gröpelingen,Gröpelingen,POINT (8.769011965000061 53.11283326900008)
3723,11,2019,2,4,13,3,0,7,1,0,0,0,0,0,0,0,8.90580138200005,53.114511598000036,unbekannt,Borgfeld,POINT (8.90580138200005 53.114511598000036)
3724,12,2019,2,3,13,3,5,3,1,1,0,0,0,0,0,0,8.590035053000065,53.52544020900007,Geestemünde,Buschkämpen,POINT (8.590035053000065 53.52544020900007)
3725,11,2019,2,3,6,3,0,7,1,0,0,0,0,0,2,1,8.609245263000048,53.173723616000075,Vegesack,Fähr-Lobbendorf,POINT (8.609245263000048 53.173723616000075)
3726,11,2019,2,3,12,3,1,5,1,1,0,0,0,0,0,0,8.835862926000061,53.083919922000064,Schwachhausen,Schwachhausen,POINT (8.835862926000061 53.083919922000064)
3727,11,2019,2,3,9,3,5,3,1,1,0,0,0,0,0,0,8.764457054000047,53.113283022000076,Gröpelingen,Gröpelingen,POINT (8.764457054000047 53.113283022000076)
3728,12,2019,2,2,8,3,5,3,1,1,0,0,0,0,0,0,8.601934664000055,53.57030817900005,Lehe,Königsheide,POINT (8.601934664000055 53.57030817900005)
3729,11,2019,2,2,16,3,5,3,1,1,0,0,0,0,0,0,8.943449516000044,53.066440267000075,Osterholz,Ellenerbrok-Schevemoor,POINT (8.943449516000044 53.066440267000075)
3730,11,2019,2,2,18,3,5,3,1,1,0,0,0,0,1,0,8.889713448000066,53.09872952100005,Horn-Lehe,Lehesterdeich,POINT (8.889713448000066 53.09872952100005)
3731,11,2019,2,7,12,2,5,2,1,1,0,0,0,0,0,0,8.57185136000004,53.196111829000074,Blumenthal,Lüssum-Bockhorn,POINT (8.57185136000004 53.196111829000074)
3732,11,2019,2,7,13,3,0,1,1,0,0,0,0,0,0,0,8.898395463000043,53.11723446000008,Horn-Lehe,Lehesterdeich,POINT (8.898395463000043 53.11723446000008)
3733,12,2019,2,6,16,3,4,6,1,0,0,0,0,0,0,0,8.561966763000044,53.577626027000065,Häfen,Speckenbüttel,POINT (8.561966763000044 53.577626027000065)
3734,11,2019,2,6,7,3,5,2,1,0,0,0,1,0,0,0,8.649746746000062,53.17375172700008,Vegesack,Schönebeck,POINT (8.649746746000062 53.17375172700008)
3735,12,2019,2,5,18,3,4,2,1,0,0,0,0,1,2,0,8.596722408000062,53.527142714000036,Geestemünde,Buschkämpen,POINT (8.596722408000062 53.527142714000036)
3736,11,2019,2,5,18,3,5,3,1,1,0,0,0,0,1,0,8.96240614800007,53.05740761200008,Osterholz,Osterholz,POINT (8.96240614800007 53.05740761200008)
3737,11,2019,2,5,18,3,5,2,1,1,0,0,0,0,2,0,8.736429844000043,53.04508772400004,Huchting,Kirchhuchting,POINT (8.736429844000043 53.04508772400004)
3738,11,2019,2,3,6,3,5,3,1,1,0,0,0,0,2,0,8.86969576000007,53.09129325500004,Schwachhausen,Radio Bremen,POINT (8.86969576000007 53.09129325500004)
3739,11,2019,2,2,7,3,5,3,1,0,0,0,0,1,1,0,8.899564178000048,53.077691798000046,Vahr,Neue Vahr Südost,POINT (8.899564178000048 53.077691798000046)
3740,11,2019,2,2,6,3,5,3,1,1,0,0,0,0,2,0,8.78037587800003,53.09286830500008,Walle,Steffensweg,POINT (8.78037587800003 53.09286830500008)
3741,11,2019,2,2,23,2,0,7,1,0,0,0,0,0,2,0,8.90038312300004,53.099551261000045,unbekannt,unbekannt,POINT (8.90038312300004 53.099551261000045)
3742,11,2019,2,1,17,3,6,4,1,0,1,0,0,0,2,1,8.824780411000063,53.08285404000003,Schwachhausen,Barkhof,POINT (8.824780411000063 53.08285404000003)
3743,11,2019,2,7,2,3,5,3,1,1,0,0,0,0,2,1,8.83137644900006,53.08124720100005,Schwachhausen,Schwachhausen,POINT (8.83137644900006 53.08124720100005)
3744,11,2019,2,7,9,3,5,3,1,1,0,0,0,0,0,0,8.728187302000038,53.03839043000005,Huchting,Kirchhuchting,POINT (8.728187302000038 53.03839043000005)
3745,11,2019,2,7,21,3,6,3,1,0,1,0,0,0,2,1,8.79042392100007,53.06824360300004,Neustadt,Neustadt,POINT (8.79042392100007 53.06824360300004)
3746,11,2019,2,7,16,3,5,2,1,1,0,0,0,0,1,1,8.825119101000041,53.08433057000008,Schwachhausen,Bürgerpark,POINT (8.825119101000041 53.08433057000008)
3747,11,2019,2,6,8,3,5,3,1,1,0,0,0,0,0,0,8.791780764000066,53.08270176600007,Mitte,Altstadt,POINT (8.791780764000066 53.08270176600007)
3748,11,2019,2,6,6,3,5,2,1,0,0,0,0,1,1,0,8.898147670000071,53.059252584000035,Hemelingen,Sebaldsbrück,POINT (8.898147670000071 53.059252584000035)
3749,11,2019,2,6,7,3,3,6,1,1,0,0,0,0,2,1,8.888852263000047,53.09780787500006,Horn-Lehe,Lehesterdeich,POINT (8.888852263000047 53.09780787500006)
3750,11,2019,2,6,12,3,5,2,1,1,0,0,0,0,0,0,8.909311320000029,53.05953985500008,Hemelingen,Sebaldsbrück,POINT (8.909311320000029 53.05953985500008)
3751,11,2019,2,5,6,2,0,1,1,0,0,0,0,0,2,1,8.716616457000043,53.13455919300003,Häfen,Industriehäfen,POINT (8.716616457000043 53.13455919300003)
3752,11,2019,2,5,17,2,0,7,1,0,0,0,0,0,2,0,8.80222599700005,53.09457092500003,Findorff,Regensburger Str.,POINT (8.80222599700005 53.09457092500003)
3753,11,2019,2,5,17,3,4,6,1,0,0,0,0,0,1,0,8.801434796000024,53.07129777700004,Neustadt,Alte Neustadt,POINT (8.801434796000024 53.07129777700004)
3754,12,2019,2,4,18,3,4,6,1,1,0,0,0,0,2,1,8.587953870000035,53.574823139000046,Lehe,Königsheide,POINT (8.587953870000035 53.574823139000046)
3755,11,2019,2,4,14,3,0,1,1,0,0,0,0,0,0,1,8.830518260000076,53.07155390600008,Östliche Vorstadt,Steintor,POINT (8.830518260000076 53.07155390600008)
3756,11,2019,2,4,18,3,0,6,1,1,0,0,0,0,2,1,8.808797666000032,53.07845847800007,Mitte,Altstadt,POINT (8.808797666000032 53.07845847800007)
3757,11,2019,2,4,13,3,3,6,1,0,0,0,0,1,0,0,8.853745718000027,53.085263800000064,Schwachhausen,Radio Bremen,POINT (8.853745718000027 53.085263800000064)
3758,11,2019,2,4,11,2,0,7,1,0,0,0,0,0,0,1,8.823788620000073,53.07761893800006,Östliche Vorstadt,Fesenfeld,POINT (8.823788620000073 53.07761893800006)
3759,11,2019,2,3,16,2,5,3,1,1,0,0,0,0,0,0,8.847143759000062,53.08701869500004,Schwachhausen,Riensberg,POINT (8.847143759000062 53.08701869500004)
3760,11,2019,2,3,7,3,5,3,1,1,0,0,0,0,2,1,8.736398612000073,53.059137116000045,Huchting,Mittelshuchting,POINT (8.736398612000073 53.059137116000045)
3761,11,2019,2,3,9,3,5,3,1,0,0,0,0,1,0,0,8.797386366000069,53.08622572000007,Mitte,Bahnhofsvorstadt,POINT (8.797386366000069 53.08622572000007)
3762,12,2019,2,2,12,3,6,6,1,0,1,0,0,0,0,0,8.614300545000049,53.50859078600007,Geestemünde,Buschkämpen,POINT (8.614300545000049 53.50859078600007)
3763,11,2019,2,2,16,3,5,2,1,1,0,0,0,0,0,0,8.809161310000036,53.07892459800007,Mitte,Altstadt,POINT (8.809161310000036 53.07892459800007)
3764,11,2019,2,2,7,3,5,2,1,1,0,0,0,0,2,0,8.787873185000024,53.06275939200003,Neustadt,Neuenland,POINT (8.787873185000024 53.06275939200003)
3765,11,2019,2,1,15,3,9,7,1,0,0,0,0,0,0,0,8.835260074000075,53.050809755000046,Obervieland,Kattenturm,POINT (8.835260074000075 53.050809755000046)
3766,11,2019,2,7,11,3,5,3,1,1,0,0,0,0,0,1,8.562243931000069,53.19226262500007,Blumenthal,Rönnebeck,POINT (8.562243931000069 53.19226262500007)
3767,11,2019,1,5,15,3,3,6,1,0,0,0,0,0,0,0,8.86181416100004,53.09918906300004,Horn-Lehe,Horn,POINT (8.86181416100004 53.09918906300004)
3768,11,2019,1,4,7,3,0,7,1,0,0,0,0,0,0,2,8.857656195000061,53.085866717000044,Schwachhausen,Radio Bremen,POINT (8.857656195000061 53.085866717000044)
3769,11,2019,1,4,5,2,5,3,1,0,0,0,0,1,2,0,8.58446323000004,53.18139991000004,Blumenthal,Blumenthal,POINT (8.58446323000004 53.18139991000004)
3770,12,2019,1,3,18,3,5,3,1,1,0,0,0,0,2,0,8.603633115000036,53.586231473000055,Leherheide,Fehmoor,POINT (8.603633115000036 53.586231473000055)
3771,11,2019,1,3,15,3,3,6,1,1,0,0,0,0,0,1,8.77949151200005,53.06523949400008,Neustadt,Neuenland,POINT (8.77949151200005 53.06523949400008)
3772,11,2019,1,3,7,3,5,3,1,1,0,0,0,0,0,1,8.880352512000059,53.08240994400006,Vahr,Neue Vahr Südwest,POINT (8.880352512000059 53.08240994400006)
3773,11,2019,1,3,6,3,5,3,1,1,0,0,0,0,2,2,8.824443638000048,53.084257050000076,Schwachhausen,Barkhof,POINT (8.824443638000048 53.084257050000076)
3774,12,2019,1,2,10,3,5,3,1,0,0,1,0,0,0,1,8.627690030000053,53.52982820100004,Schiffdorferdamm,Buschkämpen,POINT (8.627690030000053 53.52982820100004)
3775,11,2019,1,2,16,3,5,3,1,1,0,0,0,0,0,1,8.716638920000037,53.056519466000054,Huchting,Mittelshuchting,POINT (8.716638920000037 53.056519466000054)
3776,11,2019,1,1,10,2,0,7,1,0,0,0,0,0,0,1,8.582685312000024,53.18225523800004,Blumenthal,Blumenthal,POINT (8.582685312000024 53.18225523800004)
3777,11,2019,1,7,12,3,5,3,1,1,0,0,0,0,0,1,8.765881106000052,53.074007520000066,Woltmershausen,Woltmershausen,POINT (8.765881106000052 53.074007520000066)
3778,11,2019,1,7,22,3,5,3,1,1,0,0,0,0,2,1,8.800860487000023,53.068448541000066,Neustadt,Südervorstadt,POINT (8.800860487000023 53.068448541000066)
3779,11,2019,1,6,18,3,5,3,1,1,0,0,0,0,2,2,8.843927764000057,53.08108004700006,Schwachhausen,Gete,POINT (8.843927764000057 53.08108004700006)
3780,11,2019,1,6,7,3,5,3,1,0,0,0,0,1,2,1,8.81096939400004,53.07390432500006,Mitte,Altstadt,POINT (8.81096939400004 53.07390432500006)
3781,11,2019,1,6,20,3,1,7,1,1,0,0,0,0,2,2,8.850539965000053,53.087334929000065,Schwachhausen,Riensberg,POINT (8.850539965000053 53.087334929000065)
3782,12,2019,1,5,15,3,5,2,1,1,0,0,0,0,0,0,8.592594621000046,53.56706731300005,Lehe,Königsheide,POINT (8.592594621000046 53.56706731300005)
3783,12,2019,1,5,7,3,5,2,1,1,0,0,0,0,1,0,8.606318022000039,53.50504446700006,Wulsdorf,Geestemünde-Süd,POINT (8.606318022000039 53.50504446700006)
3784,11,2019,3,2,9,3,3,2,1,0,0,0,1,0,0,1,8.850624315000061,53.07122259800008,Östliche Vorstadt,Hulsberg,POINT (8.850624315000061 53.07122259800008)
3785,11,2019,1,5,12,3,0,7,1,0,0,0,0,1,0,1,8.82611102200002,53.07499334200003,Östliche Vorstadt,Steintor,POINT (8.82611102200002 53.07499334200003)
3786,11,2019,3,2,19,3,5,3,1,1,0,0,0,0,2,1,8.882661305000056,53.10081622400003,Horn-Lehe,Lehe,POINT (8.882661305000056 53.10081622400003)
3787,11,2019,3,1,11,3,5,3,1,1,0,0,0,0,0,1,8.941781124000045,53.07038906000008,Osterholz,Ellenerbrok-Schevemoor,POINT (8.941781124000045 53.07038906000008)
3788,11,2019,1,5,7,3,0,7,1,0,0,0,0,0,2,1,8.891043443000058,53.13229352600007,unbekannt,Borgfeld,POINT (8.891043443000058 53.13229352600007)
3789,11,2019,3,1,13,3,5,3,1,1,0,0,0,0,0,1,8.806253686000048,53.07346737200004,Mitte,Altstadt,POINT (8.806253686000048 53.07346737200004)
3790,11,2019,1,4,15,3,5,2,1,1,0,0,0,0,0,0,8.762931899000023,53.05999987100006,Huchting,Grolland,POINT (8.762931899000023 53.05999987100006)
3791,11,2019,3,7,1,2,0,7,1,0,0,0,0,0,2,0,8.875712676000035,53.08246436700006,Schwachhausen,Radio Bremen,POINT (8.875712676000035 53.08246436700006)
3792,11,2019,1,4,21,3,5,2,1,1,0,0,0,0,2,0,8.841599854000037,53.08311800300004,Schwachhausen,Gete,POINT (8.841599854000037 53.08311800300004)