,UKREIS,UJAHR,UMONAT,UWOCHENTAG,USTUNDE,UKATEGORIE,UART,UTYP1,IstRad,IstPKW,IstFuss,IstKrad,IstGkfz,IstSonstig,ULICHTVERH,STRZUSTAND,longitude,latitude,Stadtteil,Ortsteil,geometry
3793,11,2019,3,7,11,3,5,2,1,1,0,0,0,0,0,0,8.798831074000077,53.06584548100005,Neustadt,Buntentor,POINT (8.798831074000077 53.06584548100005)
3794,11,2019,3,7,13,3,0,5,1,1,0,0,0,0,0,0,8.806935710000062,53.081732740000064,Mitte,Bahnhofsvorstadt,POINT (8.806935710000062 53.081732740000064)
3795,11,2019,1,4,9,3,5,3,1,1,0,0,0,0,0,2,8.824417976000063,53.084550206000074,Schwachhausen,Bürgerpark,POINT (8.824417976000063 53.084550206000074)
3796,11,2019,1,4,9,3,5,3,1,0,0,0,0,0,0,0,8.80728737100003,53.08236644600004,Mitte,Bahnhofsvorstadt,POINT (8.80728737100003 53.08236644600004)
3797,11,2019,3,6,13,3,0,7,1,0,0,0,0,0,0,0,8.82287001100002,53.072926892000055,Mitte,Ostertor,POINT (8.82287001100002 53.072926892000055)
3798,11,2019,1,4,7,2,5,3,1,1,0,0,0,0,1,0,8.894582953000054,53.079459556000074,Vahr,Neue Vahr Südost,POINT (8.894582953000054 53.079459556000074)
3799,11,2019,1,3,13,3,5,2,1,1,0,0,0,0,0,0,8.793120573000067,53.093168037000055,Walle,Westend,POINT (8.793120573000067 53.093168037000055)
3800,11,2019,1,3,12,3,0,7,1,0,0,0,0,0,0,0,8.949522589000026,53.03557400300008,Hemelingen,Mahndorf,POINT (8.949522589000026 53.03557400300008)
3801,11,2019,2,5,10,3,8,1,1,1,0,0,0,0,0,0,8.831183699000064,53.07131916800006,Östliche Vorstadt,Steintor,POINT (8.831183699000064 53.07131916800006)
3802,11,2019,1,2,9,2,1,7,1,1,0,0,0,0,0,1,8.835271575000036,53.08451520700004,Schwachhausen,Schwachhausen,POINT (8.835271575000036 53.08451520700004)
3803,11,2019,2,5,12,3,5,3,1,1,0,0,0,0,0,0,8.89242130100007,53.08112039400004,Vahr,Neue Vahr Südost,POINT (8.89242130100007 53.08112039400004)
3804,11,2019,2,5,16,3,5,3,1,1,0,0,0,0,0,0,8.773111319000066,53.07133111500008,Woltmershausen,Woltmershausen,POINT (8.773111319000066 53.07133111500008)
3805,11,2019,2,5,8,3,5,3,1,1,0,0,0,0,0,0,8.798298309000074,53.073238805000074,Neustadt,Alte Neustadt,POINT (8.798298309000074 53.073238805000074)
3806,11,2019,1,2,12,3,3,6,1,0,0,0,1,0,0,0,8.804054518000044,53.07679192900008,Mitte,Altstadt,POINT (8.804054518000044 53.07679192900008)
3807,11,2019,2,5,14,3,5,3,1,1,0,0,0,0,0,0,8.896834682000076,53.04462245800005,Hemelingen,Hemelingen,POINT (8.896834682000076 53.04462245800005)
3808,11,2019,2,4,17,3,5,3,1,1,0,0,0,0,0,0,8.889904760000036,53.10889921900008,Horn-Lehe,Lehesterdeich,POINT (8.889904760000036 53.10889921900008)
3809,11,2019,2,4,8,3,5,2,1,1,0,0,0,0,0,0,8.821777691000023,53.08420445100006,Schwachhausen,Barkhof,POINT (8.821777691000023 53.08420445100006)
3810,11,2019,2,3,17,3,3,6,1,1,0,0,0,0,0,0,8.824825094000062,53.084584422000034,Schwachhausen,Bürgerpark,POINT (8.824825094000062 53.084584422000034)
3811,11,2019,2,3,7,3,1,6,1,1,0,0,0,0,0,0,8.819369109000036,53.04847403700006,Neustadt,Huckelriede,POINT (8.819369109000036 53.04847403700006)
3812,11,2019,2,2,10,3,0,3,1,1,0,0,0,0,0,0,8.842395955000029,53.10601092500008,Schwachhausen,Neu-Schwachhausen,POINT (8.842395955000029 53.10601092500008)
3813,11,2019,1,7,2,3,0,1,1,0,0,0,0,0,2,1,8.823053841000046,53.07347871400003,Östliche Vorstadt,Steintor,POINT (8.823053841000046 53.07347871400003)
3814,11,2019,2,2,8,3,5,3,1,1,0,0,0,0,0,0,8.807452888000057,53.09436197300005,Findorff,Findorff-Bürgerweide,POINT (8.807452888000057 53.09436197300005)
3815,11,2019,2,2,15,3,5,3,1,1,0,0,0,0,0,0,8.812599039000077,53.08084162100005,Mitte,Bahnhofsvorstadt,POINT (8.812599039000077 53.08084162100005)
3816,11,2019,2,2,16,3,4,6,1,0,0,0,0,0,0,0,8.800554542000043,53.070989102000055,Neustadt,Alte Neustadt,POINT (8.800554542000043 53.070989102000055)
3817,11,2019,2,2,9,3,5,2,1,1,0,0,0,0,0,0,8.848482162000039,53.05029593100005,Obervieland,Habenhausen,POINT (8.848482162000039 53.05029593100005)
3818,12,2019,2,1,16,3,0,1,1,0,0,0,0,0,0,0,8.574747605000027,53.56054644100004,Lehe,Königsheide,POINT (8.574747605000027 53.56054644100004)
3819,11,2019,1,6,14,3,0,7,1,0,0,0,0,1,0,1,8.936875626000074,53.06760189600004,Osterholz,Ellenerbrok-Schevemoor,POINT (8.936875626000074 53.06760189600004)
3820,11,2019,2,1,22,3,8,7,1,1,0,0,0,0,2,0,8.87753093200007,53.09780239200006,Horn-Lehe,Lehe,POINT (8.87753093200007 53.09780239200006)
3821,11,2019,2,7,1,3,1,5,1,1,0,0,0,0,2,0,8.788190256000064,53.070376553000074,Neustadt,Hohentor,POINT (8.788190256000064 53.070376553000074)
3822,11,2019,2,7,17,3,1,7,1,1,0,0,0,0,0,0,8.807614644000068,53.09313765700006,Findorff,Findorff-Bürgerweide,POINT (8.807614644000068 53.09313765700006)
3823,11,2019,2,7,11,3,0,7,1,0,0,0,0,0,0,0,8.632052961000056,53.191785277000065,Vegesack,Aumund-Hammersbeck,POINT (8.632052961000056 53.191785277000065)
3824,11,2019,1,6,11,3,0,1,1,0,0,0,0,0,0,2,8.790458561000037,53.06663455000006,Neustadt,Neustadt,POINT (8.790458561000037 53.06663455000006)
3825,11,2019,2,7,16,3,5,3,1,0,0,0,0,0,0,0,8.79282994700003,53.06907478200003,Neustadt,Neustadt,POINT (8.79282994700003 53.06907478200003)
3826,11,2019,1,5,11,3,1,5,1,1,0,0,0,0,0,1,8.79180095700002,53.08920598200007,Walle,Utbremen,POINT (8.79180095700002 53.08920598200007)
3827,11,2019,1,5,13,3,5,3,1,0,0,0,0,0,0,1,8.801881611000056,53.079280194000034,Mitte,Altstadt,POINT (8.801881611000056 53.079280194000034)
3828,11,2019,1,5,17,2,0,7,1,0,0,0,0,0,2,1,8.82915239600004,53.072058809000055,Östliche Vorstadt,Steintor,POINT (8.82915239600004 53.072058809000055)
3829,12,2019,2,5,16,3,5,3,1,1,0,0,0,0,0,1,8.592099776000055,53.56670671000006,Lehe,Königsheide,POINT (8.592099776000055 53.56670671000006)
3830,11,2019,2,5,17,3,1,5,1,1,0,0,0,0,0,0,8.599121535000052,53.17992656000007,Vegesack,Fähr-Lobbendorf,POINT (8.599121535000052 53.17992656000007)
3831,11,2019,1,5,15,3,0,1,1,0,0,0,0,0,0,1,8.82320990200003,53.07299542000004,Östliche Vorstadt,Steintor,POINT (8.82320990200003 53.07299542000004)
3832,11,2019,2,5,17,3,1,5,1,1,0,0,0,0,0,0,8.796462363000046,53.068202608000036,Neustadt,Neustadt,POINT (8.796462363000046 53.068202608000036)
3833,12,2019,4,2,13,3,1,5,1,1,0,0,0,0,0,0,8.599184163000075,53.53096276800005,Geestemünde,Buschkämpen,POINT (8.599184163000075 53.53096276800005)
3834,11,2019,4,2,12,2,5,3,1,1,0,0,0,0,0,0,8.723839480000038,53.04354288400003,Huchting,Sodenmatt,POINT (8.723839480000038 53.04354288400003)
3835,11,2019,4,2,18,3,5,3,1,1,0,0,0,0,0,0,8.781647646000067,53.08762435800003,Walle,Überseestadt,POINT (8.781647646000067 53.08762435800003)
3836,11,2019,4,2,17,2,9,1,1,1,0,0,0,0,0,0,8.871800449000034,53.099476638000056,Horn-Lehe,Lehe,POINT (8.871800449000034 53.099476638000056)
3837,11,2019,4,1,13,3,0,7,1,0,0,0,0,0,0,0,8.751661800000022,53.11762204200005,Häfen,Industriehäfen,POINT (8.751661800000022 53.11762204200005)
3838,12,2019,4,7,8,3,5,3,1,0,0,0,0,1,0,1,8.605321779000064,53.53067561200004,Geestemünde,Buschkämpen,POINT (8.605321779000064 53.53067561200004)
3839,12,2019,4,7,14,3,1,5,1,1,0,0,0,0,0,0,8.606796761000055,53.59821622000004,Leherheide,Fehmoor,POINT (8.606796761000055 53.59821622000004)
3840,11,2019,4,7,9,3,0,7,1,0,1,0,0,0,0,0,8.821298183000067,53.03985599100008,Obervieland,Kattenturm,POINT (8.821298183000067 53.03985599100008)
3841,11,2019,4,7,16,3,1,5,1,1,0,0,0,0,0,0,8.572427495000056,53.203169622000075,Blumenthal,Lüssum-Bockhorn,POINT (8.572427495000056 53.203169622000075)
3842,11,2019,4,6,14,3,5,3,1,1,0,0,0,0,0,0,8.819647786000075,53.03831232700003,Obervieland,Kattenturm,POINT (8.819647786000075 53.03831232700003)
3843,11,2019,4,6,15,3,5,3,1,1,0,0,0,0,0,0,8.83803047500004,53.06789039300003,Östliche Vorstadt,Peterswerder,POINT (8.83803047500004 53.06789039300003)
3844,12,2019,4,5,9,3,5,3,1,1,0,0,0,0,0,0,8.595204140000021,53.53897885300006,Geestemünde,Buschkämpen,POINT (8.595204140000021 53.53897885300006)
3845,11,2019,4,5,15,3,5,3,1,1,0,0,0,0,0,0,8.837406011000041,53.069926974000055,Östliche Vorstadt,Peterswerder,POINT (8.837406011000041 53.069926974000055)
3846,11,2019,4,5,16,3,5,2,1,1,0,0,0,0,0,0,8.936711186000025,53.03834922100003,Hemelingen,Mahndorf,POINT (8.936711186000025 53.03834922100003)
3847,11,2019,4,5,14,3,5,3,1,1,0,0,0,0,0,0,8.797055925000052,53.071639864000076,Neustadt,Alte Neustadt,POINT (8.797055925000052 53.071639864000076)
3848,11,2019,4,4,11,3,0,7,1,0,0,0,0,0,0,0,8.822987633000025,53.07294106300003,Mitte,Ostertor,POINT (8.822987633000025 53.07294106300003)
3849,12,2019,4,2,12,3,3,6,1,0,0,0,0,0,0,0,8.579246218000037,53.54637944500007,Mitte,Weddewarden,POINT (8.579246218000037 53.54637944500007)
3850,11,2019,4,2,16,3,5,3,1,1,0,0,0,0,2,0,8.864742553000042,53.07094020000005,Hemelingen,Hastedt,POINT (8.864742553000042 53.07094020000005)
3851,11,2019,4,2,11,3,5,3,1,1,0,0,0,0,0,0,8.941806173000032,53.03808257700007,Hemelingen,Mahndorf,POINT (8.941806173000032 53.03808257700007)
3852,11,2019,4,1,17,3,9,6,1,0,0,0,0,0,0,0,8.831973608000055,53.07106080600005,Östliche Vorstadt,Steintor,POINT (8.831973608000055 53.07106080600005)
3853,11,2019,4,1,16,3,3,6,1,0,0,0,0,0,0,0,8.866165181000042,53.06230896200003,Hemelingen,Hastedt,POINT (8.866165181000042 53.06230896200003)
3854,11,2019,4,1,2,3,0,1,1,0,0,0,0,0,2,0,8.758354215000054,53.067942327000026,Huchting,Grolland,POINT (8.758354215000054 53.067942327000026)
3855,11,2019,4,1,15,2,3,6,1,1,0,0,0,0,0,0,8.91362941400007,53.12339939700007,unbekannt,Borgfeld,POINT (8.91362941400007 53.12339939700007)
3856,12,2019,4,7,15,3,1,7,1,1,0,0,0,0,0,0,8.601234648000059,53.53138953900003,Geestemünde,Buschkämpen,POINT (8.601234648000059 53.53138953900003)
3857,11,2019,4,6,13,3,0,7,1,0,0,0,0,1,0,0,8.809886292000044,53.062763532000076,Neustadt,Buntentor,POINT (8.809886292000044 53.062763532000076)
3858,11,2019,4,6,8,3,5,3,1,1,0,0,0,0,0,0,8.785520484000074,53.074847497000064,Neustadt,Hohentor,POINT (8.785520484000074 53.074847497000064)
3859,11,2019,4,5,14,3,0,7,1,0,0,1,0,0,0,0,8.77718717600004,53.09916028500004,Walle,Walle,POINT (8.77718717600004 53.09916028500004)
3860,11,2019,4,5,8,3,0,7,1,1,0,0,0,0,0,0,8.814518875000033,53.09403197700004,Findorff,Weidedamm,POINT (8.814518875000033 53.09403197700004)
3861,11,2019,4,5,17,3,5,3,1,1,0,0,0,0,0,0,8.816682115000049,53.08083668000006,Mitte,Bahnhofsvorstadt,POINT (8.816682115000049 53.08083668000006)
3862,11,2019,4,4,10,3,5,3,1,1,0,0,0,0,0,0,8.575075001000073,53.18146590300006,Blumenthal,Blumenthal,POINT (8.575075001000073 53.18146590300006)
3863,11,2019,4,4,13,3,5,2,1,1,0,0,0,0,0,0,8.847403418000056,53.05051033800004,Obervieland,Habenhausen,POINT (8.847403418000056 53.05051033800004)
3864,11,2019,4,4,16,3,0,1,1,0,0,0,0,0,0,1,8.873432623000042,53.10133900100004,Horn-Lehe,Lehe,POINT (8.873432623000042 53.10133900100004)
3865,11,2019,4,4,15,3,0,1,1,0,0,0,0,0,0,1,8.826963961000047,53.07277995000004,Östliche Vorstadt,Steintor,POINT (8.826963961000047 53.07277995000004)
3866,11,2019,4,3,6,3,5,3,1,0,0,0,0,1,0,0,8.73581899800007,53.140697388000035,Gröpelingen,Oslebshausen,POINT (8.73581899800007 53.140697388000035)
3867,11,2019,4,3,9,3,5,7,1,1,0,0,0,0,0,0,8.796393489000025,53.06898195100007,Neustadt,Neustadt,POINT (8.796393489000025 53.06898195100007)
3868,12,2019,4,2,20,3,4,2,1,1,0,0,0,0,2,0,8.595130188000041,53.530338476000054,Geestemünde,Buschkämpen,POINT (8.595130188000041 53.530338476000054)
3869,12,2019,4,2,17,3,5,3,1,1,0,0,0,0,0,0,8.59493079300006,53.57022027700003,Lehe,Königsheide,POINT (8.59493079300006 53.57022027700003)
3870,11,2019,4,2,11,3,6,3,1,0,1,0,0,0,0,0,8.89990612300005,53.09942752000006,unbekannt,unbekannt,POINT (8.89990612300005 53.09942752000006)
3871,11,2019,4,2,10,3,0,2,1,1,0,0,0,0,0,0,8.812576791000026,53.056405949000066,Neustadt,Huckelriede,POINT (8.812576791000026 53.056405949000066)
3872,11,2019,4,2,19,3,6,6,1,1,1,0,0,0,1,0,8.826344075000065,53.07941374900008,Mitte,Ostertor,POINT (8.826344075000065 53.07941374900008)
3873,11,2019,4,2,16,1,5,3,1,0,0,0,0,1,0,0,8.852783095000063,53.10449966300007,Horn-Lehe,Lehe,POINT (8.852783095000063 53.10449966300007)
3874,11,2019,4,2,17,2,0,7,1,0,0,0,0,0,0,0,8.80285301300006,53.06684995400008,Neustadt,Buntentor,POINT (8.80285301300006 53.06684995400008)
3875,12,2019,3,1,18,3,0,7,1,1,0,0,0,0,0,0,8.592550107000022,53.515932614000064,Wulsdorf,Geestemünde-Süd,POINT (8.592550107000022 53.515932614000064)
3876,11,2019,3,1,20,3,5,3,1,0,0,0,0,0,2,0,8.843622822000043,53.068898828000044,Östliche Vorstadt,Peterswerder,POINT (8.843622822000043 53.068898828000044)
3877,11,2019,3,7,10,3,3,6,1,1,0,0,0,0,0,0,8.670196622000049,53.17461653300006,Burglesum,St.Magnus,POINT (8.670196622000049 53.17461653300006)
3878,11,2019,3,6,13,2,5,3,1,1,0,0,0,0,0,0,8.963338081000074,53.05750462000003,Osterholz,Tenever,POINT (8.963338081000074 53.05750462000003)
3879,11,2019,3,6,13,3,5,3,1,1,0,0,0,0,0,0,8.825082913000074,53.08419877300008,Schwachhausen,Barkhof,POINT (8.825082913000074 53.08419877300008)
3880,11,2019,3,6,16,3,6,6,1,0,1,0,0,0,0,0,8.805713642000057,53.08794398300006,Findorff,Findorff-Bürgerweide,POINT (8.805713642000057 53.08794398300006)
3881,11,2019,3,6,13,3,0,7,1,1,0,0,0,0,0,0,8.820037954000043,53.04566915200007,Obervieland,Kattenturm,POINT (8.820037954000043 53.04566915200007)
3882,11,2019,3,6,15,2,5,3,1,1,0,0,0,0,0,0,8.832314410000038,53.06903173200004,Östliche Vorstadt,Steintor,POINT (8.832314410000038 53.06903173200004)
3883,11,2019,3,6,14,3,5,3,1,1,0,0,0,0,0,0,8.752564850000056,53.11964050700004,Gröpelingen,Lindenhof,POINT (8.752564850000056 53.11964050700004)
3884,11,2019,3,5,7,3,0,7,1,1,0,0,0,0,0,0,8.793397155000036,53.10142977300006,Walle,Osterfeuerberg,POINT (8.793397155000036 53.10142977300006)
3885,11,2019,3,5,19,3,5,3,1,1,0,0,0,0,2,1,8.793839432000027,53.09195660000006,Walle,Utbremen,POINT (8.793839432000027 53.09195660000006)
3886,11,2019,3,4,8,3,5,1,1,1,0,0,0,0,0,0,8.779404524000029,53.06879973500003,Neustadt,Hohentor,POINT (8.779404524000029 53.06879973500003)
3887,11,2019,3,3,7,2,5,3,1,1,0,0,0,0,0,0,8.636815145000071,53.16768196700008,Vegesack,Grohn,POINT (8.636815145000071 53.16768196700008)
3888,11,2019,3,3,16,3,4,6,1,0,0,0,0,0,0,1,8.733846585000038,53.04313804800006,Huchting,Kirchhuchting,POINT (8.733846585000038 53.04313804800006)
3889,11,2019,3,3,9,3,5,3,1,1,0,0,0,0,0,0,8.878300747000026,53.08577939800006,Vahr,Neue Vahr Nord,POINT (8.878300747000026 53.08577939800006)
3890,11,2019,3,3,12,3,5,3,1,1,0,0,0,0,0,0,8.851135011000054,53.085201909000034,Schwachhausen,Radio Bremen,POINT (8.851135011000054 53.085201909000034)
3891,11,2019,3,3,8,3,5,3,1,1,0,0,0,0,0,0,8.896353145000035,53.07925830700003,Vahr,Neue Vahr Südost,POINT (8.896353145000035 53.07925830700003)
3892,12,2019,3,2,15,2,5,2,1,1,0,0,0,0,0,0,8.595877163000068,53.55179167400007,Geestemünde,Buschkämpen,POINT (8.595877163000068 53.55179167400007)
3893,11,2019,3,2,17,3,5,7,1,1,0,0,0,0,0,0,8.87321715400003,53.084767372000044,Schwachhausen,Radio Bremen,POINT (8.87321715400003 53.084767372000044)
3894,11,2019,3,2,9,3,5,3,1,1,0,0,0,0,0,1,8.796122983000032,53.08127303500004,Mitte,Altstadt,POINT (8.796122983000032 53.08127303500004)
3895,11,2019,3,1,16,3,5,2,1,1,0,0,0,0,0,0,8.611719796000045,53.175119048000056,Vegesack,Vegesack,POINT (8.611719796000045 53.175119048000056)
3896,11,2019,3,6,11,3,6,4,1,0,1,0,0,0,0,0,8.952382955000076,53.06335850700003,Osterholz,Tenever,POINT (8.952382955000076 53.06335850700003)
3897,12,2019,3,5,6,3,4,2,1,1,0,0,0,0,2,0,8.591277431000037,53.55900317900006,Lehe,Königsheide,POINT (8.591277431000037 53.55900317900006)
3898,11,2019,3,5,11,2,6,4,1,0,1,0,0,0,0,0,8.801137139000048,53.06827009400007,Neustadt,Südervorstadt,POINT (8.801137139000048 53.06827009400007)
3899,11,2019,3,5,16,3,1,6,1,0,0,0,0,1,0,0,8.828916693000053,53.07215225400006,Östliche Vorstadt,Steintor,POINT (8.828916693000053 53.07215225400006)
3900,11,2019,3,5,17,3,5,2,1,1,0,0,0,0,0,0,8.875422890000038,53.061897112000054,Hemelingen,Hastedt,POINT (8.875422890000038 53.061897112000054)
3901,11,2019,3,5,13,3,0,3,1,1,0,0,0,0,0,0,8.79120201400002,53.09157085500004,Walle,Utbremen,POINT (8.79120201400002 53.09157085500004)
3902,11,2019,3,5,12,3,5,3,1,1,0,0,0,0,0,0,8.880250075000049,53.10173055200005,Horn-Lehe,Lehe,POINT (8.880250075000049 53.10173055200005)
3903,11,2019,3,4,15,3,4,2,1,1,0,0,0,0,0,0,8.791210311000043,53.09157547600006,Walle,Utbremen,POINT (8.791210311000043 53.09157547600006)
3904,11,2019,3,3,8,3,5,3,1,0,0,0,0,0,0,0,8.823583858000063,53.07182083300006,Östliche Vorstadt,Steintor,POINT (8.823583858000063 53.07182083300006)
3905,11,2019,3,3,17,3,3,3,1,1,0,0,0,0,0,0,8.806860830000062,53.060433715000045,Neustadt,Huckelriede,POINT (8.806860830000062 53.060433715000045)
3906,11,2019,3,2,13,3,5,3,1,0,0,0,0,1,0,1,8.79360461500005,53.06642130900008,Neustadt,Neustadt,POINT (8.79360461500005 53.06642130900008)
3907,11,2019,3,2,14,3,0,7,1,0,0,0,0,0,0,1,8.811046709000038,53.08165141200004,Mitte,Bahnhofsvorstadt,POINT (8.811046709000038 53.08165141200004)
3908,11,2019,3,6,17,3,0,7,1,1,0,0,0,0,0,0,8.815649189000055,53.07952631500007,Mitte,Bahnhofsvorstadt,POINT (8.815649189000055 53.07952631500007)
3909,11,2019,3,6,15,2,5,2,1,1,0,0,0,0,0,1,8.806373743000051,53.073534118000055,Mitte,Altstadt,POINT (8.806373743000051 53.073534118000055)
3910,12,2019,3,5,22,3,0,7,1,0,0,0,0,0,2,1,8.603206991000036,53.55804899000003,Lehe,Königsheide,POINT (8.603206991000036 53.55804899000003)
3911,12,2019,3,5,16,3,5,3,1,1,0,0,0,0,0,1,8.561950892000027,53.56845218300003,Häfen,Speckenbüttel,POINT (8.561950892000027 53.56845218300003)
3912,11,2019,3,5,10,3,5,3,1,1,0,0,0,0,0,1,8.852364414000021,53.073670693000054,Östliche Vorstadt,Hulsberg,POINT (8.852364414000021 53.073670693000054)
3913,11,2019,3,5,9,3,5,2,1,1,0,0,0,0,0,1,8.722454132000053,53.056868629000064,Huchting,Mittelshuchting,POINT (8.722454132000053 53.056868629000064)
3914,11,2019,3,4,14,3,5,3,1,1,0,0,0,0,0,1,8.790156744000058,53.09201294400003,Walle,Westend,POINT (8.790156744000058 53.09201294400003)
3915,11,2019,3,4,9,3,5,2,1,1,0,0,0,0,0,1,8.827758661000075,53.08303376400005,Schwachhausen,Bürgerpark,POINT (8.827758661000075 53.08303376400005)
3916,11,2019,3,4,14,3,3,2,1,0,0,0,1,0,0,1,8.792807265000022,53.06908610600004,Neustadt,Neustadt,POINT (8.792807265000022 53.06908610600004)
3917,12,2019,3,3,15,3,5,7,1,1,0,0,0,0,0,1,8.594159662000038,53.569290488000036,Lehe,Königsheide,POINT (8.594159662000038 53.569290488000036)
3918,12,2019,3,3,14,3,5,3,1,1,0,0,0,0,0,0,8.601939019000042,53.57027328600003,Lehe,Königsheide,POINT (8.601939019000042 53.57027328600003)
3919,11,2019,3,3,18,3,0,7,1,0,0,0,0,1,0,0,8.929476038000075,53.06583107200004,Osterholz,Ellener Feld,POINT (8.929476038000075 53.06583107200004)
3920,12,2019,4,5,9,3,5,3,1,1,0,0,0,0,0,0,8.590986933000067,53.54138936000004,Geestemünde,Buschkämpen,POINT (8.590986933000067 53.54138936000004)
3921,11,2019,3,3,9,3,5,2,1,1,0,0,0,0,0,1,8.825117933000058,53.08447593100004,Schwachhausen,Bürgerpark,POINT (8.825117933000058 53.08447593100004)
3922,11,2019,4,5,17,3,0,7,1,1,0,0,0,0,0,0,8.899066186000027,53.129750426000044,unbekannt,Borgfeld,POINT (8.899066186000027 53.129750426000044)
3923,11,2019,4,5,9,3,5,2,1,1,0,0,0,0,0,0,8.785606725000036,53.07489549300004,Neustadt,Hohentor,POINT (8.785606725000036 53.07489549300004)
3924,11,2019,4,5,12,3,1,5,1,1,0,0,0,0,0,0,8.841597792000073,53.085755677000066,Schwachhausen,Schwachhausen,POINT (8.841597792000073 53.085755677000066)
3925,11,2019,4,5,15,3,5,3,1,1,0,0,0,0,0,0,8.758024774000035,53.058176822000064,Huchting,Grolland,POINT (8.758024774000035 53.058176822000064)
3926,11,2019,3,2,13,3,4,6,1,0,0,0,0,0,0,1,8.842464671000073,53.08875583400004,Schwachhausen,Neu-Schwachhausen,POINT (8.842464671000073 53.08875583400004)
3927,11,2019,3,1,18,3,5,3,1,1,0,0,0,0,2,1,8.837122007000062,53.082601984000064,Schwachhausen,Schwachhausen,POINT (8.837122007000062 53.082601984000064)
3928,11,2019,3,6,8,3,5,3,1,1,0,0,0,0,0,1,8.735646952000025,53.04430909200005,Huchting,Kirchhuchting,POINT (8.735646952000025 53.04430909200005)
3929,11,2019,4,5,6,2,0,3,1,1,0,0,0,0,0,0,8.84573288100006,53.03311991000004,Obervieland,Arsten,POINT (8.84573288100006 53.03311991000004)
3930,11,2019,3,5,17,3,5,3,1,1,0,0,0,0,0,0,8.84120867300004,53.03540655200004,Obervieland,Arsten,POINT (8.84120867300004 53.03540655200004)
3931,11,2019,4,5,15,3,1,5,1,0,0,0,0,1,0,0,8.82069866300003,53.07269939100007,Mitte,Ostertor,POINT (8.82069866300003 53.07269939100007)
3932,11,2019,3,5,9,2,0,7,1,0,0,0,0,0,0,1,8.827726313000028,53.07254049200003,Östliche Vorstadt,Steintor,POINT (8.827726313000028 53.07254049200003)
3933,11,2019,3,5,14,3,5,3,1,1,0,0,0,0,0,0,8.862264969000023,53.102823123000064,Horn-Lehe,Lehe,POINT (8.862264969000023 53.102823123000064)
3934,11,2019,3,4,7,3,5,3,1,1,0,0,0,0,0,0,8.880223538000052,53.07190454100004,Vahr,Gartenstadt Vahr,POINT (8.880223538000052 53.07190454100004)
3935,11,2019,4,4,13,3,0,7,1,0,0,0,0,0,0,0,8.832115109000028,53.09257207500008,Schwachhausen,Neu-Schwachhausen,POINT (8.832115109000028 53.09257207500008)
3936,11,2019,3,4,8,3,5,3,1,1,0,0,0,0,0,0,8.87071960700007,53.09589805500008,Horn-Lehe,Horn,POINT (8.87071960700007 53.09589805500008)
3937,11,2019,3,4,5,3,5,3,1,1,0,0,0,0,2,1,8.711754670000062,53.17361571400005,Burglesum,Burgdamm,POINT (8.711754670000062 53.17361571400005)
3938,11,2019,4,4,8,3,5,3,1,1,0,0,0,0,0,0,8.781728866000037,53.08614298900005,Walle,Überseestadt,POINT (8.781728866000037 53.08614298900005)
3939,11,2019,4,4,10,3,3,7,1,1,0,0,0,0,0,0,8.875674336000031,53.066162914000074,Hemelingen,Hastedt,POINT (8.875674336000031 53.066162914000074)
3940,11,2019,3,4,15,3,5,3,1,0,0,1,0,0,0,1,8.942575623000039,53.057299811000064,Osterholz,Osterholz,POINT (8.942575623000039 53.057299811000064)
3941,11,2019,3,3,13,3,5,3,1,1,0,0,0,0,0,0,8.753544322000039,53.087762687000065,Woltmershausen,Rablinghausen,POINT (8.753544322000039 53.087762687000065)
3942,11,2019,4,3,8,3,5,2,1,1,0,0,0,0,0,0,8.777578568000024,53.08963763000003,Walle,Überseestadt,POINT (8.777578568000024 53.08963763000003)
3943,11,2019,4,3,8,3,0,7,1,0,0,0,0,0,0,0,8.827602759000058,53.078333059000045,Östliche Vorstadt,Fesenfeld,POINT (8.827602759000058 53.078333059000045)
3944,11,2019,3,2,17,3,5,2,1,1,0,0,0,0,0,1,8.880476200000032,53.10160724800005,Horn-Lehe,Lehe,POINT (8.880476200000032 53.10160724800005)
3945,11,2019,4,3,12,2,0,1,1,0,0,0,0,0,0,0,8.744717947000026,53.12274588300005,Häfen,Industriehäfen,POINT (8.744717947000026 53.12274588300005)
3946,11,2019,3,2,14,3,5,3,1,1,0,0,0,0,0,1,8.80641294000003,53.078771138000036,Mitte,Altstadt,POINT (8.80641294000003 53.078771138000036)
3947,11,2019,5,1,6,3,0,7,1,0,0,0,0,0,2,0,8.802196438000067,53.06761024700006,Neustadt,Buntentor,POINT (8.802196438000067 53.06761024700006)
3948,12,2019,5,7,13,3,5,3,1,0,0,0,0,1,0,0,8.585206099000061,53.55742468500006,Lehe,Königsheide,POINT (8.585206099000061 53.55742468500006)
3949,12,2019,5,6,11,3,5,2,1,1,0,0,0,0,0,0,8.59617393000002,53.57220269700008,Lehe,Königsheide,POINT (8.59617393000002 53.57220269700008)