,UKREIS,UJAHR,UMONAT,UWOCHENTAG,USTUNDE,UKATEGORIE,UART,UTYP1,IstRad,IstPKW,IstFuss,IstKrad,IstGkfz,IstSonstig,ULICHTVERH,STRZUSTAND,longitude,latitude,Stadtteil,Ortsteil,geometry
3950,11,2019,5,6,11,2,5,3,1,1,0,0,0,0,0,0,8.736745144000054,53.14245129200003,Gröpelingen,Oslebshausen,POINT (8.736745144000054 53.14245129200003)
3951,11,2019,5,6,6,3,5,2,1,1,0,0,0,0,0,0,8.82514653100003,53.08450052200004,Schwachhausen,Bürgerpark,POINT (8.82514653100003 53.08450052200004)
3952,11,2019,5,6,12,3,3,2,1,0,0,0,1,0,0,0,8.778742356000066,53.06467612500006,Neustadt,Neuenland,POINT (8.778742356000066 53.06467612500006)
3953,11,2019,5,6,10,3,5,2,1,1,0,0,0,0,0,0,8.80418388000004,53.07237431100003,Neustadt,Alte Neustadt,POINT (8.80418388000004 53.07237431100003)
3954,12,2019,5,5,18,3,5,2,1,1,0,0,0,0,0,0,8.588147592000041,53.53601667600003,Geestemünde,Buschkämpen,POINT (8.588147592000041 53.53601667600003)
3955,12,2019,5,5,11,3,5,3,1,1,0,0,0,0,0,0,8.59975836500007,53.49197893500008,Wulsdorf,Geestemünde-Süd,POINT (8.59975836500007 53.49197893500008)
3956,11,2019,5,5,7,3,5,2,1,1,0,0,0,0,0,0,8.825327474000062,53.04358604300006,Obervieland,Kattenturm,POINT (8.825327474000062 53.04358604300006)
3957,11,2019,5,5,9,3,5,3,1,0,0,0,1,0,0,0,8.786398346000055,53.07454861600007,Neustadt,Hohentor,POINT (8.786398346000055 53.07454861600007)
3958,11,2019,5,5,7,3,3,6,1,0,0,0,0,0,0,0,8.855404348000036,53.08441669700005,Schwachhausen,Radio Bremen,POINT (8.855404348000036 53.08441669700005)
3959,11,2019,5,5,15,3,5,3,1,1,0,0,0,0,0,0,8.779999662000023,53.09327346400005,Walle,Steffensweg,POINT (8.779999662000023 53.09327346400005)
3960,12,2019,5,4,21,3,0,7,1,0,0,0,0,0,1,0,8.592030089000048,53.52685001900005,Geestemünde,Buschkämpen,POINT (8.592030089000048 53.52685001900005)
3961,12,2019,5,4,6,2,5,3,1,1,0,0,0,0,0,0,8.608249243000046,53.59780356700003,Leherheide,Fehmoor,POINT (8.608249243000046 53.59780356700003)
3962,11,2019,5,4,19,3,5,2,1,1,0,0,0,0,0,0,8.860868139000047,53.06339875400005,Hemelingen,Hastedt,POINT (8.860868139000047 53.06339875400005)
3963,11,2019,5,4,8,3,5,3,1,1,0,0,0,0,0,1,8.821770491000052,53.08420387400008,Schwachhausen,Barkhof,POINT (8.821770491000052 53.08420387400008)
3964,11,2019,5,4,18,3,6,4,1,0,1,0,0,0,0,0,8.572996999000054,53.18146580300004,Blumenthal,Blumenthal,POINT (8.572996999000054 53.18146580300004)
3965,12,2019,5,3,7,3,5,3,1,1,0,0,0,0,0,0,8.585177901000066,53.55761132300006,Lehe,Königsheide,POINT (8.585177901000066 53.55761132300006)
3966,11,2019,5,3,7,3,5,2,1,0,0,0,0,1,0,1,8.757824331000052,53.05812947800007,Huchting,Grolland,POINT (8.757824331000052 53.05812947800007)
3967,11,2019,5,2,10,3,5,3,1,1,0,0,0,0,0,0,8.791064257000073,53.09150090300005,Walle,Utbremen,POINT (8.791064257000073 53.09150090300005)
3968,11,2019,5,1,12,3,1,5,1,1,0,0,0,0,0,0,8.861018546000025,53.06649207700008,Hemelingen,Hastedt,POINT (8.861018546000025 53.06649207700008)
3969,11,2019,5,7,10,3,1,5,1,1,0,0,0,0,0,0,8.941492544000027,53.070527208000044,Osterholz,Ellenerbrok-Schevemoor,POINT (8.941492544000027 53.070527208000044)
3970,11,2019,5,7,23,3,0,1,1,0,0,0,0,0,1,0,8.787781197000072,53.073822360000065,Neustadt,Hohentor,POINT (8.787781197000072 53.073822360000065)
3971,11,2019,5,7,17,3,0,7,1,0,1,0,0,0,0,0,8.57120812100004,53.183954397000036,Blumenthal,Blumenthal,POINT (8.57120812100004 53.183954397000036)
3972,11,2019,5,7,23,2,0,1,1,0,0,0,0,0,2,0,8.782712523000043,53.12325466800007,Walle,Hohweg,POINT (8.782712523000043 53.12325466800007)
3973,11,2019,5,7,18,3,3,6,1,0,0,0,0,1,0,0,8.88558481800004,53.056800328000065,Hemelingen,Hemelingen,POINT (8.88558481800004 53.056800328000065)
3974,12,2019,5,6,16,3,5,3,1,1,0,0,0,0,0,0,8.580445014000077,53.55413615800006,Lehe,Königsheide,POINT (8.580445014000077 53.55413615800006)
3975,11,2019,5,6,7,2,5,3,1,1,0,0,0,0,0,1,8.794906164000054,53.09397803300004,Walle,Westend,POINT (8.794906164000054 53.09397803300004)
3976,11,2019,5,6,15,3,1,5,1,1,0,0,0,0,0,0,8.810673878000046,53.08051541200007,Mitte,Bahnhofsvorstadt,POINT (8.810673878000046 53.08051541200007)
3977,11,2019,5,6,14,3,5,3,1,1,0,0,0,0,0,0,8.879935033000038,53.072206323000046,Vahr,Gartenstadt Vahr,POINT (8.879935033000038 53.072206323000046)
3978,11,2019,5,6,13,3,5,3,1,0,0,0,0,1,0,0,8.82441543300007,53.08442667000003,Schwachhausen,Barkhof,POINT (8.82441543300007 53.08442667000003)
3979,11,2019,5,5,7,3,5,3,1,1,0,0,0,0,0,0,8.951862875000074,53.072652849000065,Osterholz,Tenever,POINT (8.951862875000074 53.072652849000065)
3980,11,2019,5,5,15,3,1,5,1,1,0,0,0,0,0,1,8.709615991000021,53.17536957900006,Burglesum,Burgdamm,POINT (8.709615991000021 53.17536957900006)
3981,12,2019,5,4,14,3,1,5,1,1,0,0,0,0,0,0,8.580575053000075,53.55086483700006,Lehe,Königsheide,POINT (8.580575053000075 53.55086483700006)
3982,12,2019,5,4,20,3,5,3,1,1,0,0,0,0,0,0,8.611684978000028,53.58747540100006,Leherheide,Fehmoor,POINT (8.611684978000028 53.58747540100006)
3983,11,2019,5,4,9,3,5,3,1,1,0,0,0,0,0,0,8.740605876000075,53.12780104700005,Gröpelingen,Oslebshausen,POINT (8.740605876000075 53.12780104700005)
3984,11,2019,5,4,17,3,5,3,1,1,0,0,0,0,0,0,8.886768128000028,53.10067324500005,Horn-Lehe,Lehesterdeich,POINT (8.886768128000028 53.10067324500005)
3985,11,2019,5,4,17,3,1,7,1,0,0,0,0,1,0,0,8.82390041900004,53.07093195900006,Mitte,Ostertor,POINT (8.82390041900004 53.07093195900006)
3986,11,2019,5,3,18,3,0,1,1,0,0,0,0,0,0,0,8.807046852000042,53.07518031500007,Mitte,Altstadt,POINT (8.807046852000042 53.07518031500007)
3987,11,2019,5,3,18,3,2,6,1,1,0,1,0,0,0,0,8.715630876000034,53.05421861700006,Huchting,Mittelshuchting,POINT (8.715630876000034 53.05421861700006)
3988,11,2019,5,3,16,3,5,3,1,1,0,0,0,0,0,0,8.804631149000045,53.08578731500006,Mitte,Bahnhofsvorstadt,POINT (8.804631149000045 53.08578731500006)
3989,11,2019,5,3,17,3,5,2,1,1,0,0,0,0,0,0,8.58456400800003,53.18143901700006,Blumenthal,Blumenthal,POINT (8.58456400800003 53.18143901700006)
3990,11,2019,4,7,22,3,5,2,1,1,0,0,0,0,2,0,8.78974575500007,53.071463820000076,Neustadt,Hohentor,POINT (8.78974575500007 53.071463820000076)
3991,11,2019,4,7,15,3,1,5,1,1,0,0,0,0,0,0,8.893797051000035,53.06669443900006,Hemelingen,Sebaldsbrück,POINT (8.893797051000035 53.06669443900006)
3992,11,2019,4,7,11,2,4,6,1,0,0,0,0,0,0,0,8.821472141000072,53.07912046600006,Mitte,Ostertor,POINT (8.821472141000072 53.07912046600006)
3993,11,2019,4,7,12,3,0,7,1,0,0,0,0,0,0,0,8.832001741000056,53.071051726000064,Östliche Vorstadt,Steintor,POINT (8.832001741000056 53.071051726000064)
3994,11,2019,4,1,15,3,0,1,1,0,0,0,0,0,0,0,8.781803040000057,53.08753703300005,Walle,Überseestadt,POINT (8.781803040000057 53.08753703300005)
3995,11,2019,5,2,9,3,5,3,1,0,0,0,0,0,0,0,8.804456208000033,53.07549639000007,Mitte,Altstadt,POINT (8.804456208000033 53.07549639000007)
3996,11,2019,5,2,16,3,5,2,1,1,0,0,0,0,0,0,8.744443162000039,53.13023110200004,Gröpelingen,Oslebshausen,POINT (8.744443162000039 53.13023110200004)
3997,11,2019,5,2,18,3,5,3,1,1,0,0,0,0,0,0,8.758442046000027,53.05709636700004,Huchting,Grolland,POINT (8.758442046000027 53.05709636700004)
3998,11,2019,5,2,15,3,5,3,1,1,0,0,0,0,0,0,8.798822510000036,53.06583985300006,Neustadt,Buntentor,POINT (8.798822510000036 53.06583985300006)
3999,11,2019,5,2,7,3,5,2,1,1,0,0,0,0,0,0,8.821454860000074,53.03750184000006,Obervieland,Kattenturm,POINT (8.821454860000074 53.03750184000006)
4000,11,2019,5,2,17,3,5,2,1,1,0,0,0,0,0,0,8.737046857000053,53.07972006600005,Häfen,Neustädter Hafen,POINT (8.737046857000053 53.07972006600005)
4001,11,2019,5,2,19,3,5,3,1,1,0,0,0,0,1,0,8.892072202000065,53.04796758400005,Hemelingen,Hemelingen,POINT (8.892072202000065 53.04796758400005)
4002,11,2019,5,2,16,3,5,2,1,1,0,0,0,0,0,0,8.882070025000075,53.07909759200004,Vahr,Neue Vahr Südwest,POINT (8.882070025000075 53.07909759200004)
4003,12,2019,5,1,10,3,8,1,1,0,0,0,0,0,0,0,8.568695651000041,53.587597833000075,Lehe,Königsheide,POINT (8.568695651000041 53.587597833000075)
4004,11,2019,5,7,15,3,4,6,1,0,0,0,0,0,0,0,8.867925462000073,53.061427939000055,Hemelingen,Hastedt,POINT (8.867925462000073 53.061427939000055)
4005,11,2019,5,7,10,3,5,3,1,1,0,0,0,0,0,0,8.831644932000074,53.08112389400003,Schwachhausen,Gete,POINT (8.831644932000074 53.08112389400003)
4006,11,2019,5,7,1,3,0,7,1,0,0,0,0,0,2,0,8.854550164000045,53.08259891000006,Schwachhausen,Radio Bremen,POINT (8.854550164000045 53.08259891000006)
4007,11,2019,5,6,14,3,5,3,1,1,0,0,0,0,0,0,8.843485784000052,53.08367226300004,Schwachhausen,Gete,POINT (8.843485784000052 53.08367226300004)
4008,11,2019,5,6,14,3,5,3,1,1,0,0,0,0,0,0,8.84958074800005,53.08524988600004,Schwachhausen,Schwachhausen,POINT (8.84958074800005 53.08524988600004)
4009,12,2019,5,5,5,3,5,3,1,1,0,0,0,0,0,1,8.566138593000062,53.56036478500005,Mitte,Weddewarden,POINT (8.566138593000062 53.56036478500005)
4010,12,2019,5,5,11,3,5,3,1,0,0,0,0,1,0,0,8.597963481000022,53.58606821300003,Leherheide,Fehmoor,POINT (8.597963481000022 53.58606821300003)
4011,11,2019,5,5,12,3,0,7,1,1,0,0,0,0,0,0,8.637199163000048,53.18739084500004,Vegesack,Aumund-Hammersbeck,POINT (8.637199163000048 53.18739084500004)
4012,11,2019,5,5,15,3,0,7,1,0,0,0,0,0,0,0,8.787374009000075,53.074058852000064,Neustadt,Alte Neustadt,POINT (8.787374009000075 53.074058852000064)
4013,11,2019,5,5,7,3,5,3,1,1,0,0,0,0,0,1,8.819654458000059,53.03830984500007,Obervieland,Kattenturm,POINT (8.819654458000059 53.03830984500007)
4014,11,2019,5,5,7,3,0,7,1,0,1,0,0,0,0,1,8.795775438000021,53.077098515000046,Neustadt,Alte Neustadt,POINT (8.795775438000021 53.077098515000046)
4015,11,2019,5,5,7,3,5,2,1,1,0,0,0,0,0,0,8.906290830000046,53.059585980000065,Hemelingen,Sebaldsbrück,POINT (8.906290830000046 53.059585980000065)
4016,11,2019,5,5,19,3,5,2,1,1,0,0,0,0,0,0,8.80865906300005,53.082882030000064,Mitte,Bahnhofsvorstadt,POINT (8.80865906300005 53.082882030000064)
4017,12,2019,5,4,7,2,5,2,1,1,0,0,0,0,0,0,8.608728448000022,53.58970144400007,Leherheide,Fehmoor,POINT (8.608728448000022 53.58970144400007)
4018,11,2019,5,4,18,3,5,2,1,1,0,0,0,0,1,0,8.76843434400007,53.09401494100007,Walle,Überseestadt,POINT (8.76843434400007 53.09401494100007)
4019,11,2019,5,4,6,3,5,3,1,1,0,0,0,0,1,0,8.763546490000067,53.10892873200004,Gröpelingen,Lindenhof,POINT (8.763546490000067 53.10892873200004)
4020,11,2019,5,4,9,3,6,4,1,0,1,0,0,0,0,0,8.82057016300007,53.050843144000055,Neustadt,Huckelriede,POINT (8.82057016300007 53.050843144000055)
4021,11,2019,5,4,7,3,5,3,1,0,0,0,1,0,0,0,8.901498075000063,53.05942898600006,Hemelingen,Sebaldsbrück,POINT (8.901498075000063 53.05942898600006)
4022,11,2019,5,3,19,3,5,3,1,1,0,0,0,0,0,0,8.785258708000072,53.084413330000075,Walle,Überseestadt,POINT (8.785258708000072 53.084413330000075)
4023,11,2019,5,3,23,3,0,7,1,0,0,0,0,0,2,0,8.592263177000063,53.18311298400005,Blumenthal,Blumenthal,POINT (8.592263177000063 53.18311298400005)
4024,11,2019,5,3,16,3,4,2,1,1,0,0,0,0,0,0,8.791802333000021,53.06159969300006,Neustadt,Gartenstadt Süd,POINT (8.791802333000021 53.06159969300006)
4025,11,2019,5,3,6,3,5,3,1,1,0,0,0,0,0,1,8.964331925000067,53.063194991000046,Osterholz,Tenever,POINT (8.964331925000067 53.063194991000046)
4026,12,2019,5,2,7,3,5,3,1,1,0,0,0,0,0,1,8.604539394000028,53.57746861800007,Lehe,Königsheide,POINT (8.604539394000028 53.57746861800007)
4027,11,2019,5,2,9,3,5,3,1,1,0,0,0,0,0,0,8.870179145000066,53.06399433400003,Hemelingen,Hastedt,POINT (8.870179145000066 53.06399433400003)
4028,11,2019,5,2,9,3,5,3,1,1,0,0,0,0,0,1,8.57809338800007,53.20647575900006,Blumenthal,Lüssum-Bockhorn,POINT (8.57809338800007 53.20647575900006)
4029,11,2019,5,2,17,3,5,3,1,1,0,0,0,0,0,1,8.897450629000048,53.05857905400006,Hemelingen,Sebaldsbrück,POINT (8.897450629000048 53.05857905400006)
4030,11,2019,5,1,11,3,1,5,1,1,0,0,0,0,0,1,8.80075094700004,53.09734300700006,Findorff,Regensburger Str.,POINT (8.80075094700004 53.09734300700006)
4031,11,2019,5,1,10,3,5,3,1,1,0,0,0,0,0,0,8.81837321100005,53.07742415200005,Mitte,Ostertor,POINT (8.81837321100005 53.07742415200005)
4032,11,2019,5,1,19,3,5,3,1,1,0,0,0,0,0,0,8.686122133000026,53.17283439900007,Burglesum,Lesum,POINT (8.686122133000026 53.17283439900007)
4033,12,2019,5,6,17,2,5,3,1,1,0,0,0,0,0,0,8.588112246000037,53.534383296000044,Geestemünde,Buschkämpen,POINT (8.588112246000037 53.534383296000044)
4034,11,2019,5,6,15,3,5,3,1,1,0,0,0,0,0,0,8.855679187000021,53.069612892000066,Östliche Vorstadt,Peterswerder,POINT (8.855679187000021 53.069612892000066)
4035,11,2019,5,6,7,3,5,3,1,1,0,0,0,0,0,0,8.619924260000062,53.17297216000003,Vegesack,Vegesack,POINT (8.619924260000062 53.17297216000003)
4036,11,2019,5,6,14,3,6,4,1,0,1,0,0,0,0,0,8.846525280000037,53.10609104900004,Horn-Lehe,Lehe,POINT (8.846525280000037 53.10609104900004)
4037,11,2019,5,6,9,3,5,3,1,1,0,0,0,0,0,0,8.81418241700004,53.08523081000004,Findorff,Findorff-Bürgerweide,POINT (8.81418241700004 53.08523081000004)
4038,11,2019,5,5,2,3,0,7,1,0,0,0,0,0,2,0,8.810652386000072,53.08062515200004,Mitte,Bahnhofsvorstadt,POINT (8.810652386000072 53.08062515200004)
4039,11,2019,5,5,11,3,5,3,1,0,0,0,0,0,0,0,8.854737596000064,53.076446962000034,Schwachhausen,Gete,POINT (8.854737596000064 53.076446962000034)
4040,11,2019,5,4,17,3,6,4,1,0,1,0,0,0,0,0,8.794595811000022,53.06698444800003,Neustadt,Neustadt,POINT (8.794595811000022 53.06698444800003)
4041,11,2019,4,6,20,3,1,5,1,1,0,0,0,0,2,0,8.823598368000034,53.071779047000064,Östliche Vorstadt,Steintor,POINT (8.823598368000034 53.071779047000064)
4042,11,2019,5,4,9,3,1,5,1,1,0,0,0,0,0,0,8.811361562000059,53.08020742600007,Mitte,Bahnhofsvorstadt,POINT (8.811361562000059 53.08020742600007)
4043,11,2019,5,4,14,3,5,3,1,1,0,0,0,0,0,0,8.740011849000041,53.05140554700006,Huchting,Kirchhuchting,POINT (8.740011849000041 53.05140554700006)
4044,11,2019,5,4,5,3,1,7,1,1,0,0,0,0,1,0,8.871839660000035,53.098372880000056,Horn-Lehe,Lehe,POINT (8.871839660000035 53.098372880000056)
4045,11,2019,4,3,15,3,5,2,1,1,0,0,0,0,0,0,8.693999482000038,53.18061705200006,Burglesum,Lesum,POINT (8.693999482000038 53.18061705200006)
4046,11,2019,4,3,15,3,5,2,1,1,0,0,0,0,0,0,8.786200087000054,53.103058358000055,Walle,Walle,POINT (8.786200087000054 53.103058358000055)
4047,11,2019,4,3,14,3,0,6,1,0,0,0,0,0,0,0,8.882052237000039,53.10329480000007,Horn-Lehe,Lehesterdeich,POINT (8.882052237000039 53.10329480000007)
4048,11,2019,4,3,14,3,3,6,1,1,0,0,0,0,0,0,8.864135262000048,53.10255054900006,Horn-Lehe,Lehe,POINT (8.864135262000048 53.10255054900006)
4049,11,2019,4,2,14,3,3,2,1,0,0,0,0,1,0,1,8.788437257000055,53.09395658200003,Walle,Westend,POINT (8.788437257000055 53.09395658200003)
4050,11,2019,4,2,15,3,3,6,1,1,0,0,0,0,0,0,8.731375403000072,53.13087628400007,Gröpelingen,Oslebshausen,POINT (8.731375403000072 53.13087628400007)
4051,11,2019,4,2,16,3,4,6,1,0,0,0,0,0,0,0,8.881989608000026,53.07554024700005,Vahr,Neue Vahr Südwest,POINT (8.881989608000026 53.07554024700005)
4052,11,2019,4,2,12,3,5,3,1,1,0,0,0,0,0,1,8.828396304000023,53.08776073200005,Schwachhausen,Bürgerpark,POINT (8.828396304000023 53.08776073200005)
4053,11,2019,4,7,18,2,0,1,1,0,0,0,0,0,0,0,8.620184618000053,53.17075180300003,Vegesack,Vegesack,POINT (8.620184618000053 53.17075180300003)
4054,11,2019,4,6,19,3,6,4,1,0,1,0,0,0,1,1,8.847070808000069,53.08481534400005,Schwachhausen,Gete,POINT (8.847070808000069 53.08481534400005)
4055,11,2019,4,6,19,3,5,3,1,1,0,0,0,0,0,0,8.951138425000067,53.06220462500005,Osterholz,Tenever,POINT (8.951138425000067 53.06220462500005)
4056,11,2019,4,1,14,3,0,7,1,0,0,0,0,0,0,0,8.704239703000042,53.15675900900004,Burglesum,Burg-Grambke,POINT (8.704239703000042 53.15675900900004)
4057,11,2019,4,6,14,3,5,3,1,1,0,0,0,0,0,1,8.93061728300006,53.03857947100005,Hemelingen,Arbergen,POINT (8.93061728300006 53.03857947100005)
4058,11,2019,4,6,12,3,0,3,1,1,0,0,0,0,0,1,8.78833865100006,53.06305838600008,Neustadt,Neustadt,POINT (8.78833865100006 53.06305838600008)
4059,11,2019,4,5,5,3,3,6,1,0,0,0,0,1,1,1,8.969900779000056,53.042747045000056,Hemelingen,Mahndorf,POINT (8.969900779000056 53.042747045000056)
4060,11,2019,4,5,7,3,5,3,1,1,0,0,0,0,0,0,8.764604490000067,53.08301605500003,Woltmershausen,Woltmershausen,POINT (8.764604490000067 53.08301605500003)
4061,11,2019,4,5,16,3,5,2,1,1,0,0,0,0,0,0,8.78753788900002,53.09957151700007,Walle,Westend,POINT (8.78753788900002 53.09957151700007)
4062,11,2019,4,5,17,3,5,3,1,0,0,0,0,0,0,0,8.84713355200006,53.08700698500007,Schwachhausen,Riensberg,POINT (8.84713355200006 53.08700698500007)
4063,11,2019,4,5,9,3,5,3,1,1,0,0,0,0,0,0,8.754086141000073,53.12198080500008,Gröpelingen,Ohlenhof,POINT (8.754086141000073 53.12198080500008)
4064,11,2019,4,5,8,3,5,3,1,1,0,0,0,0,0,0,8.824882498000022,53.084182543000054,Schwachhausen,Barkhof,POINT (8.824882498000022 53.084182543000054)
4065,11,2019,4,4,5,3,7,7,1,0,0,0,0,0,2,0,8.741337016000045,53.07932613600008,unbekannt,Strom,POINT (8.741337016000045 53.07932613600008)
4066,11,2019,4,4,18,3,1,5,1,1,0,0,0,0,0,0,8.789052609000066,53.06900043100006,Neustadt,Neustadt,POINT (8.789052609000066 53.06900043100006)
4067,11,2019,4,4,19,3,4,6,1,0,0,0,0,0,0,0,8.805267245000039,53.08102369900007,Mitte,Bahnhofsvorstadt,POINT (8.805267245000039 53.08102369900007)
4068,12,2019,4,3,17,3,5,3,1,1,0,0,0,0,0,0,8.583527609000043,53.586802196000065,Lehe,Königsheide,POINT (8.583527609000043 53.586802196000065)
4069,11,2019,4,3,13,3,3,3,1,1,0,0,0,0,0,0,8.75392230600005,53.12040746500003,Gröpelingen,Ohlenhof,POINT (8.75392230600005 53.12040746500003)
4070,11,2019,4,3,19,2,5,3,1,1,0,0,0,0,1,0,8.83716054100006,53.07176794900005,Östliche Vorstadt,Peterswerder,POINT (8.83716054100006 53.07176794900005)
4071,11,2019,4,3,9,3,3,2,1,1,0,0,0,0,0,0,8.824398771000062,53.08442465100006,Schwachhausen,Barkhof,POINT (8.824398771000062 53.08442465100006)
4072,11,2019,4,2,21,2,6,4,1,1,1,0,0,0,0,0,8.79265839900006,53.065729099000066,Neustadt,Neustadt,POINT (8.79265839900006 53.065729099000066)
4073,11,2019,4,2,17,3,5,3,1,0,0,0,0,1,0,0,8.881553792000034,53.05942032400003,Hemelingen,Hemelingen,POINT (8.881553792000034 53.05942032400003)
4074,11,2019,4,1,16,3,1,7,1,1,0,0,0,0,0,0,8.954937733000065,53.066464765000035,Osterholz,Tenever,POINT (8.954937733000065 53.066464765000035)
4075,11,2019,4,6,22,3,6,4,1,1,1,0,0,0,2,0,8.799814323000021,53.07037808100006,Neustadt,Alte Neustadt,POINT (8.799814323000021 53.07037808100006)
4076,11,2019,4,7,12,3,5,3,1,1,0,0,0,0,0,0,8.955920719000062,53.04658589500008,Osterholz,Osterholz,POINT (8.955920719000062 53.04658589500008)
4077,11,2019,7,3,6,3,5,3,1,1,0,0,0,0,0,0,8.730107480000072,53.03401440400006,unbekannt,unbekannt,POINT (8.730107480000072 53.03401440400006)
4078,11,2019,7,2,6,3,5,3,1,1,0,0,0,0,0,0,8.918736938000052,53.04119158300006,Hemelingen,Arbergen,POINT (8.918736938000052 53.04119158300006)
4079,11,2019,7,2,18,3,3,6,1,0,0,0,0,0,0,0,8.803830822000066,53.08029899200005,Mitte,Altstadt,POINT (8.803830822000066 53.08029899200005)
4080,11,2019,7,2,11,3,0,2,1,1,0,0,0,0,0,0,8.931690458000048,53.06220031200007,Osterholz,Ellenerbrok-Schevemoor,POINT (8.931690458000048 53.06220031200007)
4081,11,2019,7,2,7,3,5,2,1,0,0,0,0,1,0,0,8.786398346000055,53.07454861600007,Neustadt,Hohentor,POINT (8.786398346000055 53.07454861600007)
4082,11,2019,7,2,9,3,1,3,1,0,0,0,0,0,0,0,8.870304824000073,53.06488049600006,Hemelingen,Hastedt,POINT (8.870304824000073 53.06488049600006)
4083,11,2019,7,2,12,3,6,4,1,0,1,0,0,0,0,0,8.846502881000049,53.071590797000056,Östliche Vorstadt,Peterswerder,POINT (8.846502881000049 53.071590797000056)
4084,12,2019,6,1,14,3,5,3,1,1,0,0,0,0,0,0,8.595104305000064,53.56563836500004,Lehe,Königsheide,POINT (8.595104305000064 53.56563836500004)
4085,12,2019,6,1,9,3,4,2,1,1,0,0,0,0,0,0,8.607601687000056,53.53528091000004,Geestemünde,Buschkämpen,POINT (8.607601687000056 53.53528091000004)
4086,11,2019,6,7,21,3,0,1,1,0,0,0,0,0,0,0,8.90633063000007,53.07136296700003,Hemelingen,Sebaldsbrück,POINT (8.90633063000007 53.07136296700003)
4087,12,2019,6,6,11,3,5,3,1,1,0,0,0,0,0,0,8.599557310000023,53.53021613000004,Geestemünde,Buschkämpen,POINT (8.599557310000023 53.53021613000004)
4088,11,2019,6,6,13,3,7,7,1,0,0,0,0,0,0,0,8.817237379000062,53.07001660100008,Mitte,Ostertor,POINT (8.817237379000062 53.07001660100008)
4089,11,2019,6,6,13,3,3,3,1,0,0,0,0,1,0,0,8.824542407000024,53.08418728100003,Schwachhausen,Barkhof,POINT (8.824542407000024 53.08418728100003)
4090,11,2019,6,6,15,3,5,3,1,1,0,0,0,0,0,0,8.879747357000042,53.11256830700006,Horn-Lehe,Lehesterdeich,POINT (8.879747357000042 53.11256830700006)
4091,11,2019,6,6,9,3,0,7,1,0,0,0,0,0,0,0,8.57796669000004,53.18159824500003,Blumenthal,Blumenthal,POINT (8.57796669000004 53.18159824500003)
4092,11,2019,6,6,17,3,5,3,1,1,0,0,0,0,0,0,8.896271833000071,53.118530545000056,Horn-Lehe,Lehesterdeich,POINT (8.896271833000071 53.118530545000056)
4093,11,2019,6,6,13,3,5,3,1,0,0,0,1,0,0,0,8.853841506000037,53.08237060100004,Schwachhausen,Gete,POINT (8.853841506000037 53.08237060100004)
4094,11,2019,6,5,18,3,5,2,1,1,0,0,0,0,0,0,8.80849962000002,53.08804321700006,Findorff,Findorff-Bürgerweide,POINT (8.80849962000002 53.08804321700006)
4095,11,2019,6,5,13,3,0,3,1,0,0,0,0,1,0,0,8.88748470400003,53.05054141100004,Hemelingen,Hemelingen,POINT (8.88748470400003 53.05054141100004)
4096,12,2019,6,4,16,3,5,3,1,1,0,0,0,0,0,0,8.602531016000057,53.50941562600008,Wulsdorf,Geestemünde-Süd,POINT (8.602531016000057 53.50941562600008)
4097,11,2019,6,4,13,3,5,2,1,1,0,0,0,0,0,0,8.919916615000034,53.07339919200007,Osterholz,Blockdiek,POINT (8.919916615000034 53.07339919200007)
4098,11,2019,6,4,14,2,5,2,1,0,0,0,0,1,0,0,8.771743920000063,53.079250296000055,Woltmershausen,Woltmershausen,POINT (8.771743920000063 53.079250296000055)
4099,11,2019,6,4,12,3,5,3,1,1,0,0,0,0,0,0,8.804354355000044,53.07252620600008,Mitte,Altstadt,POINT (8.804354355000044 53.07252620600008)
4100,11,2019,6,4,14,3,5,2,1,1,0,0,0,0,0,0,8.809216402000061,53.078852049000034,Mitte,Altstadt,POINT (8.809216402000061 53.078852049000034)
4101,11,2019,6,4,11,3,5,3,1,1,0,0,0,0,0,0,8.893566448000058,53.09839499700007,Horn-Lehe,Lehesterdeich,POINT (8.893566448000058 53.09839499700007)
4102,12,2019,6,3,7,3,5,3,1,0,0,0,0,1,0,0,8.597734335000041,53.53410970600004,Geestemünde,Buschkämpen,POINT (8.597734335000041 53.53410970600004)
4103,11,2019,6,3,13,3,4,6,1,0,0,0,0,0,0,0,8.752817313000037,53.08934986700007,Woltmershausen,Rablinghausen,POINT (8.752817313000037 53.08934986700007)
4104,11,2019,6,3,15,3,5,2,1,1,0,0,0,0,0,0,8.875976800000046,53.08213294600006,Vahr,Neue Vahr Südwest,POINT (8.875976800000046 53.08213294600006)
4105,11,2019,6,3,21,3,0,2,1,1,0,0,0,0,1,0,8.835290351000026,53.06290929200003,Obervieland,Habenhausen,POINT (8.835290351000026 53.06290929200003)
4106,11,2019,6,3,11,3,5,2,1,1,0,0,0,0,0,0,8.832749008000064,53.07747282100007,Östliche Vorstadt,Fesenfeld,POINT (8.832749008000064 53.07747282100007)