,UKREIS,UJAHR,UMONAT,UWOCHENTAG,USTUNDE,UKATEGORIE,UART,UTYP1,IstRad,IstPKW,IstFuss,IstKrad,IstGkfz,IstSonstig,ULICHTVERH,STRZUSTAND,longitude,latitude,Stadtteil,Ortsteil,geometry
4890,11,2020,2,3,11,3,5,2,1,1,0,0,0,0,0,1,8.812650100000042,53.08081529900005,Mitte,Bahnhofsvorstadt,POINT (8.812650100000042 53.08081529900005)
4891,11,2020,2,5,6,3,4,6,1,1,0,0,0,0,2,1,8.627954775000035,53.17270280500003,Vegesack,Vegesack,POINT (8.627954775000035 53.17270280500003)
4892,11,2020,1,4,7,3,0,7,1,0,0,0,0,0,1,0,8.809865233000039,53.099103239000044,Findorff,Weidedamm,POINT (8.809865233000039 53.099103239000044)
4893,11,2020,2,6,15,3,5,3,1,1,0,0,0,0,0,0,8.884879368000043,53.10003747900004,Horn-Lehe,Lehesterdeich,POINT (8.884879368000043 53.10003747900004)
4894,11,2020,2,7,1,3,0,7,1,0,0,0,0,0,2,0,8.86349277100004,53.065024347000076,Hemelingen,Hastedt,POINT (8.86349277100004 53.065024347000076)
4895,11,2020,2,2,8,3,6,4,1,0,1,0,0,0,0,1,8.880672016000062,53.10167895600006,Horn-Lehe,Lehe,POINT (8.880672016000062 53.10167895600006)
4896,11,2020,2,4,7,3,5,3,1,1,0,0,0,0,0,0,8.604365735000044,53.175593794000065,Vegesack,Fähr-Lobbendorf,POINT (8.604365735000044 53.175593794000065)
4897,11,2020,2,5,14,3,5,3,1,0,0,0,0,1,0,1,8.855020138000043,53.08200504500007,Schwachhausen,Gete,POINT (8.855020138000043 53.08200504500007)
4898,12,2020,2,4,6,2,5,3,1,1,0,0,0,0,2,1,8.59669322700006,53.571761802000026,Lehe,Königsheide,POINT (8.59669322700006 53.571761802000026)
4899,11,2020,2,5,11,3,5,2,1,1,0,0,0,0,0,0,8.572784395000042,53.18146579100005,Blumenthal,Blumenthal,POINT (8.572784395000042 53.18146579100005)
4900,11,2020,1,6,3,3,0,7,1,0,0,0,0,0,2,1,8.809756588000027,53.08866326300006,Findorff,Findorff-Bürgerweide,POINT (8.809756588000027 53.08866326300006)
4901,11,2020,2,2,21,2,0,7,1,0,0,0,0,0,2,1,8.813370035000048,53.10206205500003,Findorff,Weidedamm,POINT (8.813370035000048 53.10206205500003)
4902,11,2020,2,4,8,3,5,3,1,1,0,0,0,0,0,0,8.833781135000038,53.08185706300003,Schwachhausen,Schwachhausen,POINT (8.833781135000038 53.08185706300003)
4903,11,2020,1,4,7,3,3,5,1,1,0,0,0,0,1,1,8.840798935000066,53.08441882600005,Schwachhausen,Schwachhausen,POINT (8.840798935000066 53.08441882600005)
4904,11,2020,1,3,6,3,6,4,1,0,1,0,0,0,2,1,8.802051056000039,53.093934810000064,Findorff,Regensburger Str.,POINT (8.802051056000039 53.093934810000064)
4905,11,2020,2,2,18,3,5,2,1,1,0,0,0,0,2,1,8.778725248000057,53.06459873000006,Neustadt,Neuenland,POINT (8.778725248000057 53.06459873000006)
4906,11,2020,1,6,13,3,6,7,1,0,1,0,0,0,0,0,8.739613739000049,53.054984938000075,Huchting,Mittelshuchting,POINT (8.739613739000049 53.054984938000075)
4907,11,2020,2,2,14,2,0,7,1,0,0,0,0,0,0,1,8.829326209000044,53.07198990000006,Östliche Vorstadt,Steintor,POINT (8.829326209000044 53.07198990000006)
4908,11,2020,1,3,6,3,5,2,1,1,0,0,0,0,2,1,8.87894387700004,53.078924408000034,Vahr,Neue Vahr Südwest,POINT (8.87894387700004 53.078924408000034)
4909,11,2020,1,6,11,2,3,6,1,1,0,0,0,0,0,0,8.853178721000063,53.04883724200005,Obervieland,Habenhausen,POINT (8.853178721000063 53.04883724200005)
4910,11,2020,1,3,8,3,5,2,1,1,0,0,0,0,1,0,8.800428399000054,53.07871244300003,Mitte,Altstadt,POINT (8.800428399000054 53.07871244300003)
4911,11,2020,1,3,16,2,5,3,1,0,0,1,0,0,1,0,8.650106544000039,53.17391808200006,Vegesack,Schönebeck,POINT (8.650106544000039 53.17391808200006)
4912,11,2020,1,6,8,3,5,3,1,1,0,0,0,0,0,1,8.898485211000036,53.13465257100006,unbekannt,Borgfeld,POINT (8.898485211000036 53.13465257100006)
4913,11,2020,1,4,6,3,5,2,1,0,0,0,0,1,2,1,8.740876503000038,53.05232880300008,Huchting,Kirchhuchting,POINT (8.740876503000038 53.05232880300008)
4914,11,2020,2,7,11,2,0,7,1,0,0,0,0,0,0,1,8.907558820000077,53.08220653200004,unbekannt,unbekannt,POINT (8.907558820000077 53.08220653200004)
4915,11,2020,1,5,10,3,1,5,1,1,0,0,0,0,0,0,8.808473305000064,53.08119548500008,Mitte,Bahnhofsvorstadt,POINT (8.808473305000064 53.08119548500008)
4916,11,2020,1,3,8,3,3,2,1,1,0,0,0,0,1,1,8.84263818900007,53.07206594000007,Östliche Vorstadt,Peterswerder,POINT (8.84263818900007 53.07206594000007)
4917,12,2020,2,2,11,3,5,3,1,1,0,0,0,0,0,1,8.608822327000041,53.58691561200004,Leherheide,Fehmoor,POINT (8.608822327000041 53.58691561200004)
4918,11,2020,1,2,6,3,5,3,1,1,0,0,0,0,2,1,8.855004033000057,53.079795442000034,Schwachhausen,Gete,POINT (8.855004033000057 53.079795442000034)
4919,11,2020,2,1,17,3,3,6,1,1,0,0,0,0,0,0,8.839136673000041,53.07660428400004,Östliche Vorstadt,Hulsberg,POINT (8.839136673000041 53.07660428400004)
4920,11,2020,1,5,8,3,5,2,1,1,0,0,0,0,0,0,8.769646301000023,53.110400232000075,Gröpelingen,Lindenhof,POINT (8.769646301000023 53.110400232000075)
4921,12,2020,2,6,17,3,0,7,1,1,0,0,0,0,1,0,8.58517144700005,53.557380901000045,Lehe,Königsheide,POINT (8.58517144700005 53.557380901000045)
4922,11,2020,1,2,10,1,5,3,1,0,0,0,1,0,0,0,8.900761931000034,53.03292479700008,Hemelingen,Hemelingen,POINT (8.900761931000034 53.03292479700008)
4923,11,2020,2,5,19,3,5,2,1,1,0,0,0,0,2,1,8.884142929000063,53.06359900700005,Hemelingen,Sebaldsbrück,POINT (8.884142929000063 53.06359900700005)
4924,11,2020,2,4,8,3,0,7,1,0,0,0,1,0,0,1,8.842986421000035,53.072688407000044,Östliche Vorstadt,Hulsberg,POINT (8.842986421000035 53.072688407000044)
4925,11,2020,1,2,11,3,5,3,1,1,0,0,0,0,0,1,8.758324985000058,53.12154641600006,Gröpelingen,Ohlenhof,POINT (8.758324985000058 53.12154641600006)
4926,11,2020,2,5,12,3,4,3,1,1,0,0,0,0,0,0,8.846930491000023,53.04831208300004,Obervieland,Habenhausen,POINT (8.846930491000023 53.04831208300004)
4927,11,2020,1,2,7,3,4,2,1,0,0,0,0,1,2,1,8.81911232400006,53.08027913400008,Mitte,Bahnhofsvorstadt,POINT (8.81911232400006 53.08027913400008)
4928,11,2020,2,6,9,2,3,2,1,0,0,0,0,0,0,0,8.806152431000044,53.09036975500004,Findorff,Findorff-Bürgerweide,POINT (8.806152431000044 53.09036975500004)
4929,11,2020,1,2,17,3,5,3,1,1,0,0,0,0,2,0,8.87762521600007,53.08029895300007,Vahr,Neue Vahr Südwest,POINT (8.87762521600007 53.08029895300007)
4930,11,2020,1,6,13,3,5,3,1,1,0,0,0,0,0,0,8.878531905000045,53.07891533600008,Vahr,Gartenstadt Vahr,POINT (8.878531905000045 53.07891533600008)
4931,12,2020,2,2,18,3,0,1,1,0,0,0,0,0,2,1,8.585487244000035,53.51505880700006,Fischereihafen,Geestemünde-Süd,POINT (8.585487244000035 53.51505880700006)
4932,11,2020,1,6,23,3,4,3,1,1,0,0,0,0,2,1,8.79684648400007,53.06454658400003,Neustadt,Gartenstadt Süd,POINT (8.79684648400007 53.06454658400003)
4933,11,2020,1,2,16,3,6,4,1,0,1,0,0,0,0,0,8.809058839000045,53.06163634400008,Neustadt,Huckelriede,POINT (8.809058839000045 53.06163634400008)
4934,11,2020,2,3,16,3,5,3,1,1,0,0,0,0,0,0,8.883323587000064,53.12128890300005,Horn-Lehe,Lehesterdeich,POINT (8.883323587000064 53.12128890300005)
4935,11,2020,2,4,8,3,3,2,1,1,0,0,0,0,0,0,8.806674581000038,53.08167557500008,Mitte,Bahnhofsvorstadt,POINT (8.806674581000038 53.08167557500008)
4936,11,2020,1,6,12,3,5,2,1,1,0,0,0,0,0,0,8.82686779200003,53.08333233400003,Schwachhausen,Bürgerpark,POINT (8.82686779200003 53.08333233400003)
4937,11,2020,2,2,16,3,5,2,1,1,0,0,0,0,0,1,8.937742995000065,53.07542890800005,Osterholz,Ellenerbrok-Schevemoor,POINT (8.937742995000065 53.07542890800005)
4938,11,2020,1,6,8,3,5,2,1,1,0,0,0,0,2,1,8.627693900000054,53.17130517600003,Vegesack,Vegesack,POINT (8.627693900000054 53.17130517600003)
4939,11,2020,2,3,14,3,5,3,1,1,0,0,0,0,0,1,8.811624435000056,53.03087241500003,Obervieland,Kattenesch,POINT (8.811624435000056 53.03087241500003)
4940,11,2020,1,2,8,2,5,3,1,1,0,0,0,0,0,0,8.856186514000058,53.07048713000006,Hemelingen,Hastedt,POINT (8.856186514000058 53.07048713000006)
4941,11,2020,2,3,15,3,1,5,1,1,0,0,0,0,0,0,8.802710098000034,53.07023090700005,Neustadt,Alte Neustadt,POINT (8.802710098000034 53.07023090700005)
4942,11,2020,1,6,9,3,5,2,1,1,0,0,0,0,0,0,8.862372164000021,53.102823252000064,Horn-Lehe,Lehe,POINT (8.862372164000021 53.102823252000064)
4943,11,2020,1,1,9,3,0,7,1,0,0,0,0,1,0,2,8.888239895000027,53.08359501400008,Vahr,Neue Vahr Nord,POINT (8.888239895000027 53.08359501400008)
4944,11,2020,1,5,15,3,3,6,1,1,0,0,0,0,0,0,8.850701127000036,53.085155307000036,Schwachhausen,Radio Bremen,POINT (8.850701127000036 53.085155307000036)
4945,11,2020,1,1,8,3,0,1,1,0,0,0,0,0,0,2,8.79654460100005,53.136549924000064,unbekannt,Blockland,POINT (8.79654460100005 53.136549924000064)
4946,11,2020,1,2,18,3,5,3,1,1,0,0,0,0,2,0,8.81817273300004,53.077723459000026,Mitte,Ostertor,POINT (8.81817273300004 53.077723459000026)
4947,11,2020,1,2,12,3,5,2,1,1,0,0,0,0,0,0,8.88172275900007,53.11124171400007,Horn-Lehe,Lehesterdeich,POINT (8.88172275900007 53.11124171400007)
4948,12,2020,1,3,16,3,3,6,1,1,0,0,0,0,2,1,8.592336034000027,53.49713600000007,Fischereihafen,Geestemünde-Süd,POINT (8.592336034000027 53.49713600000007)
4949,11,2020,2,5,21,3,5,3,1,0,0,0,0,1,2,1,8.832818512000074,53.07088901100008,Östliche Vorstadt,Steintor,POINT (8.832818512000074 53.07088901100008)
4950,11,2020,1,2,7,3,5,2,1,1,0,0,0,0,1,1,8.738468237000063,53.04725066600008,Huchting,Kirchhuchting,POINT (8.738468237000063 53.04725066600008)
4951,11,2020,1,2,12,3,0,7,1,0,0,0,0,0,0,0,8.83120477400007,53.07524028300003,Östliche Vorstadt,Fesenfeld,POINT (8.83120477400007 53.07524028300003)
4952,11,2020,2,3,14,3,3,2,1,1,0,0,0,0,0,0,8.894376876000024,53.05442923800007,Hemelingen,Hemelingen,POINT (8.894376876000024 53.05442923800007)
4953,12,2020,1,7,23,2,0,1,1,0,0,0,0,0,2,1,8.62536123500007,53.54741502200005,Schiffdorferdamm,Buschkämpen,POINT (8.62536123500007 53.54741502200005)
4954,11,2020,1,1,20,3,5,2,1,1,0,0,0,0,2,0,8.84361231500003,53.06887759500006,Östliche Vorstadt,Peterswerder,POINT (8.84361231500003 53.06887759500006)
4955,12,2020,1,2,17,3,5,3,1,1,0,0,0,0,2,0,8.601263078000045,53.53131608800004,Geestemünde,Buschkämpen,POINT (8.601263078000045 53.53131608800004)
4956,12,2020,2,4,11,3,1,5,1,1,0,0,0,0,0,0,8.584225554000056,53.556093188000034,Lehe,Königsheide,POINT (8.584225554000056 53.556093188000034)
4957,11,2020,1,4,7,3,4,2,1,1,0,0,0,0,2,1,8.787934969000048,53.06279738600006,Neustadt,Neuenland,POINT (8.787934969000048 53.06279738600006)
4958,11,2020,1,1,21,3,3,6,1,1,0,0,0,0,2,1,8.830841187000033,53.07143829800003,Östliche Vorstadt,Steintor,POINT (8.830841187000033 53.07143829800003)
4959,11,2020,2,5,14,3,3,2,1,0,0,0,0,0,0,0,8.832209286000023,53.09299847900007,Schwachhausen,Neu-Schwachhausen,POINT (8.832209286000023 53.09299847900007)
4960,11,2020,1,6,9,3,5,3,1,1,0,0,0,0,0,0,8.88072349500004,53.08105813200007,Vahr,Neue Vahr Südwest,POINT (8.88072349500004 53.08105813200007)
4961,11,2020,2,2,14,3,5,2,1,1,0,0,0,0,0,0,8.837406921000024,53.037835044000076,Obervieland,Arsten,POINT (8.837406921000024 53.037835044000076)
4962,12,2020,2,4,14,3,5,3,1,1,0,0,0,0,0,1,8.595353672000044,53.55874886000004,Lehe,Königsheide,POINT (8.595353672000044 53.55874886000004)
4963,11,2020,1,7,15,3,5,2,1,1,0,0,0,0,0,0,8.798862412000062,53.06584407000008,Neustadt,Buntentor,POINT (8.798862412000062 53.06584407000008)
4964,12,2020,1,5,15,3,2,6,1,1,0,0,0,0,0,0,8.596713052000041,53.51153830800007,Wulsdorf,Geestemünde-Süd,POINT (8.596713052000041 53.51153830800007)
4965,11,2020,2,3,14,3,5,3,1,1,0,0,0,0,0,1,8.880491671000073,53.06097873500005,Hemelingen,Hastedt,POINT (8.880491671000073 53.06097873500005)
4966,11,2020,1,3,8,3,5,3,1,1,0,0,0,0,0,0,8.644118451000054,53.16504501900005,Vegesack,Grohn,POINT (8.644118451000054 53.16504501900005)
4967,11,2020,2,3,14,2,5,3,1,1,0,0,0,0,0,1,8.685373114000072,53.17689220300008,Burglesum,Lesum,POINT (8.685373114000072 53.17689220300008)
4968,11,2020,1,6,13,3,3,6,1,0,0,0,0,0,0,0,8.762334253000063,53.087138167000035,Woltmershausen,Woltmershausen,POINT (8.762334253000063 53.087138167000035)
4969,11,2020,1,4,8,3,5,3,1,1,0,0,0,0,0,1,8.894103079000047,53.082222914000056,Vahr,Neue Vahr Südost,POINT (8.894103079000047 53.082222914000056)
4970,11,2020,2,1,2,3,0,7,1,1,0,0,0,0,2,1,8.818225602000041,53.077644527000075,Mitte,Ostertor,POINT (8.818225602000041 53.077644527000075)
4971,11,2020,1,2,17,3,0,7,1,0,0,0,0,1,1,0,8.753250946000037,53.12841083300003,Gröpelingen,Ohlenhof,POINT (8.753250946000037 53.12841083300003)
4972,11,2020,1,6,16,3,0,7,1,0,0,0,0,1,1,1,8.86242648600006,53.10894657400007,Horn-Lehe,Lehe,POINT (8.86242648600006 53.10894657400007)
4973,12,2020,1,3,8,3,5,3,1,1,0,0,0,0,0,1,8.603886975000023,53.57036470400004,Lehe,Königsheide,POINT (8.603886975000023 53.57036470400004)
4974,11,2020,2,6,15,3,5,3,1,1,0,0,0,0,0,0,8.81413464600007,53.08036405400003,Mitte,Bahnhofsvorstadt,POINT (8.81413464600007 53.08036405400003)
4975,11,2020,1,6,9,3,4,6,1,0,0,0,0,0,0,0,8.834574477000046,53.07225635400005,Östliche Vorstadt,Steintor,POINT (8.834574477000046 53.07225635400005)
4976,11,2020,1,6,10,3,0,1,1,0,0,0,0,0,0,0,8.86982696800004,53.09729244400006,Horn-Lehe,Horn,POINT (8.86982696800004 53.09729244400006)
4977,11,2020,1,6,7,3,3,6,1,0,0,0,0,0,1,0,8.85481945600003,53.07642627400003,Schwachhausen,Gete,POINT (8.85481945600003 53.07642627400003)
4978,11,2020,2,4,7,3,0,7,1,0,0,0,0,0,0,1,8.814289216000077,53.10079094900004,Findorff,Weidedamm,POINT (8.814289216000077 53.10079094900004)
4979,11,2020,2,5,13,2,6,4,1,0,1,0,0,0,0,1,8.805078887000036,53.07434648900005,Mitte,Altstadt,POINT (8.805078887000036 53.07434648900005)
4980,11,2020,2,5,14,3,5,2,1,1,0,0,0,0,0,0,8.875928894000026,53.08218691700006,Vahr,Neue Vahr Südwest,POINT (8.875928894000026 53.08218691700006)
4981,11,2020,1,6,13,3,6,4,1,0,1,0,0,0,0,1,8.843215042000054,53.06894425400003,Östliche Vorstadt,Peterswerder,POINT (8.843215042000054 53.06894425400003)
4982,12,2020,2,3,6,2,5,2,1,1,0,0,0,0,2,1,8.580789038000034,53.53953587400008,Mitte,Weddewarden,POINT (8.580789038000034 53.53953587400008)
4983,11,2020,2,4,17,3,5,3,1,1,0,0,0,0,2,0,8.77082665000006,53.09363580100006,Walle,Überseestadt,POINT (8.77082665000006 53.09363580100006)
4984,11,2020,1,5,11,2,5,3,1,1,0,0,0,0,0,1,8.876577907000069,53.08108387800007,Vahr,Gartenstadt Vahr,POINT (8.876577907000069 53.08108387800007)
4985,11,2020,2,2,15,3,5,3,1,1,0,0,0,0,0,1,8.799123509000026,53.05647621500003,Neustadt,Gartenstadt Süd,POINT (8.799123509000026 53.05647621500003)
4986,11,2020,1,6,21,3,5,3,1,1,0,0,0,0,2,1,8.825317835000021,53.04359090200006,Obervieland,Kattenturm,POINT (8.825317835000021 53.04359090200006)
4987,11,2020,1,2,16,3,5,2,1,1,0,0,0,0,0,1,8.867280899000036,53.09110922100007,Horn-Lehe,Horn,POINT (8.867280899000036 53.09110922100007)
4988,11,2020,1,6,13,3,0,1,1,0,0,0,0,0,0,1,8.819759442000077,53.08043498500007,Mitte,Ostertor,POINT (8.819759442000077 53.08043498500007)
4989,11,2020,2,3,16,2,5,3,1,1,0,0,0,0,0,0,8.599724270000024,53.177884402000075,Vegesack,Fähr-Lobbendorf,POINT (8.599724270000024 53.177884402000075)
4990,11,2020,2,2,6,2,5,3,1,1,0,0,0,0,2,0,8.874274645000071,53.07841546800006,Vahr,Gartenstadt Vahr,POINT (8.874274645000071 53.07841546800006)
4991,11,2020,1,3,11,3,0,2,1,1,0,0,0,0,0,0,8.822005304000072,53.03715488700004,Obervieland,Kattenturm,POINT (8.822005304000072 53.03715488700004)
4992,11,2020,2,3,14,3,0,7,1,0,0,0,0,0,0,1,8.78498877000004,53.060880206000036,Neustadt,Neuenland,POINT (8.78498877000004 53.060880206000036)
4993,12,2020,1,5,22,3,5,2,1,1,0,0,0,0,2,1,8.591226619000054,53.58131587200006,Lehe,Königsheide,POINT (8.591226619000054 53.58131587200006)
4994,11,2020,1,5,7,3,5,2,1,0,0,0,0,1,1,0,8.818521899000075,53.086457720000055,Schwachhausen,Barkhof,POINT (8.818521899000075 53.086457720000055)
4995,11,2020,1,5,14,2,0,7,1,0,0,0,0,0,0,1,8.669167408000021,53.17213227900004,Burglesum,St.Magnus,POINT (8.669167408000021 53.17213227900004)
4996,11,2020,4,4,11,3,5,3,1,1,0,0,0,0,0,0,8.635982322000075,53.17128323400004,Vegesack,Grohn,POINT (8.635982322000075 53.17128323400004)
4997,11,2020,3,7,14,3,3,6,1,0,0,0,0,0,0,0,8.789546597000026,53.07120600800005,Neustadt,Neustadt,POINT (8.789546597000026 53.07120600800005)
4998,11,2020,4,6,14,3,4,6,1,1,0,0,0,0,0,0,8.807085006000023,53.06126276900005,Neustadt,Buntentor,POINT (8.807085006000023 53.06126276900005)
4999,11,2020,5,7,13,3,5,3,1,1,0,0,0,0,0,1,8.769213561000072,53.110779784000044,Gröpelingen,Lindenhof,POINT (8.769213561000072 53.110779784000044)
5000,11,2020,3,6,18,3,5,2,1,1,0,0,0,0,1,1,8.876954730000023,53.08068219000006,Vahr,Gartenstadt Vahr,POINT (8.876954730000023 53.08068219000006)
5001,11,2020,4,1,9,3,5,3,1,1,0,0,0,0,0,0,8.884270315000037,53.071786581000026,Vahr,Gartenstadt Vahr,POINT (8.884270315000037 53.071786581000026)
5002,11,2020,4,5,10,3,5,3,1,1,0,0,0,0,0,0,8.78677413400004,53.07450059200005,Neustadt,Alte Neustadt,POINT (8.78677413400004 53.07450059200005)
5003,11,2020,4,2,19,3,5,3,1,1,0,0,0,0,0,0,8.945677257000057,53.05814487600003,Osterholz,Osterholz,POINT (8.945677257000057 53.05814487600003)
5004,11,2020,5,5,12,3,5,3,1,1,0,0,0,0,0,0,8.898529512000039,53.11990551900004,unbekannt,Borgfeld,POINT (8.898529512000039 53.11990551900004)
5005,11,2020,4,4,7,3,0,7,1,0,0,0,0,0,0,0,8.896208278000074,53.05692426100006,Hemelingen,Sebaldsbrück,POINT (8.896208278000074 53.05692426100006)
5006,11,2020,4,3,11,3,1,7,1,1,0,0,0,0,0,0,8.613807751000024,53.182203593000054,Vegesack,Fähr-Lobbendorf,POINT (8.613807751000024 53.182203593000054)
5007,11,2020,4,3,11,2,5,3,1,1,0,0,0,0,0,0,8.804163183000071,53.072419041000046,Neustadt,Alte Neustadt,POINT (8.804163183000071 53.072419041000046)
5008,11,2020,4,3,18,3,3,2,1,1,0,0,0,0,0,0,8.946370444000024,53.03936371000003,Hemelingen,Mahndorf,POINT (8.946370444000024 53.03936371000003)
5009,11,2020,4,3,14,3,6,4,1,0,1,0,0,0,0,0,8.831309600000054,53.079887056000075,Schwachhausen,Gete,POINT (8.831309600000054 53.079887056000075)
5010,11,2020,4,2,16,3,3,2,1,1,0,0,0,0,0,0,8.635229736000042,53.18504520400006,Vegesack,Aumund-Hammersbeck,POINT (8.635229736000042 53.18504520400006)
5011,11,2020,4,2,14,3,5,3,1,1,0,0,0,0,0,0,8.799378902000058,53.114701066000066,Walle,Hohweg,POINT (8.799378902000058 53.114701066000066)
5012,11,2020,5,4,9,3,1,7,1,1,0,0,0,0,0,0,8.859669121000024,53.08525005000007,Schwachhausen,Radio Bremen,POINT (8.859669121000024 53.08525005000007)
5013,11,2020,4,2,8,3,5,2,1,1,0,0,0,0,0,0,8.824426667000068,53.08449143800004,Schwachhausen,Barkhof,POINT (8.824426667000068 53.08449143800004)
5014,11,2020,3,6,7,2,3,6,1,0,0,0,0,0,0,1,8.834310663000053,53.08198138500006,Schwachhausen,Schwachhausen,POINT (8.834310663000053 53.08198138500006)
5015,11,2020,4,2,19,2,5,7,1,0,0,0,0,0,0,0,8.847979020000025,53.093530230000056,Schwachhausen,Neu-Schwachhausen,POINT (8.847979020000025 53.093530230000056)
5016,11,2020,4,4,13,3,6,4,1,0,1,0,0,0,0,0,8.876976375000027,53.06334120200006,Hemelingen,Hastedt,POINT (8.876976375000027 53.06334120200006)
5017,11,2020,3,6,16,3,5,2,1,1,0,0,0,0,0,1,8.829427777000035,53.08056258000005,Schwachhausen,Barkhof,POINT (8.829427777000035 53.08056258000005)
5018,11,2020,4,2,20,3,0,7,1,1,0,0,0,0,1,0,8.791332540000042,53.06985829800004,Neustadt,Neustadt,POINT (8.791332540000042 53.06985829800004)
5019,11,2020,4,6,12,3,5,3,1,0,0,0,0,0,0,0,8.798310135000065,53.06611997200008,Neustadt,Südervorstadt,POINT (8.798310135000065 53.06611997200008)
5020,11,2020,4,1,18,3,0,7,1,0,0,0,0,0,0,0,8.835724172000027,53.06826955400004,Östliche Vorstadt,Peterswerder,POINT (8.835724172000027 53.06826955400004)
5021,11,2020,4,1,14,3,5,2,1,1,0,0,0,0,0,0,8.838014645000044,53.06789341700005,Östliche Vorstadt,Peterswerder,POINT (8.838014645000044 53.06789341700005)
5022,11,2020,5,4,11,3,6,4,1,0,1,0,0,0,0,0,8.79000155400007,53.07164773900007,Neustadt,Hohentor,POINT (8.79000155400007 53.07164773900007)
5023,11,2020,4,1,16,3,0,7,1,0,0,0,0,0,0,0,8.761111241000037,53.059391825000034,Huchting,Grolland,POINT (8.761111241000037 53.059391825000034)
5024,11,2020,4,1,14,2,0,1,1,0,0,0,0,0,0,0,8.630547339000032,53.15677636600003,Burglesum,Werderland,POINT (8.630547339000032 53.15677636600003)
5025,11,2020,4,4,17,3,3,6,1,0,0,0,0,0,0,1,8.865219610000054,53.08222029600006,Vahr,Gartenstadt Vahr,POINT (8.865219610000054 53.08222029600006)
5026,11,2020,4,1,16,2,5,2,1,1,0,0,0,0,0,0,8.751724016000026,53.163920665000035,unbekannt,Blockland,POINT (8.751724016000026 53.163920665000035)
5027,12,2020,3,4,0,3,5,2,1,0,0,0,0,1,2,1,8.618662241000038,53.528422112000044,Geestemünde,Buschkämpen,POINT (8.618662241000038 53.528422112000044)
5028,12,2020,4,7,17,1,5,3,1,1,0,0,0,0,0,0,8.619347830000038,53.51088639500006,Geestemünde,Buschkämpen,POINT (8.619347830000038 53.51088639500006)
5029,11,2020,4,5,15,3,5,3,1,1,0,0,0,0,0,0,8.781518763000065,53.101021262000074,Walle,Walle,POINT (8.781518763000065 53.101021262000074)
5030,11,2020,4,7,12,3,5,3,1,1,0,0,0,0,0,0,8.87425823500007,53.097037208000074,Horn-Lehe,Horn,POINT (8.87425823500007 53.097037208000074)
5031,11,2020,4,4,15,3,5,3,1,0,0,0,0,0,0,0,8.809725249000053,53.06295406500004,Neustadt,Buntentor,POINT (8.809725249000053 53.06295406500004)
5032,11,2020,3,4,18,3,5,3,1,0,0,0,0,0,1,1,8.840895300000057,53.06736760200005,Östliche Vorstadt,Peterswerder,POINT (8.840895300000057 53.06736760200005)
5033,11,2020,4,6,8,3,5,3,1,0,0,1,0,0,0,0,8.799163523000061,53.07949018900007,Mitte,Altstadt,POINT (8.799163523000061 53.07949018900007)
5034,11,2020,3,4,13,3,5,2,1,1,0,0,0,0,0,0,8.638105922000022,53.173228968000046,Vegesack,Schönebeck,POINT (8.638105922000022 53.173228968000046)
5035,11,2020,3,4,13,3,6,4,1,0,1,0,0,0,0,0,8.761701924000022,53.11528846200008,Gröpelingen,Gröpelingen,POINT (8.761701924000022 53.11528846200008)
5036,11,2020,3,3,13,3,0,7,1,0,0,0,0,1,0,0,8.775833043000034,53.10219756300006,Walle,Walle,POINT (8.775833043000034 53.10219756300006)
5037,11,2020,4,7,16,3,5,3,1,1,0,0,0,0,0,0,8.619076017000054,53.18051622100006,Vegesack,Vegesack,POINT (8.619076017000054 53.18051622100006)
5038,12,2020,5,1,18,3,0,7,1,0,0,0,0,0,0,0,8.583193559000051,53.59041134800003,Lehe,Königsheide,POINT (8.583193559000051 53.59041134800003)
5039,11,2020,3,3,16,3,5,3,1,1,0,0,0,0,0,0,8.733400885000037,53.081269973000076,Häfen,Neustädter Hafen,POINT (8.733400885000037 53.081269973000076)
5040,11,2020,3,2,17,3,6,4,1,0,1,0,0,0,0,0,8.616779950000023,53.171707910000066,Vegesack,Vegesack,POINT (8.616779950000023 53.171707910000066)
5041,11,2020,3,4,14,3,5,3,1,1,0,0,0,0,0,0,8.811574620000044,53.03089334900005,Obervieland,Kattenesch,POINT (8.811574620000044 53.03089334900005)
5042,11,2020,3,2,13,3,5,2,1,0,0,0,1,0,0,1,8.888031621000039,53.10916262900008,Horn-Lehe,Lehesterdeich,POINT (8.888031621000039 53.10916262900008)
5043,12,2020,4,5,12,3,8,1,1,0,0,0,0,0,0,0,8.596452911000029,53.50924827100005,Wulsdorf,Geestemünde-Süd,POINT (8.596452911000029 53.50924827100005)
5044,11,2020,3,4,17,3,2,7,1,1,0,0,0,0,0,1,8.756324910000046,53.12415553100004,Gröpelingen,Ohlenhof,POINT (8.756324910000046 53.12415553100004)
5045,11,2020,4,6,13,3,0,7,1,0,1,0,0,0,0,0,8.815820563000045,53.07033484500005,Mitte,Ostertor,POINT (8.815820563000045 53.07033484500005)
5046,12,2020,3,1,15,3,0,7,1,0,0,0,0,0,0,0,8.600247781000064,53.51140279800006,Wulsdorf,Geestemünde-Süd,POINT (8.600247781000064 53.51140279800006)