,UKREIS,UJAHR,UMONAT,UWOCHENTAG,USTUNDE,UKATEGORIE,UART,UTYP1,IstRad,IstPKW,IstFuss,IstKrad,IstGkfz,IstSonstig,ULICHTVERH,STRZUSTAND,longitude,latitude,Stadtteil,Ortsteil,geometry
6300,11,2021,1,2,11,3,0,7,1,1,0,0,0,0,0,0,8.786068581000052,53.10034090700003,Walle,Walle,POINT (8.786068581000052 53.10034090700003)
6301,11,2021,6,2,17,3,2,6,1,1,0,0,0,0,0,1,8.809339926000064,53.06070756100007,Neustadt,Huckelriede,POINT (8.809339926000064 53.06070756100007)
6302,12,2021,5,1,20,3,5,3,1,1,0,0,0,0,1,0,8.586075829000038,53.56088272300008,Lehe,Königsheide,POINT (8.586075829000038 53.56088272300008)
6303,11,2021,6,2,13,3,5,2,1,0,0,0,0,1,0,0,8.86681390800004,53.08213269100003,Vahr,Gartenstadt Vahr,POINT (8.86681390800004 53.08213269100003)
6304,11,2021,5,2,14,3,5,2,1,1,0,0,0,0,0,0,8.909298221000029,53.05954067500005,Hemelingen,Sebaldsbrück,POINT (8.909298221000029 53.05954067500005)
6305,11,2021,4,5,7,3,5,3,1,1,0,0,0,0,0,0,8.843038153000066,53.08099454000006,Schwachhausen,Gete,POINT (8.843038153000066 53.08099454000006)
6306,12,2021,2,4,16,3,1,7,1,1,0,0,0,0,0,0,8.586089113000071,53.561030051000046,Lehe,Königsheide,POINT (8.586089113000071 53.561030051000046)
6307,11,2021,5,1,10,3,3,6,1,0,0,0,0,0,0,0,8.781896243000062,53.153444258000036,unbekannt,Blockland,POINT (8.781896243000062 53.153444258000036)
6308,11,2021,7,4,9,3,5,3,1,1,0,0,0,0,0,0,8.716143910000028,53.17821102800008,Burglesum,Burgdamm,POINT (8.716143910000028 53.17821102800008)
6309,11,2021,3,2,14,3,3,6,1,1,0,0,0,0,0,0,8.829869779000035,53.08553120900007,Schwachhausen,Bürgerpark,POINT (8.829869779000035 53.08553120900007)
6310,11,2021,6,4,10,3,5,3,1,1,0,0,0,0,0,0,8.946559270000023,53.07662843700007,Osterholz,Tenever,POINT (8.946559270000023 53.07662843700007)
6311,11,2021,7,7,17,3,3,6,1,0,0,0,0,0,0,0,8.630656291000037,53.15691138300008,Burglesum,Werderland,POINT (8.630656291000037 53.15691138300008)
6312,12,2021,5,2,7,3,3,2,1,1,0,0,0,0,0,0,8.59800812100002,53.53379250800003,Geestemünde,Buschkämpen,POINT (8.59800812100002 53.53379250800003)
6313,11,2021,5,2,15,2,5,3,1,1,0,0,0,0,0,1,8.84632166800003,53.03389237300007,Obervieland,Arsten,POINT (8.84632166800003 53.03389237300007)
6314,11,2021,4,5,15,3,5,3,1,1,0,0,0,0,0,0,8.850000544000068,53.094735161000074,Schwachhausen,Neu-Schwachhausen,POINT (8.850000544000068 53.094735161000074)
6315,12,2021,6,5,6,3,5,2,1,1,0,0,0,0,0,0,8.59758740500007,53.585081596000066,Lehe,Königsheide,POINT (8.59758740500007 53.585081596000066)
6316,11,2021,6,5,11,3,5,3,1,1,0,0,0,0,0,0,8.781252063000068,53.07575584700004,Woltmershausen,Woltmershausen,POINT (8.781252063000068 53.07575584700004)
6317,11,2021,2,6,11,3,4,6,1,1,0,0,0,0,0,1,8.824317792000045,53.07034351600004,Östliche Vorstadt,Steintor,POINT (8.824317792000045 53.07034351600004)
6318,11,2021,3,2,13,3,5,3,1,1,0,0,0,0,0,0,8.836636443000032,53.02912618400006,Obervieland,Arsten,POINT (8.836636443000032 53.02912618400006)
6319,11,2021,7,2,12,3,5,3,1,1,0,0,0,0,0,0,8.851751148000062,53.03537012500004,Obervieland,Arsten,POINT (8.851751148000062 53.03537012500004)
6320,12,2021,3,5,12,3,5,2,1,1,0,0,0,0,0,1,8.573942614000032,53.55269123200003,Mitte,Weddewarden,POINT (8.573942614000032 53.55269123200003)
6321,11,2021,4,3,15,3,5,3,1,1,0,0,0,0,0,0,8.567871469000067,53.18864378500007,Blumenthal,Blumenthal,POINT (8.567871469000067 53.18864378500007)
6322,12,2021,7,2,17,2,0,7,1,0,0,0,0,0,0,0,8.570994873000075,53.544882587000075,Mitte,Weddewarden,POINT (8.570994873000075 53.544882587000075)
6323,11,2021,6,1,15,3,5,3,1,0,0,0,0,0,0,0,8.832925225000054,53.10845073400003,Horn-Lehe,Lehe,POINT (8.832925225000054 53.10845073400003)
6324,12,2021,5,5,18,3,0,7,1,0,0,0,0,0,0,0,8.604921811000054,53.52332126500005,Geestemünde,Buschkämpen,POINT (8.604921811000054 53.52332126500005)
6325,11,2021,7,7,11,3,2,6,1,1,0,0,0,0,0,0,8.80358590700007,53.06281612200007,Neustadt,Buntentor,POINT (8.80358590700007 53.06281612200007)
6326,11,2021,2,4,20,3,0,7,1,0,0,0,0,0,2,0,8.754591491000042,53.11594591200003,Gröpelingen,Lindenhof,POINT (8.754591491000042 53.11594591200003)
6327,11,2021,7,5,19,3,4,6,1,0,0,0,0,0,0,1,8.786804330000052,53.09053015300003,Walle,Steffensweg,POINT (8.786804330000052 53.09053015300003)
6328,11,2021,1,4,6,3,0,7,1,0,0,0,0,0,2,1,8.686049274000027,53.171109811000065,Burglesum,Lesum,POINT (8.686049274000027 53.171109811000065)
6329,11,2021,5,4,9,3,3,2,1,1,0,0,0,0,0,0,8.690687550000064,53.16894539000003,Burglesum,Lesum,POINT (8.690687550000064 53.16894539000003)
6330,11,2021,3,6,13,3,4,2,1,1,0,0,0,0,0,0,8.809391378000043,53.07918111500004,Mitte,Altstadt,POINT (8.809391378000043 53.07918111500004)
6331,11,2021,6,2,17,3,0,3,1,1,0,0,0,0,0,0,8.849127329000055,53.068420536000076,Östliche Vorstadt,Peterswerder,POINT (8.849127329000055 53.068420536000076)
6332,11,2021,3,2,14,3,5,3,1,1,0,0,0,0,0,1,8.876467971000068,53.08102003500005,Vahr,Gartenstadt Vahr,POINT (8.876467971000068 53.08102003500005)
6333,11,2021,7,6,16,3,4,6,1,0,0,0,0,0,0,0,8.807954348000067,53.07442406800004,Mitte,Altstadt,POINT (8.807954348000067 53.07442406800004)
6334,12,2021,7,4,20,3,5,3,1,1,0,0,0,0,0,0,8.612211632000026,53.587567472000046,Leherheide,Fehmoor,POINT (8.612211632000026 53.587567472000046)
6335,11,2021,6,5,5,3,5,3,1,1,0,0,0,0,0,0,8.774282889000062,53.07764471100006,Woltmershausen,Woltmershausen,POINT (8.774282889000062 53.07764471100006)
6336,11,2021,7,5,17,3,5,3,1,1,0,0,0,0,0,1,8.873023893000038,53.08476041200004,Schwachhausen,Radio Bremen,POINT (8.873023893000038 53.08476041200004)
6337,11,2021,5,2,18,3,5,3,1,1,0,0,0,0,0,1,8.75010626300002,53.12587695900004,Gröpelingen,Ohlenhof,POINT (8.75010626300002 53.12587695900004)
6338,11,2021,2,5,22,3,5,3,1,1,0,0,0,0,2,1,8.798482211000021,53.07102986800004,Neustadt,Alte Neustadt,POINT (8.798482211000021 53.07102986800004)
6339,11,2021,5,5,12,3,5,2,1,1,0,0,0,0,0,0,8.948904327000037,53.06358428600004,Osterholz,Ellenerbrok-Schevemoor,POINT (8.948904327000037 53.06358428600004)
6340,11,2021,1,7,23,3,5,3,1,1,0,0,0,0,2,0,8.900838149000037,53.078676751000046,Vahr,Neue Vahr Südost,POINT (8.900838149000037 53.078676751000046)
6341,12,2021,1,6,9,3,5,3,1,1,0,0,0,0,0,1,8.621494532000042,53.59040894300006,Leherheide,Fehmoor,POINT (8.621494532000042 53.59040894300006)
6342,11,2021,3,4,12,3,5,3,1,1,0,0,0,0,0,0,8.769760934000033,53.094993300000056,Walle,Überseestadt,POINT (8.769760934000033 53.094993300000056)
6343,11,2021,7,5,8,3,5,3,1,1,0,0,0,0,0,1,8.740760082000065,53.053064204000066,Huchting,Mittelshuchting,POINT (8.740760082000065 53.053064204000066)
6344,11,2021,5,5,16,3,0,7,1,0,0,0,0,0,0,0,8.728180007000049,53.038384009000026,Huchting,Kirchhuchting,POINT (8.728180007000049 53.038384009000026)
6345,11,2021,4,2,15,2,0,7,1,0,0,0,0,0,0,0,8.839387846000022,53.15344189700005,unbekannt,Blockland,POINT (8.839387846000022 53.15344189700005)
6346,12,2021,6,4,1,2,8,1,1,0,0,0,0,0,2,0,8.578694097000039,53.556135837000056,Lehe,Königsheide,POINT (8.578694097000039 53.556135837000056)
6347,11,2021,1,5,13,3,3,2,1,0,0,0,1,0,0,1,8.914073313000074,53.062679125000045,Hemelingen,Sebaldsbrück,POINT (8.914073313000074 53.062679125000045)
6348,11,2021,6,7,22,3,3,6,1,0,0,0,0,0,2,0,8.738729078000063,53.146262671000045,Gröpelingen,Oslebshausen,POINT (8.738729078000063 53.146262671000045)
6349,11,2021,4,5,7,3,5,2,1,1,0,0,0,0,0,0,8.758877731000041,53.11600961700003,Gröpelingen,Lindenhof,POINT (8.758877731000041 53.11600961700003)
6350,11,2021,6,5,7,3,2,6,1,1,0,0,0,0,0,0,8.772692719000077,53.09635422900004,Walle,Überseestadt,POINT (8.772692719000077 53.09635422900004)
6351,11,2021,1,4,15,3,4,6,1,0,0,0,0,0,0,0,8.898238875000061,53.04380089500006,Hemelingen,Hemelingen,POINT (8.898238875000061 53.04380089500006)
6352,11,2021,6,4,13,3,3,6,1,0,0,0,0,1,0,0,8.690724561000025,53.16891987400004,Burglesum,Lesum,POINT (8.690724561000025 53.16891987400004)
6353,11,2021,5,2,11,3,0,7,1,0,0,0,0,0,0,1,8.887674894000043,53.05616378600007,Hemelingen,Hemelingen,POINT (8.887674894000043 53.05616378600007)
6354,11,2021,7,3,12,2,5,3,1,1,0,0,0,0,0,0,8.704594496000027,53.15510125700007,Burglesum,Burg-Grambke,POINT (8.704594496000027 53.15510125700007)
6355,11,2021,3,4,14,3,2,7,1,0,0,0,0,0,0,0,8.88803854300005,53.10917219800007,Horn-Lehe,Lehesterdeich,POINT (8.88803854300005 53.10917219800007)
6356,11,2021,6,3,7,2,1,7,1,1,0,0,0,0,0,1,8.842307677000065,53.07144889600005,Östliche Vorstadt,Peterswerder,POINT (8.842307677000065 53.07144889600005)
6357,11,2021,7,7,0,3,4,6,1,0,0,0,0,0,2,0,8.811062520000064,53.07167994500003,Mitte,Altstadt,POINT (8.811062520000064 53.07167994500003)
6358,12,2021,4,5,13,3,1,5,1,1,0,0,0,0,0,1,8.57271926900006,53.55040598200003,Mitte,Weddewarden,POINT (8.57271926900006 53.55040598200003)
6359,11,2021,7,6,16,3,5,3,1,1,0,0,0,0,0,0,8.942927636000036,53.08687419700004,unbekannt,unbekannt,POINT (8.942927636000036 53.08687419700004)
6360,11,2021,6,5,11,3,3,2,1,0,0,0,0,1,0,0,8.784994751000056,53.088704335000045,Walle,Überseestadt,POINT (8.784994751000056 53.088704335000045)
6361,11,2021,3,3,16,3,3,6,1,1,0,0,0,0,0,0,8.838713260000077,53.08011368100006,Schwachhausen,Gete,POINT (8.838713260000077 53.08011368100006)
6362,11,2021,6,5,15,3,4,2,1,1,0,0,0,0,0,0,8.76313579500004,53.05999732500004,Huchting,Grolland,POINT (8.76313579500004 53.05999732500004)
6363,11,2021,7,2,16,3,6,4,1,0,1,0,0,0,0,0,8.849261755000043,53.08510321600005,Schwachhausen,Gete,POINT (8.849261755000043 53.08510321600005)
6364,11,2021,5,4,14,3,5,2,1,1,0,0,0,0,0,0,8.791032346000065,53.09162216200008,Walle,Westend,POINT (8.791032346000065 53.09162216200008)
6365,11,2021,6,2,13,3,3,6,1,1,0,0,0,0,0,0,8.844133747000058,53.05546252900007,Obervieland,Habenhausen,POINT (8.844133747000058 53.05546252900007)
6366,11,2021,2,5,8,3,5,3,1,1,0,0,0,0,0,0,8.83968959300006,53.098654029000045,Schwachhausen,Neu-Schwachhausen,POINT (8.83968959300006 53.098654029000045)
6367,11,2021,5,7,23,2,0,1,1,0,0,0,0,0,2,0,8.812891713000056,53.05868272300006,Neustadt,Huckelriede,POINT (8.812891713000056 53.05868272300006)
6368,11,2021,3,6,19,3,5,2,1,1,0,0,0,0,2,0,8.844868278000035,53.04579135900008,Obervieland,Habenhausen,POINT (8.844868278000035 53.04579135900008)
6369,11,2021,6,6,11,3,5,2,1,1,0,0,0,0,0,0,8.950419520000025,53.05840216800004,Osterholz,Ellenerbrok-Schevemoor,POINT (8.950419520000025 53.05840216800004)
6370,11,2021,3,3,14,3,5,3,1,1,0,0,0,0,0,1,8.748807716000044,53.124853561000066,Gröpelingen,Ohlenhof,POINT (8.748807716000044 53.124853561000066)
6371,11,2021,4,3,6,3,3,6,1,0,0,0,0,0,1,0,8.705795803000058,53.15339524400008,Burglesum,Burg-Grambke,POINT (8.705795803000058 53.15339524400008)
6372,11,2021,6,3,17,2,0,7,1,0,0,0,0,0,0,0,8.85368765000004,53.08720344000005,Schwachhausen,Radio Bremen,POINT (8.85368765000004 53.08720344000005)
6373,11,2021,6,5,18,2,4,6,1,1,0,0,0,0,0,0,8.783501834000049,53.10074014600008,Walle,Walle,POINT (8.783501834000049 53.10074014600008)
6374,11,2021,2,6,14,3,4,6,1,0,0,0,0,0,0,0,8.827083259000062,53.034270234000076,Obervieland,Kattenturm,POINT (8.827083259000062 53.034270234000076)
6375,11,2021,6,2,18,3,5,2,1,1,0,0,0,0,0,0,8.831361806000075,53.08125396600008,Schwachhausen,Schwachhausen,POINT (8.831361806000075 53.08125396600008)
6376,11,2021,1,4,14,3,3,6,1,0,0,1,0,0,0,1,8.916591789000051,53.097618003000036,unbekannt,unbekannt,POINT (8.916591789000051 53.097618003000036)
6377,11,2021,3,6,12,3,1,5,1,1,0,0,0,0,0,0,8.84913122200004,53.068428235000056,Östliche Vorstadt,Peterswerder,POINT (8.84913122200004 53.068428235000056)
6378,11,2021,2,3,11,2,5,3,1,1,0,0,0,0,0,1,8.81213628100005,53.07528049300004,Mitte,Altstadt,POINT (8.81213628100005 53.07528049300004)
6379,11,2021,7,7,23,3,3,6,1,1,0,0,0,0,2,0,8.824143573000072,53.063149346000046,Neustadt,Huckelriede,POINT (8.824143573000072 53.063149346000046)
6380,11,2021,6,3,16,3,1,5,1,1,0,0,0,0,0,0,8.578207048000024,53.185035550000066,Blumenthal,Blumenthal,POINT (8.578207048000024 53.185035550000066)
6381,11,2021,1,3,12,3,4,2,1,1,0,0,0,0,0,1,8.85693535400003,53.07268604500007,Hemelingen,Hastedt,POINT (8.85693535400003 53.07268604500007)
6382,11,2021,5,2,19,3,5,2,1,1,0,0,0,0,0,1,8.832102020000036,53.06868823000008,Östliche Vorstadt,Peterswerder,POINT (8.832102020000036 53.06868823000008)
6383,12,2021,7,7,14,3,5,3,1,1,0,0,0,0,0,0,8.576970175000042,53.55265455500006,Mitte,Weddewarden,POINT (8.576970175000042 53.55265455500006)
6384,11,2021,6,6,11,3,5,3,1,1,0,0,0,0,0,0,8.74079249700003,53.05306998000003,Huchting,Mittelshuchting,POINT (8.74079249700003 53.05306998000003)
6385,11,2021,3,4,10,3,5,3,1,1,0,0,0,0,0,1,8.880213602000026,53.07718418600007,Vahr,Gartenstadt Vahr,POINT (8.880213602000026 53.07718418600007)
6386,12,2021,6,2,14,3,8,1,1,0,0,0,0,0,0,0,8.638639350000062,53.531008073000066,Schiffdorferdamm,Buschkämpen,POINT (8.638639350000062 53.531008073000066)
6387,11,2021,7,7,20,3,0,7,1,0,0,0,0,0,1,0,8.822780282000053,53.07291608200006,Mitte,Ostertor,POINT (8.822780282000053 53.07291608200006)
6388,11,2021,5,6,15,3,5,2,1,1,0,0,0,0,0,0,8.832366863000061,53.083947746000035,Schwachhausen,Schwachhausen,POINT (8.832366863000061 53.083947746000035)
6389,11,2021,1,3,19,3,5,3,1,1,0,0,0,0,2,1,8.826207150000073,53.03433234700003,Obervieland,Kattenturm,POINT (8.826207150000073 53.03433234700003)
6390,11,2021,6,7,19,2,5,3,1,1,0,0,0,0,0,0,8.782236813000054,53.104512715000055,Walle,Walle,POINT (8.782236813000054 53.104512715000055)
6391,11,2021,5,4,13,3,5,3,1,1,0,0,0,0,0,1,8.878434088000063,53.079088701000046,Vahr,Gartenstadt Vahr,POINT (8.878434088000063 53.079088701000046)
6392,11,2021,7,2,8,3,0,1,1,0,0,0,0,0,0,0,8.88220242400007,53.06376748800005,Hemelingen,Hastedt,POINT (8.88220242400007 53.06376748800005)
6393,11,2021,3,6,7,3,0,1,1,0,0,0,0,0,0,0,8.881945347000055,53.06392657400005,Hemelingen,Hastedt,POINT (8.881945347000055 53.06392657400005)
6394,11,2021,6,7,11,3,1,5,1,1,0,0,0,0,0,1,8.894195101000037,53.106913861000066,Horn-Lehe,Lehesterdeich,POINT (8.894195101000037 53.106913861000066)
6395,11,2021,5,2,14,3,2,6,1,0,0,0,0,1,0,0,8.804117504000033,53.07261619800005,Mitte,Altstadt,POINT (8.804117504000033 53.07261619800005)
6396,11,2021,7,3,13,3,0,7,1,0,0,0,0,0,0,0,8.706766567000045,53.112179697000045,unbekannt,Seehausen,POINT (8.706766567000045 53.112179697000045)
6397,12,2021,3,5,12,3,9,1,1,0,0,0,0,1,0,0,8.597956056000044,53.58296126300007,Lehe,Königsheide,POINT (8.597956056000044 53.58296126300007)
6398,12,2021,6,4,22,3,1,5,1,1,0,0,0,0,2,0,8.567150022000021,53.55824695200005,Mitte,Weddewarden,POINT (8.567150022000021 53.55824695200005)
6399,11,2021,2,3,14,3,4,6,1,1,0,0,0,0,0,2,8.835112429000048,53.06835606200008,Östliche Vorstadt,Peterswerder,POINT (8.835112429000048 53.06835606200008)
6400,12,2021,5,2,12,3,6,7,1,0,1,0,0,0,0,0,8.588293429000032,53.53991973300003,Geestemünde,Buschkämpen,POINT (8.588293429000032 53.53991973300003)
6401,11,2021,2,4,15,3,5,2,1,1,0,0,0,0,0,0,8.877484545000073,53.03957274700008,Hemelingen,Hemelingen,POINT (8.877484545000073 53.03957274700008)
6402,11,2021,7,4,17,3,0,7,1,0,0,0,0,0,0,0,8.898930281000048,53.128360773000054,unbekannt,Borgfeld,POINT (8.898930281000048 53.128360773000054)
6403,11,2021,6,5,15,3,5,2,1,1,0,0,0,0,0,0,8.891833569000028,53.04835989600008,Hemelingen,Hemelingen,POINT (8.891833569000028 53.04835989600008)
6404,11,2021,6,4,7,3,5,3,1,1,0,0,0,0,0,0,8.772069854000051,53.09467926700006,Walle,Überseestadt,POINT (8.772069854000051 53.09467926700006)
6405,11,2021,1,3,18,3,1,5,1,1,0,0,0,0,2,1,8.876878758000032,53.061789805000046,Hemelingen,Hastedt,POINT (8.876878758000032 53.061789805000046)
6406,11,2021,2,3,7,3,0,7,1,0,0,0,0,0,1,2,8.889437101000055,53.058112003000076,Hemelingen,Hemelingen,POINT (8.889437101000055 53.058112003000076)
6407,11,2021,5,6,12,2,0,7,1,0,0,0,0,0,0,0,8.79902641800004,53.10261363200004,Walle,Osterfeuerberg,POINT (8.79902641800004 53.10261363200004)
6408,12,2021,5,6,13,3,6,4,1,0,1,0,0,0,0,0,8.54671367700007,53.58085684900004,Häfen,Speckenbüttel,POINT (8.54671367700007 53.58085684900004)
6409,11,2021,2,5,6,3,5,3,1,1,0,0,0,0,2,1,8.788941476000048,53.073150748000046,Neustadt,Alte Neustadt,POINT (8.788941476000048 53.073150748000046)
6410,11,2021,3,6,16,3,5,3,1,1,0,0,0,0,0,0,8.80084460300003,53.068505791000064,Neustadt,Alte Neustadt,POINT (8.80084460300003 53.068505791000064)
6411,11,2021,3,5,6,3,5,3,1,0,0,0,0,1,2,1,8.825101908000022,53.084188220000044,Schwachhausen,Bürgerpark,POINT (8.825101908000022 53.084188220000044)
6412,11,2021,3,4,10,3,5,2,1,0,0,0,1,0,0,0,8.62791661600005,53.17188515000004,Vegesack,Vegesack,POINT (8.62791661600005 53.17188515000004)
6413,11,2021,6,3,13,3,3,7,1,0,0,0,0,0,0,0,8.793902181000021,53.07442847300007,Neustadt,Alte Neustadt,POINT (8.793902181000021 53.07442847300007)
6414,11,2021,6,3,8,3,5,3,1,1,0,0,0,0,0,0,8.838982872000031,53.10220888400005,Schwachhausen,Neu-Schwachhausen,POINT (8.838982872000031 53.10220888400005)
6415,11,2021,6,6,17,3,3,6,1,1,0,0,0,0,0,0,8.853668700000071,53.08717964300007,Schwachhausen,Radio Bremen,POINT (8.853668700000071 53.08717964300007)
6416,11,2021,5,5,14,3,1,5,1,1,0,0,0,0,0,0,8.890183224000054,53.062433663000036,Hemelingen,Sebaldsbrück,POINT (8.890183224000054 53.062433663000036)
6417,11,2021,4,2,9,3,5,3,1,1,0,0,0,0,0,0,8.738388291000035,53.047175407000054,Huchting,Kirchhuchting,POINT (8.738388291000035 53.047175407000054)
6418,11,2021,4,5,7,3,5,3,1,1,0,0,0,0,0,0,8.573048613000026,53.19862665200003,Blumenthal,Lüssum-Bockhorn,POINT (8.573048613000026 53.19862665200003)
6419,11,2021,4,2,20,3,5,3,1,1,0,0,0,0,0,0,8.54853698200003,53.19162533200006,Blumenthal,Rönnebeck,POINT (8.54853698200003 53.19162533200006)
6420,11,2021,7,4,23,3,9,7,1,0,0,0,0,0,2,0,8.851996976000066,53.05600279500004,Obervieland,Habenhausen,POINT (8.851996976000066 53.05600279500004)
6421,11,2021,6,2,17,3,1,7,1,1,0,0,0,0,0,0,8.90934239400002,53.12477550400007,unbekannt,Borgfeld,POINT (8.90934239400002 53.12477550400007)
6422,11,2021,5,1,15,3,0,7,1,0,0,0,0,0,0,0,8.887829451000073,53.10920089600006,Horn-Lehe,Lehesterdeich,POINT (8.887829451000073 53.10920089600006)
6423,11,2021,7,4,17,3,5,3,1,1,0,0,0,0,0,0,8.80578917500003,53.07162245100005,Neustadt,Alte Neustadt,POINT (8.80578917500003 53.07162245100005)
6424,12,2021,6,3,11,2,8,1,1,0,0,0,0,0,0,0,8.588895790000038,53.53656648600003,Geestemünde,Buschkämpen,POINT (8.588895790000038 53.53656648600003)
6425,11,2021,5,7,13,3,8,3,1,1,0,0,0,0,0,0,8.766911428000071,53.07121710600006,Woltmershausen,Woltmershausen,POINT (8.766911428000071 53.07121710600006)
6426,11,2021,4,3,7,3,5,3,1,1,0,0,0,0,0,0,8.733480716000031,53.08739051200007,Häfen,Neustädter Hafen,POINT (8.733480716000031 53.08739051200007)
6427,11,2021,4,3,14,3,6,4,1,1,1,0,0,0,0,1,8.83089951200003,53.07438648300007,Östliche Vorstadt,Steintor,POINT (8.83089951200003 53.07438648300007)
6428,11,2021,4,5,15,3,5,3,1,1,0,0,0,0,0,0,8.599042593000036,53.179931518000046,Vegesack,Fähr-Lobbendorf,POINT (8.599042593000036 53.179931518000046)
6429,11,2021,7,3,22,3,0,7,1,0,0,0,0,0,2,0,8.792342672000075,53.08985312300007,Walle,Utbremen,POINT (8.792342672000075 53.08985312300007)
6430,11,2021,5,2,18,3,5,3,1,1,0,0,0,0,0,0,8.904809667000052,53.12275342200007,unbekannt,Borgfeld,POINT (8.904809667000052 53.12275342200007)
6431,12,2021,6,4,15,3,5,3,1,1,0,0,0,0,0,0,8.594916149000028,53.54485952400006,Geestemünde,Buschkämpen,POINT (8.594916149000028 53.54485952400006)
6432,11,2021,5,1,0,3,1,5,1,1,0,0,0,0,2,1,8.565980534000062,53.20332556300008,Blumenthal,Lüssum-Bockhorn,POINT (8.565980534000062 53.20332556300008)
6433,11,2021,6,3,17,3,5,3,1,1,0,0,0,0,0,0,8.74241257400007,53.13177527400006,Gröpelingen,Oslebshausen,POINT (8.74241257400007 53.13177527400006)
6434,11,2021,3,3,13,3,5,2,1,0,0,0,0,1,0,0,8.800998550000031,53.078853157000026,Mitte,Altstadt,POINT (8.800998550000031 53.078853157000026)
6435,11,2021,3,4,7,3,0,7,1,1,0,0,0,0,0,0,8.846903801000053,53.06830623700006,Östliche Vorstadt,Peterswerder,POINT (8.846903801000053 53.06830623700006)
6436,12,2021,7,5,7,3,5,3,1,1,0,0,0,0,0,1,8.598417570000038,53.53288286000003,Geestemünde,Buschkämpen,POINT (8.598417570000038 53.53288286000003)
6437,11,2021,5,5,11,3,5,3,1,1,0,0,0,0,0,0,8.843658528000049,53.08372700800004,Schwachhausen,Gete,POINT (8.843658528000049 53.08372700800004)
6438,11,2021,5,2,17,3,6,4,1,0,1,0,0,0,0,1,8.672476790000076,53.164978467000026,Burglesum,St.Magnus,POINT (8.672476790000076 53.164978467000026)
6439,11,2021,4,7,16,3,5,3,1,1,0,0,0,0,0,0,8.709232619000034,53.15138895600006,Burglesum,Burg-Grambke,POINT (8.709232619000034 53.15138895600006)
6440,11,2021,7,3,15,3,1,6,1,1,0,0,0,0,0,0,8.78989665000006,53.106905881000046,Walle,Hohweg,POINT (8.78989665000006 53.106905881000046)
6441,11,2021,1,4,14,3,0,1,1,0,1,0,0,0,0,0,8.823788542000045,53.077656028000035,Östliche Vorstadt,Fesenfeld,POINT (8.823788542000045 53.077656028000035)
6442,11,2021,6,7,10,3,5,3,1,0,0,0,0,1,0,0,8.81682274600007,53.054246919000036,Neustadt,Huckelriede,POINT (8.81682274600007 53.054246919000036)
6443,11,2021,6,4,7,3,4,6,1,0,0,0,0,0,0,0,8.841965855000069,53.04180023200007,Obervieland,Kattenturm,POINT (8.841965855000069 53.04180023200007)
6444,11,2021,2,2,15,3,5,3,1,0,0,1,0,0,0,0,8.713964076000025,53.141416141000036,Burglesum,Burg-Grambke,POINT (8.713964076000025 53.141416141000036)
6445,12,2021,7,2,12,3,5,3,1,1,0,0,0,0,0,1,8.59202368900003,53.57556578200007,Lehe,Königsheide,POINT (8.59202368900003 53.57556578200007)
6446,11,2021,7,2,16,3,5,3,1,1,0,0,0,0,0,0,8.82515894200003,53.084511193000026,Schwachhausen,Bürgerpark,POINT (8.82515894200003 53.084511193000026)
6447,12,2021,6,7,16,3,5,3,1,1,0,0,0,0,0,0,8.597172085000068,53.55895409800007,Lehe,Königsheide,POINT (8.597172085000068 53.55895409800007)
6448,11,2021,3,4,6,3,5,2,1,1,0,0,0,0,1,1,8.79932375200002,53.08387996300007,Mitte,Bahnhofsvorstadt,POINT (8.79932375200002 53.08387996300007)
6449,11,2021,7,3,14,2,5,3,1,1,0,0,0,0,0,0,8.915828641000076,53.070150977000026,Hemelingen,Sebaldsbrück,POINT (8.915828641000076 53.070150977000026)
6450,11,2021,4,4,12,3,3,6,1,0,0,0,0,0,0,0,8.765554226000063,53.07099781000005,Woltmershausen,Woltmershausen,POINT (8.765554226000063 53.07099781000005)
6451,11,2021,12,6,21,3,5,2,1,1,0,0,0,0,2,0,8.81283417700007,53.08091853500008,Mitte,Bahnhofsvorstadt,POINT (8.81283417700007 53.08091853500008)
6452,11,2021,9,7,12,3,5,6,1,1,0,0,0,0,0,0,8.870042453000053,53.097304500000064,Horn-Lehe,Horn,POINT (8.870042453000053 53.097304500000064)
6453,11,2021,8,4,17,3,5,3,1,1,0,0,0,0,0,0,8.799812619000022,53.070456507000074,Neustadt,Alte Neustadt,POINT (8.799812619000022 53.070456507000074)
6454,11,2021,11,3,18,2,0,7,1,0,0,0,0,0,2,0,8.813104471000031,53.08008024600008,Mitte,Bahnhofsvorstadt,POINT (8.813104471000031 53.08008024600008)
6455,11,2021,11,3,12,3,5,2,1,1,0,0,0,0,0,0,8.781335914000067,53.09758001400007,Walle,Steffensweg,POINT (8.781335914000067 53.09758001400007)
6456,11,2021,8,2,18,3,5,3,1,1,0,0,0,0,0,0,8.875739517000056,53.06221545600005,Hemelingen,Hastedt,POINT (8.875739517000056 53.06221545600005)