,UKREIS,UJAHR,UMONAT,UWOCHENTAG,USTUNDE,UKATEGORIE,UART,UTYP1,IstRad,IstPKW,IstFuss,IstKrad,IstGkfz,IstSonstig,ULICHTVERH,STRZUSTAND,longitude,latitude,Stadtteil,Ortsteil,geometry
6457,12,2021,9,3,15,3,3,6,1,0,0,0,0,0,0,0,8.596708467000042,53.538341209000066,Geestemünde,Buschkämpen,POINT (8.596708467000042 53.538341209000066)
6458,11,2021,10,6,10,3,5,3,1,0,0,0,0,0,0,0,8.79397881400007,53.09966411700003,Walle,Osterfeuerberg,POINT (8.79397881400007 53.09966411700003)
6459,11,2021,12,3,9,3,5,2,1,1,0,0,0,0,0,0,8.891412616000025,53.09851998400006,Horn-Lehe,Lehesterdeich,POINT (8.891412616000025 53.09851998400006)
6460,12,2021,11,2,8,3,8,1,1,0,0,0,0,0,0,1,8.59651128300004,53.57227817300003,Lehe,Königsheide,POINT (8.59651128300004 53.57227817300003)
6461,11,2021,10,7,16,3,4,6,1,0,0,0,0,0,0,0,8.882253107000054,53.103486427000064,Horn-Lehe,Lehesterdeich,POINT (8.882253107000054 53.103486427000064)
6462,11,2021,10,5,22,2,0,1,1,0,0,0,0,0,2,0,8.809315041000048,53.074645556000064,Mitte,Altstadt,POINT (8.809315041000048 53.074645556000064)
6463,11,2021,8,5,14,2,4,6,1,0,0,0,0,0,0,0,8.77590434700005,53.098580223000056,Walle,Überseestadt,POINT (8.77590434700005 53.098580223000056)
6464,11,2021,11,2,6,3,5,2,1,1,0,0,0,0,2,0,8.914030842000045,53.06823856300008,Hemelingen,Sebaldsbrück,POINT (8.914030842000045 53.06823856300008)
6465,11,2021,8,5,17,2,8,1,1,0,0,0,0,0,0,0,8.850411809000036,53.030198831000064,Obervieland,Arsten,POINT (8.850411809000036 53.030198831000064)
6466,11,2021,12,6,11,3,0,7,1,1,0,0,0,0,0,1,8.824958819000074,53.07303609200005,Östliche Vorstadt,Steintor,POINT (8.824958819000074 53.07303609200005)
6467,11,2021,9,6,10,3,5,7,1,0,0,0,0,0,0,0,8.826027219000025,53.07928899500007,Mitte,Ostertor,POINT (8.826027219000025 53.07928899500007)
6468,11,2021,11,2,20,3,5,3,1,1,0,0,0,0,2,1,8.78156935800007,53.104777900000045,Walle,Walle,POINT (8.78156935800007 53.104777900000045)
6469,11,2021,10,1,17,3,3,2,1,0,0,1,0,0,1,0,8.824437249000027,53.08442931400003,Schwachhausen,Barkhof,POINT (8.824437249000027 53.08442931400003)
6470,11,2021,8,6,13,3,0,7,1,1,0,0,0,0,0,0,8.823028373000056,53.073548551000044,Östliche Vorstadt,Steintor,POINT (8.823028373000056 53.073548551000044)
6471,11,2021,9,3,19,3,5,3,1,1,0,0,0,0,1,0,8.785736009000061,53.072050757000056,Neustadt,Hohentor,POINT (8.785736009000061 53.072050757000056)
6472,11,2021,10,2,10,3,5,2,1,1,0,0,0,0,0,0,8.896723460000032,53.08052003300003,Vahr,Neue Vahr Südost,POINT (8.896723460000032 53.08052003300003)
6473,11,2021,10,5,18,2,0,1,1,0,0,0,0,0,2,0,8.896502612000063,53.098544952000054,unbekannt,unbekannt,POINT (8.896502612000063 53.098544952000054)
6474,11,2021,11,1,17,3,0,7,1,0,0,0,0,1,2,0,8.80018756800007,53.07776325400005,Mitte,Altstadt,POINT (8.80018756800007 53.07776325400005)
6475,11,2021,11,5,14,3,5,3,1,1,0,0,0,0,0,0,8.799890079000022,53.079124550000074,Mitte,Altstadt,POINT (8.799890079000022 53.079124550000074)
6476,11,2021,12,5,16,3,5,3,1,1,0,0,0,0,1,0,8.847517617000051,53.050199070000076,Obervieland,Habenhausen,POINT (8.847517617000051 53.050199070000076)
6477,11,2021,10,1,13,3,5,2,1,1,0,0,0,0,0,0,8.890981300000021,53.08621433600007,Vahr,Neue Vahr Nord,POINT (8.890981300000021 53.08621433600007)
6478,11,2021,12,5,13,3,5,3,1,1,0,0,0,0,0,1,8.740889411000069,53.053098771000066,Huchting,Mittelshuchting,POINT (8.740889411000069 53.053098771000066)
6479,11,2021,9,5,15,3,0,7,1,1,0,0,0,0,0,0,8.80822542900006,53.063982632000034,Neustadt,Buntentor,POINT (8.80822542900006 53.063982632000034)
6480,11,2021,11,2,15,3,4,6,1,1,0,0,0,0,0,0,8.827221648000034,53.084867803000066,Schwachhausen,Bürgerpark,POINT (8.827221648000034 53.084867803000066)
6481,11,2021,10,5,17,3,5,3,1,1,0,0,0,0,0,1,8.761031689000049,53.05936328000007,Huchting,Grolland,POINT (8.761031689000049 53.05936328000007)
6482,12,2021,12,5,20,3,8,1,1,0,0,0,0,0,2,2,8.586087381000027,53.56582787500008,Lehe,Königsheide,POINT (8.586087381000027 53.56582787500008)
6483,12,2021,11,2,5,3,5,3,1,1,0,0,0,0,2,1,8.59202631900007,53.57554334000008,Lehe,Königsheide,POINT (8.59202631900007 53.57554334000008)
6484,11,2021,10,6,9,3,5,2,1,1,0,0,0,0,0,0,8.70447897300005,53.15564212500004,Burglesum,Burg-Grambke,POINT (8.70447897300005 53.15564212500004)
6485,12,2021,11,3,10,3,5,2,1,1,0,0,0,0,0,0,8.591976587000033,53.579320540000026,Lehe,Königsheide,POINT (8.591976587000033 53.579320540000026)
6486,12,2021,9,1,10,3,5,3,1,1,0,0,0,0,0,0,8.595247336000057,53.51108861200004,Wulsdorf,Geestemünde-Süd,POINT (8.595247336000057 53.51108861200004)
6487,12,2021,8,2,16,2,5,3,1,1,0,0,0,0,0,0,8.586601035000058,53.53667666900003,Geestemünde,Buschkämpen,POINT (8.586601035000058 53.53667666900003)
6488,11,2021,10,1,17,2,9,1,1,0,0,0,0,0,2,0,8.601592573000062,53.177430523000055,Vegesack,Fähr-Lobbendorf,POINT (8.601592573000062 53.177430523000055)
6489,11,2021,8,2,10,3,5,3,1,1,0,0,0,0,0,0,8.880665601000032,53.08111807200004,Vahr,Neue Vahr Südwest,POINT (8.880665601000032 53.08111807200004)
6490,12,2021,9,5,8,3,3,6,1,1,0,0,0,0,0,1,8.572605776000046,53.560464402000036,Lehe,Königsheide,POINT (8.572605776000046 53.560464402000036)
6491,11,2021,8,5,10,3,0,2,1,1,0,0,0,0,0,0,8.740035017000025,53.05139739300006,Huchting,Kirchhuchting,POINT (8.740035017000025 53.05139739300006)
6492,11,2021,11,7,16,3,1,5,1,1,0,0,0,0,1,1,8.823265602000049,53.07518956900003,Östliche Vorstadt,Fesenfeld,POINT (8.823265602000049 53.07518956900003)
6493,11,2021,10,2,13,3,5,2,1,0,0,0,0,1,0,0,8.850609186000042,53.08513965000003,Schwachhausen,Radio Bremen,POINT (8.850609186000042 53.08513965000003)
6494,11,2021,9,3,16,3,5,2,1,1,0,0,0,0,0,0,8.795155872000066,53.057684823000045,Neustadt,Neuenland,POINT (8.795155872000066 53.057684823000045)
6495,11,2021,9,6,15,3,5,7,1,1,0,0,0,0,0,0,8.83514789800006,53.04943148600006,Obervieland,Kattenturm,POINT (8.83514789800006 53.04943148600006)
6496,11,2021,11,7,10,3,5,2,1,1,0,0,0,0,0,1,8.801786697000068,53.06785990600008,Neustadt,Südervorstadt,POINT (8.801786697000068 53.06785990600008)
6497,11,2021,11,4,12,2,5,3,1,0,0,0,0,0,0,0,8.822867409000025,53.08282986300003,Schwachhausen,Barkhof,POINT (8.822867409000025 53.08282986300003)
6498,11,2021,9,3,12,3,0,1,1,1,0,0,0,0,0,0,8.80731591500006,53.095324263000066,Findorff,Regensburger Str.,POINT (8.80731591500006 53.095324263000066)
6499,11,2021,8,7,20,3,0,7,1,0,0,0,0,0,2,0,8.794595600000036,53.074837726000055,Neustadt,Alte Neustadt,POINT (8.794595600000036 53.074837726000055)
6500,11,2021,12,2,8,3,1,5,1,1,0,0,0,0,0,1,8.802906548000067,53.09645820600008,Findorff,Regensburger Str.,POINT (8.802906548000067 53.09645820600008)
6501,11,2021,10,4,16,3,0,7,1,0,0,0,0,0,0,0,8.785323068000025,53.10204908900005,Walle,Walle,POINT (8.785323068000025 53.10204908900005)
6502,11,2021,10,4,12,3,5,3,1,1,0,0,0,0,0,1,8.859548655000026,53.08269519900006,Schwachhausen,Radio Bremen,POINT (8.859548655000026 53.08269519900006)
6503,11,2021,9,2,12,3,3,6,1,1,0,0,0,0,0,0,8.782678748000023,53.08712843600006,Walle,Überseestadt,POINT (8.782678748000023 53.08712843600006)
6504,11,2021,8,5,17,3,4,6,1,0,0,0,0,1,0,0,8.793697515000076,53.07379157400004,Neustadt,Alte Neustadt,POINT (8.793697515000076 53.07379157400004)
6505,11,2021,9,5,13,2,5,3,1,1,0,0,0,0,0,0,8.850171425000042,53.06550364200007,Östliche Vorstadt,Peterswerder,POINT (8.850171425000042 53.06550364200007)
6506,11,2021,12,4,20,3,1,3,1,1,0,0,0,0,2,0,8.819033237000042,53.082440037000026,Schwachhausen,Barkhof,POINT (8.819033237000042 53.082440037000026)
6507,11,2021,10,5,16,3,5,3,1,1,0,0,0,0,0,0,8.838052810000022,53.067886126000076,Östliche Vorstadt,Peterswerder,POINT (8.838052810000022 53.067886126000076)
6508,11,2021,11,2,9,3,5,2,1,1,0,0,0,0,0,1,8.775306028000045,53.11609858200006,Gröpelingen,Gröpelingen,POINT (8.775306028000045 53.11609858200006)
6509,12,2021,9,1,13,3,8,1,1,0,0,0,0,0,0,0,8.548518310000077,53.58085259100005,Häfen,Speckenbüttel,POINT (8.548518310000077 53.58085259100005)
6510,11,2021,8,2,18,3,0,3,1,1,0,0,0,0,0,0,8.871909895000044,53.07713226100003,Vahr,Gartenstadt Vahr,POINT (8.871909895000044 53.07713226100003)
6511,12,2021,10,3,16,3,5,3,1,1,0,0,0,0,0,1,8.603955049000035,53.58623116600006,Leherheide,Fehmoor,POINT (8.603955049000035 53.58623116600006)
6512,11,2021,12,3,14,3,0,7,1,0,0,0,0,0,0,1,8.876975143000038,53.091148082000075,Horn-Lehe,Horn,POINT (8.876975143000038 53.091148082000075)
6513,11,2021,10,6,13,3,5,3,1,1,0,0,0,0,0,0,8.890594762000035,53.10889470800004,Horn-Lehe,Lehesterdeich,POINT (8.890594762000035 53.10889470800004)
6514,11,2021,10,3,19,3,0,7,1,1,0,0,0,0,1,0,8.850272429000029,53.085288449000075,Schwachhausen,Riensberg,POINT (8.850272429000029 53.085288449000075)
6515,11,2021,9,1,11,3,0,7,1,0,0,0,0,0,0,0,8.822020619000057,53.08563845500004,Schwachhausen,Barkhof,POINT (8.822020619000057 53.08563845500004)
6516,11,2021,11,3,7,3,0,7,1,0,0,0,0,0,1,1,8.89007945000003,53.08223948400007,Vahr,Neue Vahr Südwest,POINT (8.89007945000003 53.08223948400007)
6517,11,2021,11,4,18,3,4,6,1,0,0,0,0,0,1,1,8.704272486000036,53.156057272000055,Burglesum,Burg-Grambke,POINT (8.704272486000036 53.156057272000055)
6518,11,2021,11,3,10,3,4,6,1,0,0,0,0,0,0,0,8.89237051200007,53.07937103900008,Vahr,Neue Vahr Südost,POINT (8.89237051200007 53.07937103900008)
6519,12,2021,11,6,7,3,5,3,1,1,0,0,0,0,0,1,8.604336025000066,53.58283810700004,Lehe,Königsheide,POINT (8.604336025000066 53.58283810700004)
6520,11,2021,9,4,7,3,3,6,1,1,0,0,0,0,0,0,8.893481020000024,53.046973165000054,Hemelingen,Hemelingen,POINT (8.893481020000024 53.046973165000054)
6521,11,2021,10,6,18,3,0,7,1,0,0,0,0,0,1,0,8.828259640000056,53.072375538000074,Östliche Vorstadt,Steintor,POINT (8.828259640000056 53.072375538000074)
6522,11,2021,12,2,13,3,5,3,1,0,0,0,0,1,0,0,8.852767766000056,53.104504775000066,Horn-Lehe,Lehe,POINT (8.852767766000056 53.104504775000066)
6523,11,2021,10,5,7,3,5,3,1,1,0,0,0,0,0,0,8.704450424000072,53.15576444200008,Burglesum,Burg-Grambke,POINT (8.704450424000072 53.15576444200008)
6524,11,2021,9,2,18,3,0,7,1,0,0,0,0,0,0,0,8.884191162000036,53.10550613100003,Horn-Lehe,Lehesterdeich,POINT (8.884191162000036 53.10550613100003)
6525,11,2021,8,6,15,3,5,2,1,0,0,0,0,1,0,0,8.815728629000034,53.079482373000076,Mitte,Bahnhofsvorstadt,POINT (8.815728629000034 53.079482373000076)
6526,11,2021,9,5,7,3,5,2,1,1,0,0,0,0,0,0,8.78716545800006,53.09993269700004,Walle,Walle,POINT (8.78716545800006 53.09993269700004)
6527,11,2021,9,4,9,2,5,3,1,0,0,0,0,1,0,1,8.818095656000025,53.07772390100007,Mitte,Ostertor,POINT (8.818095656000025 53.07772390100007)
6528,11,2021,9,6,10,3,5,2,1,1,0,0,0,0,0,0,8.878353158000039,53.07908136900005,Vahr,Gartenstadt Vahr,POINT (8.878353158000039 53.07908136900005)
6529,11,2021,10,7,22,3,0,7,1,0,0,0,0,0,2,0,8.797196435000046,53.06438700800004,Neustadt,Gartenstadt Süd,POINT (8.797196435000046 53.06438700800004)
6530,12,2021,12,5,16,3,8,1,1,0,0,0,0,0,2,2,8.618847587000062,53.52856785700004,Geestemünde,Buschkämpen,POINT (8.618847587000062 53.52856785700004)
6531,11,2021,10,6,12,3,0,7,1,1,0,0,0,0,0,1,8.789034960000038,53.09418806600007,Walle,Westend,POINT (8.789034960000038 53.09418806600007)
6532,11,2021,9,3,11,2,4,6,1,0,0,0,0,0,0,0,8.75167131400002,53.16396275400007,unbekannt,Blockland,POINT (8.75167131400002 53.16396275400007)
6533,11,2021,8,2,9,3,5,3,1,1,0,0,0,0,0,0,8.80792585100005,53.07446923500004,Mitte,Altstadt,POINT (8.80792585100005 53.07446923500004)
6534,11,2021,11,4,15,3,5,3,1,0,0,0,0,0,0,0,8.91114322900006,53.09333844000008,unbekannt,unbekannt,POINT (8.91114322900006 53.09333844000008)
6535,11,2021,10,4,17,3,5,3,1,1,0,0,0,0,1,0,8.906884435000052,53.071458860000064,Hemelingen,Sebaldsbrück,POINT (8.906884435000052 53.071458860000064)
6536,12,2021,12,4,12,3,8,1,1,0,0,0,0,0,0,1,8.585056218000034,53.53383919200007,Geestemünde,Buschkämpen,POINT (8.585056218000034 53.53383919200007)
6537,11,2021,11,3,16,3,5,2,1,1,0,0,0,0,2,1,8.887607849000062,53.09916603500005,Horn-Lehe,Lehesterdeich,POINT (8.887607849000062 53.09916603500005)
6538,11,2021,11,2,19,3,6,7,1,0,1,0,0,0,2,0,8.812836141000048,53.080719395000074,Mitte,Bahnhofsvorstadt,POINT (8.812836141000048 53.080719395000074)
6539,11,2021,11,4,17,3,5,2,1,0,0,0,0,1,1,1,8.832790918000057,53.04006010400008,Obervieland,Kattenturm,POINT (8.832790918000057 53.04006010400008)
6540,11,2021,10,5,20,3,5,3,1,1,0,0,0,0,2,0,8.777361683000038,53.10990360200003,Walle,Walle,POINT (8.777361683000038 53.10990360200003)
6541,11,2021,11,2,11,3,5,3,1,1,0,0,0,0,0,0,8.776432855000053,53.09796309800004,Walle,Walle,POINT (8.776432855000053 53.09796309800004)
6542,12,2021,9,5,14,3,5,3,1,1,0,0,0,0,0,0,8.603668085000038,53.586232789000064,Leherheide,Fehmoor,POINT (8.603668085000038 53.586232789000064)
6543,11,2021,8,1,19,3,6,7,1,0,1,0,0,0,0,0,8.836633431000052,53.06807711400006,Östliche Vorstadt,Peterswerder,POINT (8.836633431000052 53.06807711400006)
6544,11,2021,8,2,11,3,5,3,1,1,0,0,0,0,0,0,8.843744732000062,53.083754327000065,Schwachhausen,Gete,POINT (8.843744732000062 53.083754327000065)
6545,11,2021,10,5,14,3,4,7,1,0,0,0,0,0,0,0,8.898600801000043,53.09289080500008,Horn-Lehe,Horn,POINT (8.898600801000043 53.09289080500008)
6546,12,2021,11,4,17,3,5,3,1,1,0,0,0,0,2,1,8.599728452000022,53.49197819200003,Wulsdorf,Geestemünde-Süd,POINT (8.599728452000022 53.49197819200003)
6547,11,2021,12,6,15,3,5,3,1,1,0,0,0,0,0,1,8.802975142000037,53.07979617800004,Mitte,Altstadt,POINT (8.802975142000037 53.07979617800004)
6548,11,2021,8,5,19,3,0,7,1,0,0,0,0,0,0,0,8.571786159000055,53.19051006600006,Blumenthal,Blumenthal,POINT (8.571786159000055 53.19051006600006)
6549,11,2021,9,1,13,3,5,3,1,1,0,0,0,0,0,0,8.851264539000056,53.083976876000065,Schwachhausen,Gete,POINT (8.851264539000056 53.083976876000065)
6550,11,2021,11,3,15,3,4,2,1,1,0,0,0,0,0,1,8.927866919000053,53.07260717300005,Osterholz,Blockdiek,POINT (8.927866919000053 53.07260717300005)
6551,11,2021,11,2,15,3,5,3,1,1,0,0,0,0,0,0,8.777704551000056,53.063971597000034,Neustadt,Neuenland,POINT (8.777704551000056 53.063971597000034)
6552,11,2021,10,3,17,3,4,6,1,1,0,0,0,0,1,1,8.556496658000071,53.186956175000034,Blumenthal,Blumenthal,POINT (8.556496658000071 53.186956175000034)
6553,11,2021,12,5,18,3,5,3,1,1,0,0,0,0,2,1,8.815174197000033,53.07710755000005,Mitte,Ostertor,POINT (8.815174197000033 53.07710755000005)
6554,11,2021,8,3,17,2,4,2,1,1,0,0,0,0,0,0,8.835157716000026,53.091411297000036,Schwachhausen,Neu-Schwachhausen,POINT (8.835157716000026 53.091411297000036)
6555,11,2021,8,4,9,3,5,2,1,1,0,0,0,0,0,1,8.87840262100002,53.079122633000054,Vahr,Gartenstadt Vahr,POINT (8.87840262100002 53.079122633000054)
6556,12,2021,11,2,7,3,8,1,1,0,0,0,0,0,1,2,8.611132830000031,53.58839578900006,Leherheide,Fehmoor,POINT (8.611132830000031 53.58839578900006)
6557,12,2021,11,2,15,2,9,1,1,0,0,0,0,0,0,0,8.590033984000058,53.52143149200003,Geestemünde,Buschkämpen,POINT (8.590033984000058 53.52143149200003)
6558,12,2021,9,4,15,3,8,1,1,0,0,0,0,0,0,1,8.597372660000076,53.59126954300007,Leherheide,Fehmoor,POINT (8.597372660000076 53.59126954300007)
6559,12,2021,9,5,18,3,8,1,1,1,0,0,0,0,0,0,8.59328339600006,53.55522813400006,Lehe,Königsheide,POINT (8.59328339600006 53.55522813400006)
6560,11,2021,10,6,10,3,3,6,1,1,0,0,0,0,0,1,8.80157711000004,53.07155168200006,Neustadt,Alte Neustadt,POINT (8.80157711000004 53.07155168200006)
6561,11,2021,10,2,15,3,5,2,1,0,0,0,0,0,0,0,8.801991934000057,53.07147819900007,Neustadt,Alte Neustadt,POINT (8.801991934000057 53.07147819900007)
6562,11,2021,9,6,11,3,0,7,1,0,0,0,0,0,0,0,8.82573254700003,53.07307859400004,Östliche Vorstadt,Steintor,POINT (8.82573254700003 53.07307859400004)
6563,11,2021,11,4,15,3,5,3,1,1,0,0,0,0,0,0,8.806907507000062,53.09631765700004,Findorff,Weidedamm,POINT (8.806907507000062 53.09631765700004)
6564,11,2021,11,5,16,3,0,2,1,1,0,0,0,0,1,0,8.803764466000075,53.07660483700005,Mitte,Altstadt,POINT (8.803764466000075 53.07660483700005)
6565,11,2021,11,1,17,2,1,5,1,1,0,0,0,0,2,0,8.790214927000022,53.07165294400005,Neustadt,Neustadt,POINT (8.790214927000022 53.07165294400005)
6566,12,2021,8,2,13,2,0,7,1,0,0,0,0,0,0,0,8.595342623000022,53.529988453000044,Geestemünde,Buschkämpen,POINT (8.595342623000022 53.529988453000044)
6567,11,2021,9,1,13,3,5,3,1,0,0,0,0,0,0,0,8.811138093000068,53.071658428000035,Mitte,Altstadt,POINT (8.811138093000068 53.071658428000035)
6568,11,2021,10,1,23,3,5,2,1,1,0,0,0,0,2,1,8.808490003000031,53.08807769900005,Findorff,Findorff-Bürgerweide,POINT (8.808490003000031 53.08807769900005)
6569,11,2021,10,5,11,3,5,2,1,1,0,0,0,0,0,0,8.841355768000028,53.03552220800003,Obervieland,Arsten,POINT (8.841355768000028 53.03552220800003)
6570,11,2021,11,3,11,3,1,5,1,1,0,0,0,0,0,0,8.789729797000064,53.096945867000045,Walle,Westend,POINT (8.789729797000064 53.096945867000045)
6571,11,2021,9,7,0,3,0,7,1,0,0,0,0,0,2,0,8.83761333600006,53.069368722000036,Östliche Vorstadt,Peterswerder,POINT (8.83761333600006 53.069368722000036)
6572,11,2021,8,6,21,3,1,1,1,1,0,0,0,0,1,0,8.789205387000038,53.093297000000064,Walle,Westend,POINT (8.789205387000038 53.093297000000064)
6573,11,2021,11,4,8,3,5,3,1,1,0,0,0,0,0,0,8.717474234000065,53.04647261800005,Huchting,Sodenmatt,POINT (8.717474234000065 53.04647261800005)
6574,11,2021,8,3,16,3,6,4,1,0,1,0,0,0,0,0,8.80482218700007,53.07479491500004,Mitte,Altstadt,POINT (8.80482218700007 53.07479491500004)
6575,11,2021,12,4,9,3,5,3,1,1,0,0,0,0,0,0,8.781573110000068,53.10478198000004,Walle,Walle,POINT (8.781573110000068 53.10478198000004)
6576,11,2021,10,2,13,3,0,6,1,1,0,0,0,0,0,0,8.87322094600006,53.077946678000046,Vahr,Gartenstadt Vahr,POINT (8.87322094600006 53.077946678000046)
6577,11,2021,12,2,9,3,4,3,1,1,0,0,0,0,0,0,8.70707087900007,53.17159108700008,Burglesum,Burgdamm,POINT (8.70707087900007 53.17159108700008)
6578,11,2021,9,3,13,3,8,1,1,0,0,0,0,0,0,0,8.801166786000067,53.07894377800005,Mitte,Altstadt,POINT (8.801166786000067 53.07894377800005)
6579,11,2021,11,2,23,3,1,6,1,1,0,0,0,0,2,0,8.934272730000032,53.062271579000026,Osterholz,Ellenerbrok-Schevemoor,POINT (8.934272730000032 53.062271579000026)
6580,11,2021,10,5,13,3,5,2,1,1,0,0,0,0,0,0,8.727456076000067,53.03835199500003,Huchting,Kirchhuchting,POINT (8.727456076000067 53.03835199500003)
6581,12,2021,8,6,13,3,5,3,1,1,0,0,0,0,0,0,8.590285480000034,53.50360212000004,Fischereihafen,Geestemünde-Süd,POINT (8.590285480000034 53.50360212000004)
6582,11,2021,8,4,7,3,5,2,1,1,0,0,0,0,0,0,8.785168165000073,53.08856629600007,Walle,Überseestadt,POINT (8.785168165000073 53.08856629600007)
6583,12,2021,12,4,9,3,5,2,1,1,0,0,0,0,0,1,8.629978831000074,53.52584302200006,Surheide,Schiffdorferdamm,POINT (8.629978831000074 53.52584302200006)
6584,11,2021,12,4,8,3,5,2,1,0,0,0,0,1,1,1,8.823650512000029,53.07799749700007,Mitte,Ostertor,POINT (8.823650512000029 53.07799749700007)
6585,12,2021,10,7,10,3,5,3,1,1,0,0,0,0,0,0,8.585944931000029,53.56431044800007,Lehe,Königsheide,POINT (8.585944931000029 53.56431044800007)
6586,11,2021,9,2,7,2,5,3,1,1,0,0,0,0,0,0,8.862939785000037,53.062967926000056,Hemelingen,Hastedt,POINT (8.862939785000037 53.062967926000056)
6587,11,2021,7,7,5,2,5,3,1,1,0,0,0,0,1,0,8.797149570000045,53.07633677600006,Neustadt,Alte Neustadt,POINT (8.797149570000045 53.07633677600006)
6588,11,2021,12,4,13,3,5,2,1,1,0,0,0,0,0,1,8.883785519000071,53.073649190000026,Hemelingen,Sebaldsbrück,POINT (8.883785519000071 53.073649190000026)
6589,12,2021,8,7,21,3,3,7,1,1,0,0,0,0,1,0,8.591484409000032,53.556735881000066,Lehe,Königsheide,POINT (8.591484409000032 53.556735881000066)
6590,11,2021,9,2,16,3,5,3,1,1,0,0,0,0,0,0,8.754823742000042,53.119788397000036,Gröpelingen,Ohlenhof,POINT (8.754823742000042 53.119788397000036)
6591,11,2021,11,2,7,3,5,2,1,1,0,0,0,0,0,0,8.793730531000051,53.066360821000046,Neustadt,Südervorstadt,POINT (8.793730531000051 53.066360821000046)
6592,11,2021,10,6,15,3,5,3,1,1,0,0,0,0,0,0,8.825024128000052,53.084581865000075,Schwachhausen,Bürgerpark,POINT (8.825024128000052 53.084581865000075)
6593,11,2021,12,3,16,3,5,3,1,1,0,0,0,0,2,1,8.733786039000051,53.05844992700003,Huchting,Mittelshuchting,POINT (8.733786039000051 53.05844992700003)
6594,11,2021,8,3,1,3,4,6,1,0,0,0,0,1,2,1,8.782664823000061,53.09078346100006,Walle,Steffensweg,POINT (8.782664823000061 53.09078346100006)
6595,11,2021,12,2,15,3,5,3,1,1,0,0,0,0,0,0,8.889547185000026,53.06167016400008,Hemelingen,Sebaldsbrück,POINT (8.889547185000026 53.06167016400008)
6596,11,2021,11,5,11,3,5,3,1,1,0,0,0,0,0,1,8.80809290700006,53.09971234000005,Findorff,Weidedamm,POINT (8.80809290700006 53.09971234000005)
6597,11,2021,10,5,18,3,4,6,1,0,0,0,0,1,0,0,8.779322566000076,53.09870858900007,Walle,Walle,POINT (8.779322566000076 53.09870858900007)
6598,12,2021,8,5,14,3,9,1,1,0,0,0,0,0,0,0,8.578810727000075,53.54389710600003,Mitte,Weddewarden,POINT (8.578810727000075 53.54389710600003)
6599,11,2021,8,3,8,3,1,5,1,1,0,0,0,0,0,0,8.898005356000056,53.08334933300006,Vahr,Neue Vahr Nord,POINT (8.898005356000056 53.08334933300006)
6600,11,2021,11,1,12,3,5,3,1,1,0,0,0,0,0,0,8.796581071000048,53.05666574900005,Neustadt,Neuenland,POINT (8.796581071000048 53.05666574900005)
6601,12,2021,8,5,12,3,5,3,1,1,0,0,0,0,0,1,8.581115272000034,53.562728994000054,Lehe,Königsheide,POINT (8.581115272000034 53.562728994000054)
6602,12,2021,10,3,15,3,8,1,1,0,0,0,0,0,0,1,8.581844381000053,53.53612831800007,Geestemünde,Buschkämpen,POINT (8.581844381000053 53.53612831800007)
6603,11,2021,9,3,11,3,3,6,1,1,0,0,0,0,0,1,8.822092777000023,53.03717403400003,Obervieland,Kattenturm,POINT (8.822092777000023 53.03717403400003)
6604,11,2021,9,5,17,3,3,2,1,1,0,0,0,0,0,0,8.871878525000056,53.077144496000074,Vahr,Gartenstadt Vahr,POINT (8.871878525000056 53.077144496000074)
6605,11,2021,11,2,8,3,5,3,1,1,0,0,0,0,0,0,8.56496531700003,53.19330632400005,Blumenthal,Blumenthal,POINT (8.56496531700003 53.19330632400005)
6606,12,2021,9,5,22,3,8,1,1,0,0,0,0,0,2,1,8.574156745000039,53.557744340000056,Mitte,Weddewarden,POINT (8.574156745000039 53.557744340000056)
6607,11,2021,12,2,9,3,5,3,1,1,0,0,0,0,0,1,8.881864850000056,53.09734778900008,Horn-Lehe,Lehe,POINT (8.881864850000056 53.09734778900008)
6608,11,2021,10,5,14,3,5,7,1,0,0,1,0,0,0,0,8.819133167000075,53.08705084600007,Schwachhausen,Bürgerpark,POINT (8.819133167000075 53.08705084600007)
6609,11,2021,12,3,7,2,0,7,1,0,0,0,0,1,2,0,8.825506077000057,53.07894477900004,Östliche Vorstadt,Fesenfeld,POINT (8.825506077000057 53.07894477900004)
6610,12,2021,11,1,20,3,5,3,1,1,0,0,0,0,2,1,8.593287287000066,53.53666248800005,Geestemünde,Buschkämpen,POINT (8.593287287000066 53.53666248800005)
6611,11,2021,11,6,16,3,3,2,1,1,0,0,0,0,2,0,8.803243043000066,53.08024291900006,Mitte,Altstadt,POINT (8.803243043000066 53.08024291900006)
6612,11,2021,9,2,7,3,5,3,1,1,0,0,0,0,0,0,8.92965001400006,53.08948073900007,unbekannt,unbekannt,POINT (8.92965001400006 53.08948073900007)