,UKREIS,UJAHR,UMONAT,UWOCHENTAG,USTUNDE,UKATEGORIE,UART,UTYP1,IstRad,IstPKW,IstFuss,IstKrad,IstGkfz,IstSonstig,ULICHTVERH,STRZUSTAND,longitude,latitude,Stadtteil,Ortsteil,geometry
6613,12,2021,12,5,7,3,9,1,1,0,0,0,0,0,2,0,8.592813445000047,53.53539253100007,Geestemünde,Buschkämpen,POINT (8.592813445000047 53.53539253100007)
6614,12,2021,10,7,10,3,1,5,1,1,0,0,0,0,0,0,8.592908429000033,53.59298303800006,Leherheide,Fehmoor,POINT (8.592908429000033 53.59298303800006)
6615,11,2021,9,3,13,3,5,2,1,1,0,0,0,0,0,0,8.941904088000058,53.07755446500005,unbekannt,unbekannt,POINT (8.941904088000058 53.07755446500005)
6616,11,2021,8,7,13,3,0,3,1,1,0,0,0,0,0,1,8.804499766000049,53.09178348100005,Findorff,Findorff-Bürgerweide,POINT (8.804499766000049 53.09178348100005)
6617,11,2021,9,4,14,3,5,3,1,1,0,0,0,0,0,1,8.740834353000025,53.05195667700008,Huchting,Kirchhuchting,POINT (8.740834353000025 53.05195667700008)
6618,11,2021,8,4,6,3,5,2,1,1,0,0,0,0,0,0,8.87117287500007,53.09843956800006,Horn-Lehe,Lehe,POINT (8.87117287500007 53.09843956800006)
6619,11,2021,11,2,8,3,5,3,1,1,0,0,0,0,0,1,8.922201302000076,53.040967899000066,Hemelingen,Arbergen,POINT (8.922201302000076 53.040967899000066)
6620,11,2021,11,3,15,3,5,3,1,1,0,0,0,0,0,1,8.805161921000035,53.09553740500007,Findorff,Regensburger Str.,POINT (8.805161921000035 53.09553740500007)
6621,11,2021,11,4,14,3,5,3,1,1,0,0,0,0,0,0,8.759184546000029,53.11937427700008,Gröpelingen,Gröpelingen,POINT (8.759184546000029 53.11937427700008)
6622,11,2021,10,5,14,3,5,2,1,1,0,0,0,0,0,0,8.833489102000044,53.07072713100007,Östliche Vorstadt,Steintor,POINT (8.833489102000044 53.07072713100007)
6623,11,2021,10,2,8,3,2,6,1,1,0,0,0,0,0,0,8.850569652000047,53.07112657500005,Östliche Vorstadt,Peterswerder,POINT (8.850569652000047 53.07112657500005)
6624,11,2021,12,5,11,3,5,3,1,1,0,0,0,0,0,1,8.919934570000066,53.073414428000035,Osterholz,Blockdiek,POINT (8.919934570000066 53.073414428000035)
6625,11,2021,9,5,12,3,5,3,1,1,0,0,0,0,0,0,8.825110451000057,53.08418347300005,Schwachhausen,Barkhof,POINT (8.825110451000057 53.08418347300005)
6626,11,2021,10,7,10,3,5,3,1,1,0,0,0,0,2,1,8.770099216000062,53.095262380000065,Walle,Überseestadt,POINT (8.770099216000062 53.095262380000065)
6627,11,2021,10,2,16,3,5,3,1,1,0,0,0,0,0,0,8.77589458400007,53.09049350600003,Walle,Überseestadt,POINT (8.77589458400007 53.09049350600003)
6628,11,2021,9,2,8,3,3,6,1,0,0,0,0,0,0,0,8.77477721200006,53.08027533600006,Woltmershausen,Woltmershausen,POINT (8.77477721200006 53.08027533600006)
6629,11,2021,11,6,8,3,0,7,1,0,0,0,0,1,0,1,8.761418282000022,53.07589574100007,Woltmershausen,Woltmershausen,POINT (8.761418282000022 53.07589574100007)
6630,11,2021,12,4,15,3,5,2,1,1,0,0,0,0,0,1,8.53604464700004,53.19219725200003,Blumenthal,Rönnebeck,POINT (8.53604464700004 53.19219725200003)
6631,12,2021,10,6,21,3,8,1,1,1,0,0,0,0,2,1,8.60055283500003,53.57007508200007,Lehe,Königsheide,POINT (8.60055283500003 53.57007508200007)
6632,11,2021,9,3,18,3,4,6,1,0,0,0,0,0,0,0,8.910547854000072,53.082642159000045,unbekannt,unbekannt,POINT (8.910547854000072 53.082642159000045)
6633,11,2021,8,6,14,3,5,3,1,1,0,0,0,0,0,1,8.880349443000057,53.08241616300006,Vahr,Neue Vahr Südwest,POINT (8.880349443000057 53.08241616300006)
6634,12,2021,9,3,17,3,5,3,1,1,0,0,0,0,0,0,8.572967724000023,53.56043195500007,Lehe,Königsheide,POINT (8.572967724000023 53.56043195500007)
6635,11,2021,11,2,16,3,4,6,1,0,0,0,0,0,1,0,8.801204518000077,53.07141234900007,Neustadt,Alte Neustadt,POINT (8.801204518000077 53.07141234900007)
6636,11,2021,8,7,17,3,3,6,1,0,0,0,0,1,0,0,8.843547081000054,53.14511635700006,unbekannt,Blockland,POINT (8.843547081000054 53.14511635700006)
6637,11,2021,9,4,21,2,0,7,1,0,0,0,0,0,1,0,8.824345594000022,53.06991056500004,Mitte,Ostertor,POINT (8.824345594000022 53.06991056500004)
6638,11,2021,10,1,13,2,3,6,1,0,0,0,0,0,0,0,8.814020215000028,53.07305593600006,Mitte,Altstadt,POINT (8.814020215000028 53.07305593600006)
6639,12,2021,9,3,14,3,3,6,1,1,0,0,0,0,0,0,8.604018233000033,53.58407274700005,Lehe,Königsheide,POINT (8.604018233000033 53.58407274700005)
6640,11,2021,12,5,21,3,0,7,1,0,0,0,0,0,2,2,8.82455856200005,53.08404337600007,Schwachhausen,Barkhof,POINT (8.82455856200005 53.08404337600007)
6641,11,2021,12,5,12,3,1,7,1,1,0,0,0,0,0,1,8.877236788000062,53.06165603200003,Hemelingen,Hastedt,POINT (8.877236788000062 53.06165603200003)
6642,12,2021,11,4,7,3,5,2,1,1,0,0,0,0,1,1,8.613987846000043,53.52925665200007,Geestemünde,Buschkämpen,POINT (8.613987846000043 53.52925665200007)
6643,12,2021,11,5,11,3,5,2,1,1,0,0,0,0,0,1,8.606428841000024,53.530485861000045,Geestemünde,Buschkämpen,POINT (8.606428841000024 53.530485861000045)
6644,11,2021,9,5,7,3,5,3,1,1,0,0,0,0,1,0,8.893634205000069,53.11521896800008,Horn-Lehe,Lehesterdeich,POINT (8.893634205000069 53.11521896800008)
6645,11,2021,11,4,20,3,5,3,1,1,0,0,0,0,2,0,8.809341676000031,53.099262499000076,Findorff,Weidedamm,POINT (8.809341676000031 53.099262499000076)
6646,11,2021,9,4,17,3,4,6,1,1,0,0,0,0,0,0,8.870143765000023,53.06184767700006,Hemelingen,Hastedt,POINT (8.870143765000023 53.06184767700006)
6647,11,2021,11,3,9,3,5,3,1,1,0,0,0,0,0,1,8.886619004000067,53.090468970000074,Horn-Lehe,Horn,POINT (8.886619004000067 53.090468970000074)
6648,11,2021,10,5,11,3,5,3,1,1,0,0,0,0,0,0,8.626577225000062,53.169641959000046,Vegesack,Vegesack,POINT (8.626577225000062 53.169641959000046)
6649,11,2021,11,3,16,3,5,2,1,1,0,0,0,0,1,1,8.778818044000047,53.064633180000044,Neustadt,Neuenland,POINT (8.778818044000047 53.064633180000044)
6650,11,2021,8,3,9,3,4,2,1,1,0,0,0,0,0,0,8.809175075000041,53.078866067000035,Mitte,Altstadt,POINT (8.809175075000041 53.078866067000035)
6651,12,2021,10,4,6,3,0,7,1,0,0,0,0,1,2,1,8.610260717000074,53.57069781000007,Lehe,Königsheide,POINT (8.610260717000074 53.57069781000007)
6652,11,2021,12,2,14,3,5,3,1,1,0,0,0,0,0,0,8.85693906900002,53.07270381500007,Hemelingen,Hastedt,POINT (8.85693906900002 53.07270381500007)
6653,12,2021,12,7,15,3,5,3,1,1,0,0,0,0,0,1,8.586074806000056,53.56164656000004,Lehe,Königsheide,POINT (8.586074806000056 53.56164656000004)
6654,11,2021,10,3,15,3,4,1,1,0,0,0,0,1,0,0,8.729379838000057,53.05544282300008,Huchting,Mittelshuchting,POINT (8.729379838000057 53.05544282300008)
6655,12,2021,8,2,16,3,3,6,1,1,0,0,0,0,0,0,8.585722973000031,53.537343355000075,Geestemünde,Buschkämpen,POINT (8.585722973000031 53.537343355000075)
6656,11,2021,11,3,14,3,0,3,1,0,0,0,0,1,0,0,8.774177829000052,53.095384369000044,Walle,Überseestadt,POINT (8.774177829000052 53.095384369000044)
6657,11,2021,12,4,14,3,1,6,1,1,0,0,0,0,0,0,8.83173414600003,53.08108125600006,Schwachhausen,Gete,POINT (8.83173414600003 53.08108125600006)
6658,12,2021,9,3,16,3,5,3,1,1,0,0,0,0,0,0,8.59113828300002,53.50088606000003,Fischereihafen,Geestemünde-Süd,POINT (8.59113828300002 53.50088606000003)
6659,11,2021,8,6,22,2,0,7,1,0,0,0,0,0,2,1,8.82962249600007,53.07187464700007,Östliche Vorstadt,Steintor,POINT (8.82962249600007 53.07187464700007)
6660,11,2021,12,2,8,3,5,3,1,1,0,0,0,0,1,1,8.951857219000033,53.07264950900003,Osterholz,Tenever,POINT (8.951857219000033 53.07264950900003)
6661,11,2021,9,2,11,3,5,2,1,1,0,0,0,0,0,0,8.887640581000028,53.06971054700006,Hemelingen,Sebaldsbrück,POINT (8.887640581000028 53.06971054700006)
6662,11,2021,11,3,14,3,4,6,1,0,0,0,0,0,0,1,8.895646555000042,53.09711268500007,Horn-Lehe,Lehesterdeich,POINT (8.895646555000042 53.09711268500007)
6663,11,2021,8,6,12,3,4,6,1,0,0,0,0,0,0,0,8.854008479000072,53.074779128000046,Östliche Vorstadt,Hulsberg,POINT (8.854008479000072 53.074779128000046)
6664,11,2021,10,7,12,3,5,7,1,1,0,0,0,0,0,0,8.57256577000004,53.182442525000056,Blumenthal,Blumenthal,POINT (8.57256577000004 53.182442525000056)
6665,12,2021,9,3,19,3,0,7,1,1,0,0,0,0,0,0,8.580395672000066,53.55076398500006,Mitte,Weddewarden,POINT (8.580395672000066 53.55076398500006)
6666,11,2021,10,6,8,3,5,3,1,1,0,0,0,0,0,0,8.850444037000045,53.03853581000004,Obervieland,Habenhausen,POINT (8.850444037000045 53.03853581000004)
6667,11,2021,10,4,14,3,5,7,1,1,0,0,0,0,0,0,8.831471368000052,53.040635458000054,Obervieland,Kattenturm,POINT (8.831471368000052 53.040635458000054)
6668,12,2021,11,2,6,3,5,3,1,0,0,0,0,1,2,1,8.591906395000024,53.57561011300004,Lehe,Königsheide,POINT (8.591906395000024 53.57561011300004)
6669,11,2021,9,6,11,3,5,3,1,1,0,0,0,0,0,0,8.810979282000062,53.09548388600007,Findorff,Weidedamm,POINT (8.810979282000062 53.09548388600007)
6670,11,2021,12,4,13,3,5,2,1,1,0,0,0,0,0,0,8.825113987000066,53.08445548900005,Schwachhausen,Bürgerpark,POINT (8.825113987000066 53.08445548900005)
6671,12,2021,11,5,17,3,5,3,1,1,0,0,0,0,2,1,8.592840138000042,53.56778741900007,Lehe,Königsheide,POINT (8.592840138000042 53.56778741900007)
6672,11,2021,10,3,16,3,5,3,1,1,0,0,0,0,0,1,8.788465321000047,53.09841753500007,Walle,Westend,POINT (8.788465321000047 53.09841753500007)
6673,11,2021,12,6,16,2,5,3,1,1,0,0,0,0,2,1,8.805329904000075,53.10038026700005,Findorff,Regensburger Str.,POINT (8.805329904000075 53.10038026700005)
6674,12,2021,10,2,17,3,5,3,1,1,0,0,0,0,0,1,8.58573149700004,53.584052943000074,Lehe,Königsheide,POINT (8.58573149700004 53.584052943000074)
6675,11,2021,8,4,14,3,5,3,1,1,0,0,0,0,0,0,8.905884841000045,53.04031239700004,Hemelingen,Arbergen,POINT (8.905884841000045 53.04031239700004)
6676,11,2021,11,5,7,3,5,3,1,1,0,0,0,0,0,1,8.82498567500005,53.08457068700005,Schwachhausen,Bürgerpark,POINT (8.82498567500005 53.08457068700005)
6677,12,2021,11,6,17,3,8,1,1,0,0,0,0,0,2,0,8.600594715000057,53.53742024400003,Geestemünde,Buschkämpen,POINT (8.600594715000057 53.53742024400003)
6678,12,2021,8,6,12,3,5,3,1,1,0,0,0,0,0,1,8.59996046200007,53.51224738500008,Wulsdorf,Geestemünde-Süd,POINT (8.59996046200007 53.51224738500008)
6679,11,2021,9,3,8,3,0,7,1,0,0,0,0,0,0,0,8.841531033000024,53.083216692000065,Schwachhausen,Schwachhausen,POINT (8.841531033000024 53.083216692000065)
6680,11,2021,10,5,15,3,5,2,1,1,0,0,0,0,0,0,8.80046459700003,53.09143670100008,Findorff,Findorff-Bürgerweide,POINT (8.80046459700003 53.09143670100008)
6681,11,2021,9,1,5,3,0,1,1,0,0,0,0,0,2,0,8.810968167000055,53.07170681000008,Mitte,Altstadt,POINT (8.810968167000055 53.07170681000008)
6682,11,2021,11,4,14,3,5,3,1,1,0,0,0,0,0,0,8.846719508000035,53.092675764000035,Schwachhausen,Neu-Schwachhausen,POINT (8.846719508000035 53.092675764000035)
6683,12,2021,8,3,17,3,0,7,1,0,0,0,0,0,0,0,8.588755305000063,53.52513980100008,Geestemünde,Buschkämpen,POINT (8.588755305000063 53.52513980100008)
6684,11,2021,12,5,12,3,5,3,1,1,0,0,0,0,0,0,8.808471545000032,53.083284726000045,Mitte,Bahnhofsvorstadt,POINT (8.808471545000032 53.083284726000045)
6685,11,2021,11,2,7,3,5,3,1,1,0,0,0,0,0,0,8.765651969000032,53.082296487000065,Woltmershausen,Woltmershausen,POINT (8.765651969000032 53.082296487000065)
6686,11,2021,11,7,13,3,6,4,1,0,1,0,0,0,0,1,8.927275743000052,53.07602257500008,Osterholz,Blockdiek,POINT (8.927275743000052 53.07602257500008)
6687,12,2021,12,5,7,3,8,1,1,0,0,0,0,0,2,1,8.587712607000071,53.55918813300008,Lehe,Königsheide,POINT (8.587712607000071 53.55918813300008)
6688,11,2021,9,3,10,3,1,5,1,1,0,0,0,0,0,0,8.774959213000045,53.11161412300004,Walle,Walle,POINT (8.774959213000045 53.11161412300004)
6689,12,2021,8,3,15,2,5,3,1,1,0,0,0,0,0,1,8.590989150000041,53.54139696700008,Geestemünde,Buschkämpen,POINT (8.590989150000041 53.54139696700008)
6690,11,2021,9,6,23,3,3,6,1,1,0,0,0,0,2,0,8.82230352800002,53.06908460100004,Mitte,Ostertor,POINT (8.82230352800002 53.06908460100004)
6691,11,2021,8,7,22,3,3,6,1,0,0,0,0,0,2,0,8.839115119000041,53.10680579000007,Horn-Lehe,Lehe,POINT (8.839115119000041 53.10680579000007)
6692,11,2021,8,3,22,3,5,3,1,1,0,0,0,0,2,0,8.899745389000032,53.05258431200008,Hemelingen,Hemelingen,POINT (8.899745389000032 53.05258431200008)
6693,11,2021,10,5,14,3,5,3,1,1,0,0,0,0,0,0,8.934649935000039,53.04011568200008,Hemelingen,Mahndorf,POINT (8.934649935000039 53.04011568200008)
6694,11,2021,8,5,13,3,0,3,1,1,0,0,0,0,0,0,8.782944666000049,53.094079703000034,Walle,Steffensweg,POINT (8.782944666000049 53.094079703000034)
6695,11,2021,12,7,18,3,0,3,1,1,0,0,0,0,2,1,8.791751928000053,53.08270879600008,Mitte,Altstadt,POINT (8.791751928000053 53.08270879600008)
6696,11,2021,9,2,16,3,0,7,1,0,0,0,0,0,0,0,8.575141908000035,53.19906939100008,Blumenthal,Lüssum-Bockhorn,POINT (8.575141908000035 53.19906939100008)
6697,11,2021,12,2,14,3,5,3,1,1,0,0,0,0,0,0,8.781858619000047,53.06667443600003,Neustadt,Neuenland,POINT (8.781858619000047 53.06667443600003)
6698,11,2021,8,5,11,3,0,1,1,0,0,0,0,0,0,1,8.796249137000075,53.09473730000008,Walle,Osterfeuerberg,POINT (8.796249137000075 53.09473730000008)
6699,11,2021,12,6,14,3,2,6,1,1,0,0,0,0,0,0,8.765905985000074,53.07406445700008,Woltmershausen,Woltmershausen,POINT (8.765905985000074 53.07406445700008)
6700,11,2021,9,7,10,3,5,3,1,0,0,0,0,1,0,0,8.70326306800007,53.09858881700006,unbekannt,Seehausen,POINT (8.70326306800007 53.09858881700006)
6701,11,2021,8,6,7,3,5,3,1,1,0,0,0,0,0,0,8.787866250000036,53.09911550900006,Walle,Westend,POINT (8.787866250000036 53.09911550900006)
6702,11,2021,8,2,17,3,5,3,1,1,0,0,0,0,0,0,8.902612815000055,53.12675974200005,unbekannt,Borgfeld,POINT (8.902612815000055 53.12675974200005)
6703,11,2021,10,1,14,3,0,7,1,0,0,0,0,0,0,1,8.914292684000031,53.067335986000046,Hemelingen,Sebaldsbrück,POINT (8.914292684000031 53.067335986000046)
6704,11,2021,12,3,7,3,5,3,1,1,0,0,0,0,1,0,8.781681578000075,53.08760608600005,Walle,Überseestadt,POINT (8.781681578000075 53.08760608600005)
6705,11,2021,11,6,15,3,3,6,1,1,0,0,0,0,0,0,8.930934942000022,53.07199336900004,Osterholz,Blockdiek,POINT (8.930934942000022 53.07199336900004)
6706,11,2021,10,5,14,3,0,7,1,0,0,0,0,0,0,1,8.853626918000032,53.082754573000045,Schwachhausen,Radio Bremen,POINT (8.853626918000032 53.082754573000045)
6707,11,2021,9,5,17,3,1,5,1,1,0,0,0,0,0,0,8.82143215800005,53.072775439000054,Mitte,Ostertor,POINT (8.82143215800005 53.072775439000054)
6708,12,2021,8,4,16,3,5,2,1,1,0,0,0,0,0,0,8.600560992000055,53.57017200400003,Lehe,Königsheide,POINT (8.600560992000055 53.57017200400003)
6709,11,2021,8,3,17,3,5,2,1,1,0,0,0,0,0,0,8.801648138000076,53.05778587000003,Neustadt,Gartenstadt Süd,POINT (8.801648138000076 53.05778587000003)
6710,11,2021,9,4,21,3,0,6,1,1,0,0,0,0,2,0,8.831979377000039,53.07105894400007,Östliche Vorstadt,Steintor,POINT (8.831979377000039 53.07105894400007)
6711,12,2021,12,7,23,3,9,1,1,0,0,0,0,0,2,1,8.595808228000067,53.57969341900008,Lehe,Königsheide,POINT (8.595808228000067 53.57969341900008)
6712,11,2021,10,3,15,3,5,3,1,1,0,0,0,0,0,1,8.78336661000003,53.05740538400005,Neustadt,Neuenland,POINT (8.78336661000003 53.05740538400005)
6713,11,2021,11,3,11,2,6,4,1,0,1,0,0,0,0,0,8.613938465000047,53.17606712700007,Vegesack,Vegesack,POINT (8.613938465000047 53.17606712700007)
6714,11,2021,8,3,18,3,5,3,1,1,0,0,0,0,0,0,8.786163556000076,53.10304168000005,Walle,Walle,POINT (8.786163556000076 53.10304168000005)
6715,11,2021,12,3,8,3,5,3,1,1,0,0,0,0,0,0,8.820963139000071,53.08158449200005,Schwachhausen,Barkhof,POINT (8.820963139000071 53.08158449200005)
6716,11,2021,10,2,16,3,3,6,1,0,0,0,0,0,0,0,8.916505863000054,53.09330152100006,unbekannt,unbekannt,POINT (8.916505863000054 53.09330152100006)
6717,11,2021,11,2,7,3,3,6,1,0,0,0,0,1,0,0,8.902121727000065,53.04963376900008,Hemelingen,Hemelingen,POINT (8.902121727000065 53.04963376900008)
6718,11,2021,9,1,9,3,4,6,1,0,0,0,0,1,0,0,8.772135609000031,53.08176358400004,Woltmershausen,Woltmershausen,POINT (8.772135609000031 53.08176358400004)
6719,11,2021,12,2,23,2,0,7,1,0,0,0,0,0,2,1,8.81536296400003,53.07738558900007,Mitte,Bahnhofsvorstadt,POINT (8.81536296400003 53.07738558900007)
6720,11,2021,8,5,10,3,5,2,1,1,0,0,0,0,0,0,8.85660275600003,53.08248079700007,Vahr,Gartenstadt Vahr,POINT (8.85660275600003 53.08248079700007)
6721,11,2021,9,6,8,3,3,1,1,0,0,0,0,1,0,0,8.548726071000033,53.19626917000005,Blumenthal,Lüssum-Bockhorn,POINT (8.548726071000033 53.19626917000005)
6722,11,2021,10,3,15,3,5,3,1,1,0,0,0,0,0,0,8.814712758000042,53.051099203000035,Neustadt,Huckelriede,POINT (8.814712758000042 53.051099203000035)
6723,11,2021,9,5,10,2,5,3,1,1,0,0,0,0,0,0,8.871719847000065,53.10183211600008,Horn-Lehe,Lehe,POINT (8.871719847000065 53.10183211600008)
6724,11,2021,11,5,17,3,0,7,1,0,0,1,0,0,2,1,8.738034735000042,53.14501775600007,Gröpelingen,Oslebshausen,POINT (8.738034735000042 53.14501775600007)
6725,11,2021,10,3,7,3,5,2,1,1,0,0,0,0,0,1,8.822818916000074,53.04297765200005,Obervieland,Kattenturm,POINT (8.822818916000074 53.04297765200005)
6726,11,2021,9,2,9,3,5,3,1,1,0,0,0,0,0,0,8.561024377000024,53.193185690000064,Blumenthal,Rönnebeck,POINT (8.561024377000024 53.193185690000064)
6727,11,2021,9,6,21,3,0,7,1,0,0,0,0,0,2,1,8.878912292000052,53.05585974200005,Hemelingen,Hemelingen,POINT (8.878912292000052 53.05585974200005)
6728,11,2021,8,2,18,3,5,3,1,1,0,0,0,0,0,0,8.786904780000043,53.074312365000026,Neustadt,Hohentor,POINT (8.786904780000043 53.074312365000026)
6729,12,2021,12,4,12,3,5,3,1,1,0,0,0,0,0,0,8.600436499000068,53.52777111200004,Geestemünde,Buschkämpen,POINT (8.600436499000068 53.52777111200004)
6730,11,2021,9,1,6,3,0,7,1,0,0,0,0,0,0,0,8.83556745900006,53.071444744000075,Östliche Vorstadt,Peterswerder,POINT (8.83556745900006 53.071444744000075)
6731,11,2021,12,5,10,3,4,2,1,0,0,0,0,1,0,0,8.80862293000007,53.08289973700005,Mitte,Bahnhofsvorstadt,POINT (8.80862293000007 53.08289973700005)
6732,12,2021,9,5,5,2,5,3,1,1,0,0,0,0,2,1,8.592925095000055,53.49551403400005,Fischereihafen,Geestemünde-Süd,POINT (8.592925095000055 53.49551403400005)
6733,11,2021,12,3,9,3,0,7,1,1,0,0,0,0,0,0,8.870186825000076,53.09128430900006,Schwachhausen,Radio Bremen,POINT (8.870186825000076 53.09128430900006)
6734,12,2021,8,1,10,3,9,1,1,0,0,0,0,0,0,1,8.548527239000066,53.58084940700007,Häfen,Speckenbüttel,POINT (8.548527239000066 53.58084940700007)
6735,11,2021,9,3,18,3,4,6,1,0,0,0,0,0,0,0,8.820000848000063,53.07976434700004,Mitte,Ostertor,POINT (8.820000848000063 53.07976434700004)
6736,11,2021,12,4,6,3,0,7,1,1,0,0,0,0,2,1,8.824483480000026,53.084302369000056,Schwachhausen,Barkhof,POINT (8.824483480000026 53.084302369000056)
6737,11,2021,10,7,17,1,5,2,1,0,0,0,0,0,0,0,8.852266385000064,53.05695064400004,Obervieland,Habenhausen,POINT (8.852266385000064 53.05695064400004)
6738,12,2021,11,5,16,3,5,3,1,1,0,0,0,0,1,1,8.59183587900003,53.55897897600005,Lehe,Königsheide,POINT (8.59183587900003 53.55897897600005)
6739,12,2021,10,2,17,3,9,1,1,0,0,0,0,0,0,0,8.592409448000069,53.579347993000056,Lehe,Königsheide,POINT (8.592409448000069 53.579347993000056)
6740,11,2021,12,5,8,3,2,6,1,1,0,0,0,0,0,1,8.845242262000056,53.07796391800008,Schwachhausen,Gete,POINT (8.845242262000056 53.07796391800008)
6741,11,2021,9,2,17,3,6,7,1,0,1,0,0,0,0,0,8.57071892600004,53.19568191400003,Blumenthal,Lüssum-Bockhorn,POINT (8.57071892600004 53.19568191400003)
6742,11,2021,11,7,10,3,0,7,1,0,0,0,0,0,0,1,8.82445774200005,53.08436340700007,Schwachhausen,Barkhof,POINT (8.82445774200005 53.08436340700007)
6743,11,2021,10,7,11,3,0,7,1,1,0,0,0,0,0,0,8.77261251300007,53.110467207000056,Gröpelingen,Gröpelingen,POINT (8.77261251300007 53.110467207000056)
6744,11,2021,9,7,11,3,5,3,1,1,0,0,0,0,0,0,8.764476891000072,53.11329217200006,Gröpelingen,Gröpelingen,POINT (8.764476891000072 53.11329217200006)
6745,12,2021,11,2,9,3,8,1,1,0,0,0,0,0,0,2,8.60907392200005,53.59008318900004,Leherheide,Fehmoor,POINT (8.60907392200005 53.59008318900004)
6746,12,2021,8,3,7,3,5,3,1,1,0,0,0,0,0,1,8.586626414000023,53.53666174500006,Geestemünde,Buschkämpen,POINT (8.586626414000023 53.53666174500006)
6747,11,2021,10,3,17,3,5,3,1,1,0,0,0,0,0,0,8.806871482000076,53.08175350300007,Mitte,Bahnhofsvorstadt,POINT (8.806871482000076 53.08175350300007)
6748,11,2021,12,3,17,3,5,3,1,1,0,0,0,0,2,1,8.853107542000032,53.04906235200008,Obervieland,Habenhausen,POINT (8.853107542000032 53.04906235200008)
6749,11,2021,10,5,14,3,6,7,1,0,1,0,0,0,0,0,8.63742466900004,53.18179571300004,Vegesack,Schönebeck,POINT (8.63742466900004 53.18179571300004)
6750,11,2021,9,3,17,3,3,6,1,0,0,0,0,1,0,0,8.800287979000075,53.07893696000008,Mitte,Altstadt,POINT (8.800287979000075 53.07893696000008)
6751,11,2021,8,2,13,3,5,2,1,1,0,0,0,0,0,0,8.854099486000052,53.07070693600008,Östliche Vorstadt,Hulsberg,POINT (8.854099486000052 53.07070693600008)
6752,11,2021,11,5,8,3,3,2,1,1,0,0,0,0,0,0,8.782161304000056,53.06678840400008,Neustadt,Neuenland,POINT (8.782161304000056 53.06678840400008)
6753,11,2021,12,4,13,3,5,3,1,0,0,0,0,1,0,1,8.88302221300006,53.07474278600006,Hemelingen,Sebaldsbrück,POINT (8.88302221300006 53.07474278600006)
6754,11,2021,8,5,14,3,0,1,1,0,0,0,0,0,0,1,8.832024267000065,53.07104445600004,Östliche Vorstadt,Steintor,POINT (8.832024267000065 53.07104445600004)
6755,12,2021,9,7,19,3,0,7,1,0,0,0,0,0,0,0,8.551637234000054,53.57071864000005,Häfen,Speckenbüttel,POINT (8.551637234000054 53.57071864000005)
6756,11,2021,10,6,16,3,0,7,1,1,0,0,0,0,0,0,8.775828830000023,53.07110193200003,Woltmershausen,Woltmershausen,POINT (8.775828830000023 53.07110193200003)
6757,12,2021,12,6,13,3,8,1,1,0,0,0,0,0,0,0,8.59406456000005,53.54910434700008,Geestemünde,Buschkämpen,POINT (8.59406456000005 53.54910434700008)
6758,11,2021,9,4,13,3,5,3,1,0,0,0,0,1,0,0,8.82840327100007,53.03620486500006,Obervieland,Kattenturm,POINT (8.82840327100007 53.03620486500006)
6759,12,2021,8,6,11,3,5,3,1,1,0,0,0,0,0,1,8.593415922000077,53.534029056000065,Geestemünde,Buschkämpen,POINT (8.593415922000077 53.534029056000065)
6760,11,2021,12,2,7,3,0,7,1,0,0,0,0,0,0,0,8.67319864700005,53.17560212300003,Burglesum,St.Magnus,POINT (8.67319864700005 53.17560212300003)
6761,11,2021,12,6,11,3,0,7,1,1,0,0,0,0,0,0,8.847423843000058,53.041499173000034,Obervieland,Habenhausen,POINT (8.847423843000058 53.041499173000034)
6762,11,2021,10,6,19,3,4,6,1,0,0,0,0,1,1,0,8.78524698700005,53.07506525500003,Neustadt,Hohentor,POINT (8.78524698700005 53.07506525500003)
6763,12,2021,9,6,15,3,5,2,1,1,0,0,0,0,0,0,8.597789400000067,53.57146559800003,Lehe,Königsheide,POINT (8.597789400000067 53.57146559800003)
6764,11,2021,8,3,12,3,0,7,1,0,0,0,0,0,0,0,8.94753200200006,53.03662081900006,Hemelingen,Mahndorf,POINT (8.94753200200006 53.03662081900006)
6765,11,2021,10,2,9,3,5,2,1,1,0,0,0,0,0,0,8.783606199000076,53.06172324800008,Neustadt,Neuenland,POINT (8.783606199000076 53.06172324800008)
6766,11,2021,10,6,19,3,5,2,1,1,0,0,0,0,2,0,8.953160715000024,53.066521625000064,Osterholz,Tenever,POINT (8.953160715000024 53.066521625000064)
6767,11,2021,11,5,15,2,6,4,1,0,1,0,0,0,0,1,8.790406260000054,53.09618621300007,Walle,Westend,POINT (8.790406260000054 53.09618621300007)
6768,11,2021,10,7,11,3,0,7,1,1,0,0,0,0,0,0,8.833242842000061,53.08035323900003,Schwachhausen,Gete,POINT (8.833242842000061 53.08035323900003)