,UKREIS,UJAHR,UMONAT,UWOCHENTAG,USTUNDE,UKATEGORIE,UART,UTYP1,IstRad,IstPKW,IstFuss,IstKrad,IstGkfz,IstSonstig,ULICHTVERH,STRZUSTAND,longitude,latitude,Stadtteil,Ortsteil,geometry
6769,11,2021,11,3,20,3,5,3,1,1,0,0,0,0,2,0,8.784308836000037,53.103065154000035,Walle,Walle,POINT (8.784308836000037 53.103065154000035)
6770,11,2021,8,1,12,2,0,1,1,0,0,0,0,0,0,1,8.795997875000069,53.090000684000074,Walle,Utbremen,POINT (8.795997875000069 53.090000684000074)
6771,11,2021,9,3,10,2,3,6,1,1,0,0,0,0,0,0,8.65988616200002,53.17167213400006,Burglesum,St.Magnus,POINT (8.65988616200002 53.17167213400006)
6772,11,2021,8,4,13,3,5,2,1,0,0,0,1,0,0,0,8.801271883000027,53.071517732000075,Neustadt,Alte Neustadt,POINT (8.801271883000027 53.071517732000075)
6773,11,2021,11,6,8,3,5,3,1,1,0,0,0,0,0,1,8.87105086400004,53.09870646100006,Horn-Lehe,Lehe,POINT (8.87105086400004 53.09870646100006)
6774,12,2021,9,1,2,3,9,1,1,0,0,0,0,0,2,0,8.594165677000035,53.54834000100004,Geestemünde,Buschkämpen,POINT (8.594165677000035 53.54834000100004)
6775,11,2021,10,5,12,3,3,6,1,1,0,0,0,0,0,0,8.835008131000052,53.08677053000008,Schwachhausen,Schwachhausen,POINT (8.835008131000052 53.08677053000008)
6776,11,2021,12,4,20,3,5,2,1,1,0,0,0,0,2,1,8.902044858000068,53.071506455000076,Hemelingen,Sebaldsbrück,POINT (8.902044858000068 53.071506455000076)
6777,12,2021,10,6,7,3,5,3,1,1,0,0,0,0,1,0,8.602534853000066,53.509402514000044,Wulsdorf,Geestemünde-Süd,POINT (8.602534853000066 53.509402514000044)
6778,12,2021,11,4,15,3,3,6,1,0,0,0,0,1,0,0,8.620692758000075,53.58737221800004,Leherheide,Fehmoor,POINT (8.620692758000075 53.58737221800004)
6779,11,2021,10,3,9,3,5,3,1,1,0,0,0,0,0,1,8.873342002000072,53.08477701000004,Schwachhausen,Radio Bremen,POINT (8.873342002000072 53.08477701000004)
6780,12,2021,8,4,17,3,5,3,1,1,0,0,0,0,0,1,8.575237531000028,53.54760457300006,Mitte,Weddewarden,POINT (8.575237531000028 53.54760457300006)
6781,12,2021,12,4,6,2,5,3,1,1,0,0,0,0,2,1,8.61083162600005,53.57429138900005,Lehe,Königsheide,POINT (8.61083162600005 53.57429138900005)
6782,11,2021,10,5,15,3,0,7,1,0,0,0,0,0,0,0,8.819679590000021,53.07990358100005,Mitte,Ostertor,POINT (8.819679590000021 53.07990358100005)
6783,11,2021,9,4,7,3,6,7,1,0,1,0,0,0,0,1,8.885529320000046,53.08602003100003,Vahr,Neue Vahr Nord,POINT (8.885529320000046 53.08602003100003)
6784,11,2021,11,7,12,3,5,1,1,1,0,0,0,0,0,0,8.633277547000034,53.18301437700006,Vegesack,Aumund-Hammersbeck,POINT (8.633277547000034 53.18301437700006)
6785,11,2021,10,6,13,2,0,6,1,0,0,0,0,0,0,1,8.826566029000048,53.08470431500007,Schwachhausen,Bürgerpark,POINT (8.826566029000048 53.08470431500007)
6786,11,2021,9,4,12,3,5,2,1,0,0,0,0,1,0,0,8.884670859000039,53.054667005000056,Hemelingen,Hemelingen,POINT (8.884670859000039 53.054667005000056)
6787,11,2021,8,3,16,3,5,2,1,1,0,0,0,0,0,0,8.808258671000033,53.09464077500007,Findorff,Weidedamm,POINT (8.808258671000033 53.09464077500007)
6788,12,2021,12,7,12,2,5,3,1,1,0,0,0,0,0,1,8.597177791000036,53.57517132600003,Lehe,Königsheide,POINT (8.597177791000036 53.57517132600003)
6789,11,2021,10,4,18,3,5,3,1,1,0,0,0,0,2,1,8.807740180000053,53.09154594300003,Findorff,Findorff-Bürgerweide,POINT (8.807740180000053 53.09154594300003)
6790,11,2021,9,7,11,3,5,3,1,1,0,0,0,0,0,0,8.940211021000039,53.06790189600008,Osterholz,Ellenerbrok-Schevemoor,POINT (8.940211021000039 53.06790189600008)
6791,12,2021,11,3,17,3,6,7,1,0,1,0,0,0,2,1,8.59229980300006,53.53087179400006,Geestemünde,Buschkämpen,POINT (8.59229980300006 53.53087179400006)
6792,11,2021,9,2,13,3,5,3,1,1,0,0,0,0,0,0,8.845639177000066,53.08243927600006,Schwachhausen,Gete,POINT (8.845639177000066 53.08243927600006)
6793,12,2021,9,4,16,2,5,2,1,1,0,0,0,0,0,0,8.608122336000065,53.530210674000045,Geestemünde,Buschkämpen,POINT (8.608122336000065 53.530210674000045)
6794,11,2021,10,5,12,3,4,1,1,0,0,0,0,0,0,0,8.713448498000048,53.18072390800006,Burglesum,Burgdamm,POINT (8.713448498000048 53.18072390800006)
6795,11,2021,11,6,12,3,0,1,1,0,0,0,0,0,0,1,8.821144658000037,53.03765568800003,Obervieland,Kattenturm,POINT (8.821144658000037 53.03765568800003)
6796,12,2021,10,4,12,3,5,3,1,1,0,0,0,0,0,1,8.598083974000076,53.534163773000046,Geestemünde,Buschkämpen,POINT (8.598083974000076 53.534163773000046)
6797,11,2021,8,5,13,2,5,3,1,1,0,0,0,0,0,0,8.761277719000077,53.123323181000046,Gröpelingen,Ohlenhof,POINT (8.761277719000077 53.123323181000046)
6798,12,2021,9,5,15,3,3,6,1,1,0,0,0,0,0,0,8.605755088000024,53.520870107000064,Geestemünde,Buschkämpen,POINT (8.605755088000024 53.520870107000064)
6799,11,2021,12,5,16,3,5,2,1,1,0,0,0,0,1,1,8.61863616200003,53.174174797000035,Vegesack,Vegesack,POINT (8.61863616200003 53.174174797000035)
6800,11,2021,10,3,11,3,4,2,1,1,0,0,0,0,0,0,8.808273712000073,53.09462958800003,Findorff,Weidedamm,POINT (8.808273712000073 53.09462958800003)
6801,11,2021,9,2,14,2,5,7,1,1,0,0,0,0,0,0,8.79360870100004,53.08850967400008,Walle,Utbremen,POINT (8.79360870100004 53.08850967400008)
6802,11,2021,11,1,13,2,0,7,1,0,0,0,0,0,0,0,8.884212062000074,53.03858315400004,Hemelingen,Hemelingen,POINT (8.884212062000074 53.03858315400004)
6803,11,2021,10,4,9,3,0,7,1,0,0,0,0,1,0,1,8.58302922200005,53.18550256000003,Blumenthal,Blumenthal,POINT (8.58302922200005 53.18550256000003)
6804,11,2021,11,3,20,2,1,7,1,1,0,0,0,0,2,1,8.893163113000071,53.06035275600004,Hemelingen,Sebaldsbrück,POINT (8.893163113000071 53.06035275600004)
6805,11,2021,8,7,20,3,1,5,1,1,0,0,0,0,2,0,8.817532913000036,53.072382219000076,Mitte,Ostertor,POINT (8.817532913000036 53.072382219000076)
6806,11,2021,12,4,13,2,5,2,1,1,0,0,0,0,0,0,8.869070489000023,53.07458434100005,Vahr,Gartenstadt Vahr,POINT (8.869070489000023 53.07458434100005)
6807,11,2021,10,4,8,3,5,2,1,1,0,0,0,0,0,0,8.812754538000036,53.07329607600008,Mitte,Altstadt,POINT (8.812754538000036 53.07329607600008)
6808,11,2021,10,5,12,3,5,3,1,1,0,0,0,0,0,0,8.77425170500004,53.09541716900003,Walle,Überseestadt,POINT (8.77425170500004 53.09541716900003)
6809,11,2021,10,6,10,3,5,3,1,1,0,0,0,0,0,0,8.814257589000022,53.039697481000076,Obervieland,Kattenturm,POINT (8.814257589000022 53.039697481000076)
6810,12,2021,11,2,7,2,5,3,1,1,0,0,0,0,0,1,8.59994607300007,53.512245016000065,Wulsdorf,Geestemünde-Süd,POINT (8.59994607300007 53.512245016000065)
6811,12,2021,10,1,15,3,9,1,1,1,0,0,0,0,0,0,8.584276369000065,53.556425475000026,Lehe,Königsheide,POINT (8.584276369000065 53.556425475000026)
6812,11,2021,11,2,14,3,6,4,1,0,1,0,0,0,0,0,8.728805074000036,53.178072505000046,Burglesum,Burgdamm,POINT (8.728805074000036 53.178072505000046)
6813,11,2021,10,5,21,2,5,3,1,1,0,0,0,0,2,1,8.83737631200006,53.07692713500006,Östliche Vorstadt,Hulsberg,POINT (8.83737631200006 53.07692713500006)
6814,11,2021,9,4,16,3,3,2,1,1,0,0,0,0,0,0,8.75156032600006,53.10957341900007,Walle,Überseestadt,POINT (8.75156032600006 53.10957341900007)
6815,11,2021,10,7,19,2,5,3,1,1,0,0,0,0,2,0,8.813328607000074,53.090282923000075,Findorff,Findorff-Bürgerweide,POINT (8.813328607000074 53.090282923000075)
6816,11,2021,11,1,16,3,1,7,1,1,0,0,0,0,0,1,8.801102052000033,53.09459388800008,Findorff,Regensburger Str.,POINT (8.801102052000033 53.09459388800008)
6817,11,2021,11,7,11,3,5,3,1,1,0,0,0,0,0,0,8.785216027000047,53.10232092400008,Walle,Walle,POINT (8.785216027000047 53.10232092400008)
6818,12,2021,10,6,7,3,5,3,1,1,0,0,0,0,1,1,8.603860626000028,53.53101052400007,Geestemünde,Buschkämpen,POINT (8.603860626000028 53.53101052400007)
6819,11,2021,8,2,8,3,5,3,1,1,0,0,0,0,0,0,8.82503827000005,53.08458597600003,Schwachhausen,Bürgerpark,POINT (8.82503827000005 53.08458597600003)
6820,11,2021,11,6,14,3,6,6,1,0,1,0,0,0,0,0,8.757889103000025,53.11520921600004,Gröpelingen,Lindenhof,POINT (8.757889103000025 53.11520921600004)
6821,12,2021,10,3,13,3,1,7,1,1,0,0,0,0,0,1,8.587407162000034,53.512653639000064,Fischereihafen,Geestemünde-Süd,POINT (8.587407162000034 53.512653639000064)
6822,11,2021,10,3,19,3,5,3,1,1,0,0,0,0,2,1,8.794898298000021,53.09397149700004,Walle,Westend,POINT (8.794898298000021 53.09397149700004)
6823,11,2021,8,4,12,3,5,2,1,1,0,0,0,0,0,0,8.825165344000027,53.08451669900006,Schwachhausen,Bürgerpark,POINT (8.825165344000027 53.08451669900006)
6824,11,2021,11,5,19,3,5,2,1,1,0,0,0,0,2,0,8.808247383000037,53.09464917000008,Findorff,Weidedamm,POINT (8.808247383000037 53.09464917000008)
6825,11,2021,11,4,7,3,3,6,1,1,0,0,0,0,1,0,8.965305917000023,53.039835752000045,Hemelingen,Mahndorf,POINT (8.965305917000023 53.039835752000045)
6826,11,2021,9,4,18,2,1,5,1,1,0,0,0,0,0,0,8.821688765000033,53.07279912600006,Mitte,Ostertor,POINT (8.821688765000033 53.07279912600006)
6827,11,2021,8,3,17,2,5,2,1,1,0,0,0,0,0,0,8.730643662000034,53.04054604300006,Huchting,Kirchhuchting,POINT (8.730643662000034 53.04054604300006)
6828,11,2021,9,5,13,2,0,1,1,0,0,0,0,0,0,0,8.58564343300003,53.18092956500004,Blumenthal,Blumenthal,POINT (8.58564343300003 53.18092956500004)
6829,11,2021,12,2,11,2,5,2,1,1,0,0,0,0,0,0,8.828855172000033,53.03429682900003,Obervieland,Kattenturm,POINT (8.828855172000033 53.03429682900003)
6830,11,2021,10,6,18,3,5,2,1,1,0,0,0,0,0,0,8.878434088000063,53.079088701000046,Vahr,Gartenstadt Vahr,POINT (8.878434088000063 53.079088701000046)
6831,11,2021,9,4,18,3,0,7,1,0,0,0,0,0,0,1,8.862922769000022,53.09924120800008,Horn-Lehe,Lehe,POINT (8.862922769000022 53.09924120800008)
6832,11,2021,8,2,10,3,5,3,1,1,0,0,0,0,0,0,8.833419854000056,53.086385232000055,Schwachhausen,Schwachhausen,POINT (8.833419854000056 53.086385232000055)
6833,11,2021,11,1,17,3,5,2,1,1,0,0,0,0,2,0,8.809849005000046,53.08255148300003,Mitte,Bahnhofsvorstadt,POINT (8.809849005000046 53.08255148300003)
6834,11,2021,11,4,13,3,0,1,1,0,0,0,0,0,0,0,8.767025915000033,53.08410242400004,Woltmershausen,Woltmershausen,POINT (8.767025915000033 53.08410242400004)
6835,11,2021,11,7,13,3,0,7,1,1,0,0,0,0,0,0,8.716924303000042,53.04688940600005,Huchting,Sodenmatt,POINT (8.716924303000042 53.04688940600005)
6836,11,2021,12,3,7,3,5,3,1,0,0,0,0,0,1,2,8.86455496800005,53.086688037000044,Schwachhausen,Radio Bremen,POINT (8.86455496800005 53.086688037000044)
6837,12,2021,10,6,9,3,5,3,1,1,0,0,0,0,0,1,8.580424005000054,53.55781770800007,Lehe,Königsheide,POINT (8.580424005000054 53.55781770800007)
6838,11,2021,8,5,4,2,0,7,1,0,0,0,0,0,2,0,8.805134812000063,53.06161544200006,Neustadt,Buntentor,POINT (8.805134812000063 53.06161544200006)
6839,11,2021,11,6,16,3,0,3,1,1,0,0,0,0,0,0,8.908996082000044,53.086440193000044,unbekannt,unbekannt,POINT (8.908996082000044 53.086440193000044)
6840,11,2021,8,3,13,3,5,3,1,1,0,0,0,0,0,0,8.935515688000066,53.07188026100005,Osterholz,Ellenerbrok-Schevemoor,POINT (8.935515688000066 53.07188026100005)
6841,11,2021,10,3,10,3,0,3,1,0,0,0,0,0,0,0,8.805627057000038,53.08241542900004,Mitte,Bahnhofsvorstadt,POINT (8.805627057000038 53.08241542900004)
6842,12,2021,9,1,15,3,0,7,1,0,0,0,0,0,0,0,8.55210168800005,53.579455289000066,Häfen,Speckenbüttel,POINT (8.55210168800005 53.579455289000066)
6843,11,2021,8,4,16,3,2,6,1,0,0,0,0,0,0,0,8.694784220000031,53.16882363000008,Burglesum,Lesum,POINT (8.694784220000031 53.16882363000008)
6844,11,2021,11,5,20,3,5,3,1,0,0,0,0,1,0,0,8.810687169000062,53.08011356500003,Mitte,Bahnhofsvorstadt,POINT (8.810687169000062 53.08011356500003)
6845,11,2021,11,7,15,3,5,3,1,1,0,0,0,0,0,1,8.823588760000064,53.04415865400006,Obervieland,Kattenturm,POINT (8.823588760000064 53.04415865400006)
6846,11,2021,11,6,16,3,6,3,1,0,1,0,0,0,1,1,8.893223702000057,53.08240952800003,Vahr,Neue Vahr Südost,POINT (8.893223702000057 53.08240952800003)
6847,11,2021,9,6,14,1,0,7,1,0,0,0,0,0,0,0,8.809454588000051,53.102183911000054,Findorff,Weidedamm,POINT (8.809454588000051 53.102183911000054)
6848,11,2021,10,5,8,3,7,1,1,0,0,0,0,0,0,0,8.899023484000054,53.10434206900004,unbekannt,unbekannt,POINT (8.899023484000054 53.10434206900004)
6849,11,2021,10,6,13,3,3,6,1,1,0,0,0,0,0,0,8.817269384000042,53.079018647000055,Mitte,Bahnhofsvorstadt,POINT (8.817269384000042 53.079018647000055)
6850,11,2021,8,7,16,3,5,3,1,1,0,0,0,0,0,0,8.879020463000074,53.08507736900003,Vahr,Neue Vahr Nord,POINT (8.879020463000074 53.08507736900003)
6851,11,2021,10,7,1,2,0,6,1,1,0,0,0,0,2,1,8.822658166000053,53.07460083400008,Östliche Vorstadt,Steintor,POINT (8.822658166000053 53.07460083400008)
6852,11,2021,12,3,18,3,2,6,1,1,0,0,0,0,2,1,8.799605589000066,53.09464102900006,Findorff,Regensburger Str.,POINT (8.799605589000066 53.09464102900006)
6853,11,2021,10,7,17,3,3,2,1,0,0,0,0,1,0,0,8.809145748000049,53.078907247000075,Mitte,Altstadt,POINT (8.809145748000049 53.078907247000075)
6854,11,2021,9,3,16,3,7,7,1,0,1,0,0,0,0,0,8.57129139400007,53.18404187700003,Blumenthal,Blumenthal,POINT (8.57129139400007 53.18404187700003)
6855,11,2021,11,6,13,3,4,6,1,0,0,0,0,0,0,0,8.85113629700004,53.085437752000075,Schwachhausen,Riensberg,POINT (8.85113629700004 53.085437752000075)
6856,11,2021,8,1,9,3,0,1,1,0,0,0,0,0,0,0,8.82684320900006,53.072814546000075,Östliche Vorstadt,Steintor,POINT (8.82684320900006 53.072814546000075)
6857,11,2021,10,2,15,2,0,7,1,0,0,0,0,0,0,0,8.833132544000023,53.08875608800008,Schwachhausen,Bürgerpark,POINT (8.833132544000023 53.08875608800008)
6858,11,2021,10,7,14,3,5,3,1,1,0,0,0,0,0,0,8.789612823000027,53.10630024100004,Walle,Hohweg,POINT (8.789612823000027 53.10630024100004)
6859,12,2021,9,6,18,3,5,3,1,1,0,0,0,0,1,1,8.58349319100006,53.58669041400003,Lehe,Königsheide,POINT (8.58349319100006 53.58669041400003)
6860,11,2021,9,6,21,3,6,7,1,0,1,0,0,0,2,0,8.807188944000075,53.07410215700003,Mitte,Altstadt,POINT (8.807188944000075 53.07410215700003)
6861,11,2022,9,2,14,3,5,3,1,1,0,0,0,0,0,1,8.81772594000006,53.048894112,Neustadt,Huckelriede,POINT (8.81772594000006 53.048894112)
6862,12,2022,2,4,15,3,5,3,1,1,0,0,0,0,0,1,8.57603777100007,53.547933001,Mitte,Weddewarden,POINT (8.57603777100007 53.547933001)
6863,11,2022,5,2,6,3,5,3,1,1,0,0,0,0,0,0,8.78362060200004,53.0659682840001,Neustadt,Neustadt,POINT (8.78362060200004 53.0659682840001)
6864,11,2022,7,4,21,2,0,1,1,0,0,0,0,0,1,0,8.81934886200003,53.0480309480001,Obervieland,Kattenturm,POINT (8.81934886200003 53.0480309480001)
6865,11,2022,5,4,20,2,5,2,1,1,0,0,0,0,0,0,8.78391942900004,53.0657700520001,Neustadt,Neuenland,POINT (8.78391942900004 53.0657700520001)
6866,11,2022,9,2,7,3,0,3,1,1,0,0,0,0,1,1,8.71429777300006,53.1801401550001,Burglesum,Burgdamm,POINT (8.71429777300006 53.1801401550001)
6867,11,2022,5,1,11,3,5,2,1,1,0,0,0,0,0,0,8.79897018600008,53.055443246,Neustadt,Neuenland,POINT (8.79897018600008 53.055443246)
6868,11,2022,7,2,8,3,5,3,1,1,0,0,0,0,0,0,8.78393139800005,53.0657621130001,Neustadt,Neuenland,POINT (8.78393139800005 53.0657621130001)
6869,11,2022,4,4,14,3,0,7,1,0,0,0,0,0,0,0,8.63036576400003,53.156551355,Burglesum,Werderland,POINT (8.63036576400003 53.156551355)
6870,11,2022,7,6,15,3,5,3,1,1,0,0,0,0,0,0,8.75663122400005,53.112296455,Gröpelingen,Lindenhof,POINT (8.75663122400005 53.112296455)
6871,11,2022,5,6,16,3,5,3,1,1,0,0,0,0,0,0,8.94459916800002,53.065836275,Osterholz,Ellenerbrok-Schevemoor,POINT (8.94459916800002 53.065836275)
6872,11,2022,5,3,14,3,5,3,1,1,0,0,0,0,0,0,8.80702419800002,53.0589428710001,Neustadt,Huckelriede,POINT (8.80702419800002 53.0589428710001)
6873,12,2022,5,3,16,3,3,6,1,1,0,0,0,0,0,0,8.58008293700004,53.5449017000001,Mitte,Weddewarden,POINT (8.58008293700004 53.5449017000001)
6874,11,2022,3,4,7,3,5,3,1,1,0,0,0,0,0,1,8.89971876500005,53.116459176,Horn-Lehe,Lehesterdeich,POINT (8.89971876500005 53.116459176)
6875,11,2022,6,3,13,3,0,7,1,0,0,0,0,0,0,0,8.74092953300004,53.052628187,Huchting,Kirchhuchting,POINT (8.74092953300004 53.052628187)
6876,11,2022,4,4,22,3,5,3,1,1,0,0,0,0,2,0,8.79401387000007,53.0744943920001,Neustadt,Alte Neustadt,POINT (8.79401387000007 53.0744943920001)
6877,11,2022,5,1,15,3,1,7,1,0,0,0,0,1,0,0,8.79250074400005,53.0748192820001,Neustadt,Alte Neustadt,POINT (8.79250074400005 53.0748192820001)
6878,11,2022,1,6,9,3,5,3,1,1,0,0,0,0,0,0,8.71605367300003,53.054128571,Huchting,Mittelshuchting,POINT (8.71605367300003 53.054128571)
6879,11,2022,5,7,18,3,1,7,1,1,0,0,0,0,0,0,8.82417005300005,53.0730379020001,Östliche Vorstadt,Steintor,POINT (8.82417005300005 53.0730379020001)
6880,11,2022,6,6,23,3,1,5,1,1,0,0,0,0,2,0,8.86932216000002,53.0670139360001,Hemelingen,Hastedt,POINT (8.86932216000002 53.0670139360001)
6881,11,2022,3,6,20,3,0,7,1,0,0,0,0,0,2,0,8.82179254400006,53.0797597110001,Mitte,Ostertor,POINT (8.82179254400006 53.0797597110001)
6882,11,2022,7,7,14,2,0,6,1,1,0,0,0,0,0,0,8.83267070400007,53.0753831870001,Östliche Vorstadt,Fesenfeld,POINT (8.83267070400007 53.0753831870001)
6883,11,2022,6,6,10,3,5,3,1,0,1,0,0,0,0,0,8.80792582900006,53.074466074,Mitte,Altstadt,POINT (8.80792582900006 53.074466074)
6884,11,2022,3,6,15,3,5,3,1,1,0,0,0,0,0,0,8.65914903100003,53.165431713,Burglesum,St.Magnus,POINT (8.65914903100003 53.165431713)
6885,12,2022,7,7,18,3,0,1,1,0,0,0,0,0,0,0,8.58732556400003,53.5549976720001,Lehe,Königsheide,POINT (8.58732556400003 53.5549976720001)
6886,11,2022,7,5,15,2,5,2,1,0,0,0,1,0,0,0,8.78818137700006,53.07649761,Neustadt,Alte Neustadt,POINT (8.78818137700006 53.07649761)
6887,11,2022,5,5,10,3,5,3,1,1,0,0,0,0,0,0,8.94056829300007,53.0775992640001,unbekannt,unbekannt,POINT (8.94056829300007 53.0775992640001)
6888,11,2022,4,5,7,3,5,2,1,1,0,0,0,0,0,0,8.80435794200002,53.0805780950001,Mitte,Altstadt,POINT (8.80435794200002 53.0805780950001)
6889,11,2022,6,6,21,3,5,3,1,1,0,0,0,0,1,0,8.90162413900003,53.0503705410001,Hemelingen,Hemelingen,POINT (8.90162413900003 53.0503705410001)
6890,11,2022,5,5,16,3,5,3,1,1,0,0,0,0,0,0,8.63431534000006,53.182878719,Vegesack,Schönebeck,POINT (8.63431534000006 53.182878719)
6891,12,2022,6,4,18,3,4,6,1,0,0,0,0,1,0,0,8.60984826000004,53.523640082,Geestemünde,Buschkämpen,POINT (8.60984826000004 53.523640082)
6892,11,2022,5,1,12,3,5,3,1,1,0,0,0,0,0,0,8.94483300300004,53.0597475180001,Osterholz,Ellenerbrok-Schevemoor,POINT (8.94483300300004 53.0597475180001)
6893,11,2022,1,3,15,3,5,3,1,1,0,0,0,0,0,0,8.83068817300006,53.0410070240001,Obervieland,Kattenturm,POINT (8.83068817300006 53.0410070240001)
6894,11,2022,3,6,13,3,0,6,1,1,0,0,0,0,0,0,8.62167858200007,53.1700251090001,Vegesack,Vegesack,POINT (8.62167858200007 53.1700251090001)
6895,11,2022,5,4,21,3,5,3,1,1,0,0,0,0,1,0,8.87760094100003,53.1151952650001,Horn-Lehe,Lehesterdeich,POINT (8.87760094100003 53.1151952650001)
6896,11,2022,3,3,17,3,5,3,1,1,0,0,0,0,0,0,8.57868809600006,53.184442727,Blumenthal,Blumenthal,POINT (8.57868809600006 53.184442727)
6897,11,2022,5,2,16,3,5,3,1,0,1,0,0,0,0,0,8.77020458900006,53.080369482,Woltmershausen,Woltmershausen,POINT (8.77020458900006 53.080369482)
6898,11,2022,6,4,14,3,5,3,1,0,0,0,0,0,0,0,8.87849004100002,53.0789126280001,Vahr,Gartenstadt Vahr,POINT (8.87849004100002 53.0789126280001)
6899,11,2022,3,6,15,3,5,3,1,1,0,0,0,0,0,0,8.78619233000006,53.0839591700001,Walle,Überseestadt,POINT (8.78619233000006 53.0839591700001)
6900,12,2022,7,5,13,3,5,2,1,1,0,0,0,0,0,1,8.58621228100003,53.561511975,Lehe,Königsheide,POINT (8.58621228100003 53.561511975)
6901,12,2022,6,4,22,3,0,1,1,0,0,0,0,0,2,0,8.59756846800008,53.543388377,Geestemünde,Buschkämpen,POINT (8.59756846800008 53.543388377)
6902,11,2022,3,3,13,3,1,5,1,1,0,0,0,0,0,0,8.81134704700003,53.0752525880001,Mitte,Altstadt,POINT (8.81134704700003 53.0752525880001)
6903,11,2022,3,4,21,3,0,7,1,0,0,0,0,0,2,0,8.85930083700003,53.0688668130001,Hemelingen,Hastedt,POINT (8.85930083700003 53.0688668130001)
6904,11,2022,7,3,15,3,1,7,1,1,0,0,0,0,0,0,8.84274063800007,53.081502492,Schwachhausen,Gete,POINT (8.84274063800007 53.081502492)
6905,11,2022,7,4,7,3,5,3,1,1,0,0,0,0,0,0,8.62275556900005,53.1840188350001,Vegesack,Aumund-Hammersbeck,POINT (8.62275556900005 53.1840188350001)
6906,11,2022,5,4,9,3,1,5,1,1,0,0,0,0,0,0,8.82314066500004,53.0731808410001,Östliche Vorstadt,Steintor,POINT (8.82314066500004 53.0731808410001)
6907,11,2022,6,7,5,3,5,3,1,1,0,0,0,0,0,1,8.90198561800003,53.059394566,Hemelingen,Sebaldsbrück,POINT (8.90198561800003 53.059394566)
6908,11,2022,1,5,7,3,0,7,1,0,0,0,0,0,2,2,8.92770017600003,53.0898815050001,unbekannt,unbekannt,POINT (8.92770017600003 53.0898815050001)
6909,11,2022,3,5,16,3,5,3,1,1,0,0,0,0,0,0,8.77328684100007,53.09173838,Walle,Überseestadt,POINT (8.77328684100007 53.09173838)
6910,11,2022,5,5,14,3,3,6,1,1,0,0,0,0,0,0,8.94608065800003,53.0769858460001,unbekannt,unbekannt,POINT (8.94608065800003 53.0769858460001)
6911,11,2022,2,2,17,2,5,3,1,1,0,0,0,0,2,1,8.79474594400006,53.0914694800001,Walle,Utbremen,POINT (8.79474594400006 53.0914694800001)
6912,11,2022,5,2,17,3,5,2,1,1,0,0,0,0,0,0,8.80324947400004,53.0801635940001,Mitte,Altstadt,POINT (8.80324947400004 53.0801635940001)
6913,11,2022,6,6,9,3,5,3,1,1,0,0,0,0,0,0,8.94054825700005,53.077518599,unbekannt,unbekannt,POINT (8.94054825700005 53.077518599)
6914,11,2022,4,1,12,3,1,5,1,1,0,0,0,0,0,0,8.84368694900007,53.089494304,Schwachhausen,Riensberg,POINT (8.84368694900007 53.089494304)
6915,11,2022,5,2,9,3,5,3,1,1,0,0,0,0,0,0,8.82520183500003,53.0843418520001,Schwachhausen,Bürgerpark,POINT (8.82520183500003 53.0843418520001)
6916,11,2022,1,3,18,3,5,2,1,1,0,0,0,0,2,0,8.80730887800007,53.0821699260001,Mitte,Bahnhofsvorstadt,POINT (8.80730887800007 53.0821699260001)
6917,11,2022,5,7,16,3,3,2,1,1,0,0,0,0,0,1,8.93127837400004,53.0589710500001,Osterholz,Ellenerbrok-Schevemoor,POINT (8.93127837400004 53.0589710500001)
6918,11,2022,6,3,11,3,5,3,1,1,0,0,0,0,0,0,8.77392504900007,53.1083579020001,Walle,Walle,POINT (8.77392504900007 53.1083579020001)
6919,12,2022,6,1,3,3,0,1,1,0,0,0,0,0,2,0,8.59520953400005,53.565098193,Lehe,Königsheide,POINT (8.59520953400005 53.565098193)
6920,12,2022,3,6,16,3,3,2,1,1,0,0,0,0,0,0,8.60386763200006,53.5040204680001,Wulsdorf,Geestemünde-Süd,POINT (8.60386763200006 53.5040204680001)
6921,12,2022,7,1,12,3,5,3,1,1,0,0,0,0,0,0,8.57699565400003,53.552619097,Mitte,Weddewarden,POINT (8.57699565400003 53.552619097)
6922,12,2022,3,6,13,3,2,6,1,1,0,0,0,0,0,0,8.58868919700006,53.559203263,Lehe,Königsheide,POINT (8.58868919700006 53.559203263)
6923,11,2022,6,5,8,3,5,3,1,1,0,0,0,0,0,0,8.81952833200006,53.0805576380001,Mitte,Bahnhofsvorstadt,POINT (8.81952833200006 53.0805576380001)
6924,11,2022,5,5,14,3,1,5,1,1,0,0,0,0,0,0,8.80726061200005,53.070315254,Neustadt,Alte Neustadt,POINT (8.80726061200005 53.070315254)
6925,11,2022,3,1,17,3,5,3,1,0,0,0,0,0,0,0,8.78831718000004,53.0820221270001,Walle,Überseestadt,POINT (8.78831718000004 53.0820221270001)
6926,11,2022,4,4,19,3,5,3,1,1,0,0,0,0,0,0,8.77258273000007,53.081397264,Woltmershausen,Woltmershausen,POINT (8.77258273000007 53.081397264)
6927,11,2022,7,4,13,3,0,7,1,0,0,0,0,0,0,0,8.82227115000006,53.0796452160001,Mitte,Ostertor,POINT (8.82227115000006 53.0796452160001)
6928,11,2022,5,5,14,2,0,7,1,0,0,0,0,0,0,0,8.67594284300003,53.1734759240001,Burglesum,Lesum,POINT (8.67594284300003 53.1734759240001)