,UKREIS,UJAHR,UMONAT,UWOCHENTAG,USTUNDE,UKATEGORIE,UART,UTYP1,IstRad,IstPKW,IstFuss,IstKrad,IstGkfz,IstSonstig,ULICHTVERH,STRZUSTAND,longitude,latitude,Stadtteil,Ortsteil,geometry
7261,11,2022,1,5,22,3,4,6,1,0,0,0,0,0,2,1,8.83497365700003,53.0965477240001,Schwachhausen,Neu-Schwachhausen,POINT (8.83497365700003 53.0965477240001)
7262,11,2022,3,3,15,3,5,3,1,1,0,0,0,0,0,0,8.78535942200006,53.0709131740001,Neustadt,Hohentor,POINT (8.78535942200006 53.0709131740001)
7263,11,2022,7,7,17,3,0,5,1,1,0,0,0,0,0,0,8.95445333100002,53.0627930200001,Osterholz,Tenever,POINT (8.95445333100002 53.0627930200001)
7264,12,2022,7,4,17,3,5,3,1,1,0,0,0,0,0,0,8.60552086200005,53.516411566,Geestemünde,Buschkämpen,POINT (8.60552086200005 53.516411566)
7265,11,2022,5,3,10,3,5,3,1,0,0,0,0,0,0,0,8.81624965400005,53.07916312,Mitte,Bahnhofsvorstadt,POINT (8.81624965400005 53.07916312)
7266,11,2022,1,6,16,3,1,1,1,1,0,0,0,0,0,1,8.82414167000007,53.0730358370001,Östliche Vorstadt,Steintor,POINT (8.82414167000007 53.0730358370001)
7267,12,2022,6,7,9,3,5,3,1,1,0,0,0,0,0,0,8.59422274800005,53.5392692840001,Geestemünde,Buschkämpen,POINT (8.59422274800005 53.5392692840001)
7268,12,2022,4,6,18,3,5,2,1,1,0,0,0,0,0,0,8.60073449300006,53.536332853,Geestemünde,Buschkämpen,POINT (8.60073449300006 53.536332853)
7269,12,2022,3,3,16,3,0,7,1,0,0,0,0,0,0,0,8.62759130200004,53.5280333210001,Schiffdorferdamm,Buschkämpen,POINT (8.62759130200004 53.5280333210001)
7270,11,2022,6,3,10,3,5,3,1,1,0,0,0,0,0,0,8.82411762400005,53.079221321,Mitte,Ostertor,POINT (8.82411762400005 53.079221321)
7271,11,2022,4,5,7,3,5,3,1,1,0,0,0,0,0,0,8.72921282300007,53.0856983470001,Häfen,Neustädter Hafen,POINT (8.72921282300007 53.0856983470001)
7272,11,2022,6,5,17,3,1,5,1,1,0,0,0,0,0,0,8.82780253500005,53.0725170580001,Östliche Vorstadt,Steintor,POINT (8.82780253500005 53.0725170580001)
7273,11,2022,5,2,8,3,3,6,1,0,0,0,0,0,0,0,8.80193038800007,53.086566802,Mitte,Bahnhofsvorstadt,POINT (8.80193038800007 53.086566802)
7274,11,2022,1,2,7,2,5,2,1,0,0,0,0,0,2,1,8.87327823000004,53.067205599,Hemelingen,Hastedt,POINT (8.87327823000004 53.067205599)
7275,11,2022,4,1,18,3,1,5,1,1,0,0,0,0,0,0,8.84411778600003,53.0751773540001,Östliche Vorstadt,Hulsberg,POINT (8.84411778600003 53.0751773540001)
7276,11,2022,2,2,19,3,5,3,1,1,0,0,0,0,2,1,8.82694046000006,53.034271947,Obervieland,Kattenturm,POINT (8.82694046000006 53.034271947)
7277,11,2022,3,2,10,2,5,3,1,1,0,0,0,0,0,1,8.68841585100006,53.1696807700001,Burglesum,Lesum,POINT (8.68841585100006 53.1696807700001)
7278,11,2022,7,3,16,3,5,7,1,1,0,0,0,0,0,0,8.75898592300007,53.1192862710001,Gröpelingen,Ohlenhof,POINT (8.75898592300007 53.1192862710001)
7279,11,2022,6,3,7,3,5,2,1,1,0,0,0,0,0,0,8.78406994100004,53.075572374,Woltmershausen,Woltmershausen,POINT (8.78406994100004 53.075572374)
7280,11,2022,6,2,6,3,6,3,1,0,1,0,0,0,0,0,8.57829547200004,53.206808326,Blumenthal,Lüssum-Bockhorn,POINT (8.57829547200004 53.206808326)
7281,12,2022,5,1,17,3,5,3,1,1,0,0,0,0,0,0,8.58519789300004,53.5574436050001,Lehe,Königsheide,POINT (8.58519789300004 53.5574436050001)
7282,11,2022,3,3,10,3,5,3,1,1,0,0,0,0,0,0,8.58458647800006,53.181472813,Blumenthal,Blumenthal,POINT (8.58458647800006 53.181472813)
7283,11,2022,7,3,10,3,5,3,1,1,0,0,0,0,0,0,8.78410923400003,53.0895056150001,Walle,Steffensweg,POINT (8.78410923400003 53.0895056150001)
7284,11,2022,1,4,20,3,5,2,1,1,0,0,0,0,2,0,8.79121784200004,53.091579671,Walle,Utbremen,POINT (8.79121784200004 53.091579671)
7285,11,2022,2,4,10,3,4,6,1,1,0,0,0,0,0,1,8.95039952000008,53.0579363680001,Osterholz,Osterholz,POINT (8.95039952000008 53.0579363680001)
7286,11,2022,5,1,0,3,0,1,1,0,0,0,0,0,2,0,8.80902694500003,53.0747507560001,Mitte,Altstadt,POINT (8.80902694500003 53.0747507560001)
7287,11,2022,7,4,17,3,4,6,1,0,0,1,0,0,0,0,8.85315158000003,53.0625563560001,Hemelingen,Hastedt,POINT (8.85315158000003 53.0625563560001)
7288,11,2022,7,6,19,3,5,3,1,1,0,0,0,0,0,0,8.78156563100003,53.077730876,Woltmershausen,Woltmershausen,POINT (8.78156563100003 53.077730876)
7289,11,2022,5,5,17,3,5,2,1,1,0,0,0,0,0,1,8.94760269500006,53.064294433,Osterholz,Ellenerbrok-Schevemoor,POINT (8.94760269500006 53.064294433)
7290,11,2022,2,4,15,3,5,2,1,1,0,0,0,0,0,1,8.87608502500007,53.082136414,Vahr,Neue Vahr Südwest,POINT (8.87608502500007 53.082136414)
7291,11,2022,2,4,17,3,4,6,1,0,0,0,0,0,2,1,8.67737503700005,53.1733107310001,Burglesum,Lesum,POINT (8.67737503700005 53.1733107310001)
7292,12,2022,7,4,11,2,0,7,1,0,0,0,0,0,0,0,8.58834355000005,53.530676413,Geestemünde,Buschkämpen,POINT (8.58834355000005 53.530676413)
7293,12,2022,5,3,23,2,0,7,1,0,0,0,0,0,2,0,8.57845878700005,53.559564591,Lehe,Königsheide,POINT (8.57845878700005 53.559564591)
7294,11,2022,1,5,22,3,0,7,1,0,0,0,0,0,2,2,8.82503444100007,53.0845848650001,Schwachhausen,Bürgerpark,POINT (8.82503444100007 53.0845848650001)
7295,11,2022,4,2,15,3,0,7,1,1,0,0,0,0,0,0,8.86478388500007,53.0954736690001,Horn-Lehe,Horn,POINT (8.86478388500007 53.0954736690001)
7296,11,2022,5,3,14,3,5,3,1,1,0,0,0,0,0,0,8.90205124000005,53.072702916,Hemelingen,Sebaldsbrück,POINT (8.90205124000005 53.072702916)
7297,11,2022,6,3,6,3,5,2,1,1,0,0,0,0,0,0,8.62451376300004,53.177214539,Vegesack,Vegesack,POINT (8.62451376300004 53.177214539)
7298,11,2022,4,4,13,3,5,3,1,1,0,0,0,0,0,0,8.79097819500004,53.067876104,Neustadt,Neustadt,POINT (8.79097819500004 53.067876104)
7299,11,2022,7,6,8,3,5,2,1,1,0,0,0,0,0,0,8.82447085700005,53.0842560790001,Schwachhausen,Barkhof,POINT (8.82447085700005 53.0842560790001)
7300,12,2022,5,5,17,3,5,3,1,1,0,0,0,0,0,1,8.54456026100007,53.59566096,Weddewarden,Speckenbüttel,POINT (8.54456026100007 53.59566096)
7301,11,2022,3,6,17,3,5,2,1,1,0,0,0,0,0,0,8.62445161300008,53.17669884,Vegesack,Vegesack,POINT (8.62445161300008 53.17669884)
7302,11,2022,7,3,19,3,5,3,1,1,0,0,0,0,0,0,8.75008748600004,53.1258526940001,Gröpelingen,Ohlenhof,POINT (8.75008748600004 53.1258526940001)
7303,11,2022,2,3,13,3,2,6,1,1,0,0,0,0,0,1,8.82424985900008,53.0751621220001,Östliche Vorstadt,Steintor,POINT (8.82424985900008 53.0751621220001)
7304,11,2022,4,3,4,3,0,7,1,0,0,0,0,0,2,0,8.64016802200007,53.1731722850001,Vegesack,Schönebeck,POINT (8.64016802200007 53.1731722850001)
7305,11,2022,6,6,17,3,6,4,1,0,1,0,0,0,0,0,8.85157703900006,53.0650290450001,Östliche Vorstadt,Peterswerder,POINT (8.85157703900006 53.0650290450001)
7306,12,2022,5,2,18,3,5,3,1,1,0,0,0,0,0,0,8.59466250700007,53.527462814,Geestemünde,Buschkämpen,POINT (8.59466250700007 53.527462814)
7307,12,2022,5,7,0,3,8,1,1,0,0,0,0,0,2,1,8.59002181200003,53.556802454,Lehe,Königsheide,POINT (8.59002181200003 53.556802454)
7308,11,2022,3,4,7,3,5,2,1,1,0,0,0,0,0,0,8.87550034600002,53.082081341,Vahr,Gartenstadt Vahr,POINT (8.87550034600002 53.082081341)
7309,11,2022,7,2,16,3,5,2,1,1,0,0,0,0,0,0,8.87060615700005,53.0913633380001,Schwachhausen,Radio Bremen,POINT (8.87060615700005 53.0913633380001)
7310,11,2022,1,7,0,3,5,3,1,1,0,0,0,0,2,1,8.62793540100006,53.1718564920001,Vegesack,Vegesack,POINT (8.62793540100006 53.1718564920001)
7311,11,2022,2,3,18,3,5,3,1,0,0,0,0,1,2,0,8.80929993400002,53.074652778,Mitte,Altstadt,POINT (8.80929993400002 53.074652778)
7312,12,2022,5,4,12,3,1,5,1,1,0,0,0,0,0,0,8.59496156000006,53.5388429500001,Geestemünde,Buschkämpen,POINT (8.59496156000006 53.5388429500001)
7313,11,2022,3,2,8,3,3,6,1,0,0,0,0,1,0,0,8.88041785800004,53.0604945850001,Hemelingen,Hastedt,POINT (8.88041785800004 53.0604945850001)
7314,11,2022,5,2,12,3,5,3,1,1,0,0,0,0,0,0,8.76354347000006,53.108971927,Gröpelingen,Lindenhof,POINT (8.76354347000006 53.108971927)
7315,11,2022,4,4,6,3,5,3,1,1,0,0,0,0,1,0,8.75805644400003,53.0582040130001,Huchting,Grolland,POINT (8.75805644400003 53.0582040130001)
7316,11,2022,1,6,15,3,5,3,1,1,0,0,0,0,0,0,8.87653298700008,53.0810411320001,Vahr,Gartenstadt Vahr,POINT (8.87653298700008 53.0810411320001)
7317,11,2022,4,1,16,3,6,4,1,0,1,0,0,0,0,0,8.87118571600007,53.061765558,Hemelingen,Hastedt,POINT (8.87118571600007 53.061765558)
7318,11,2022,6,6,8,2,3,6,1,0,0,0,0,0,0,0,8.73616795200007,53.0475190240001,Huchting,Kirchhuchting,POINT (8.73616795200007 53.0475190240001)
7319,11,2022,7,6,16,3,4,6,1,0,0,0,0,0,0,0,8.84121744300006,53.035413383,Obervieland,Arsten,POINT (8.84121744300006 53.035413383)
7320,11,2022,2,6,11,3,5,2,1,0,0,0,0,1,0,1,8.79002357400003,53.096786444,Walle,Westend,POINT (8.79002357400003 53.096786444)
7321,11,2022,3,6,11,3,5,3,1,0,0,0,1,0,0,0,8.72915434400005,53.0857136380001,Häfen,Neustädter Hafen,POINT (8.72915434400005 53.0857136380001)
7322,11,2022,6,6,6,2,3,6,1,0,0,0,0,1,0,0,8.77549707900005,53.0909305750001,Walle,Überseestadt,POINT (8.77549707900005 53.0909305750001)
7323,11,2022,5,6,13,3,5,3,1,1,0,0,0,0,0,0,8.78589924000005,53.1028731160001,Walle,Walle,POINT (8.78589924000005 53.1028731160001)
7324,11,2022,1,3,9,3,0,7,1,0,0,0,0,0,0,2,8.56914358800003,53.181205778,Blumenthal,Blumenthal,POINT (8.56914358800003 53.181205778)
7325,11,2022,2,6,20,3,5,3,1,1,0,0,0,0,2,1,8.76235802400004,53.1157461550001,Gröpelingen,Gröpelingen,POINT (8.76235802400004 53.1157461550001)
7326,11,2022,5,4,8,2,5,3,1,1,0,0,0,0,0,0,8.84994848400004,53.0850314350001,Schwachhausen,Gete,POINT (8.84994848400004 53.0850314350001)
7327,11,2022,2,3,14,3,0,7,1,0,0,0,0,0,0,1,8.89432120700008,53.050858949,Hemelingen,Hemelingen,POINT (8.89432120700008 53.050858949)
7328,11,2022,7,1,6,3,5,3,1,1,0,0,0,0,1,0,8.78882789000005,53.1042284210001,Walle,Osterfeuerberg,POINT (8.78882789000005 53.1042284210001)
7329,11,2022,6,3,12,3,5,3,1,0,0,0,0,0,0,0,8.81910282600006,53.080364633,Mitte,Bahnhofsvorstadt,POINT (8.81910282600006 53.080364633)
7330,11,2022,1,6,6,3,0,7,1,0,0,0,0,0,2,1,8.92217322300007,53.0914753850001,unbekannt,unbekannt,POINT (8.92217322300007 53.0914753850001)
7331,11,2022,5,2,15,3,5,3,1,1,0,0,0,0,0,0,8.76365977700004,53.12308692,Gröpelingen,Gröpelingen,POINT (8.76365977700004 53.12308692)
7332,11,2022,2,7,19,3,0,7,1,1,0,0,0,0,2,0,8.95474449800003,53.0750521210001,Osterholz,Tenever,POINT (8.95474449800003 53.0750521210001)
7333,11,2022,6,4,20,3,4,2,1,1,0,0,0,0,0,0,8.93445306000007,53.069465644,Osterholz,Ellenerbrok-Schevemoor,POINT (8.93445306000007 53.069465644)
7334,11,2022,5,5,17,3,5,3,1,1,0,0,0,0,0,0,8.84072200100007,53.104900641,Schwachhausen,Neu-Schwachhausen,POINT (8.84072200100007 53.104900641)
7335,11,2022,4,2,7,2,0,7,1,0,0,0,0,0,0,1,8.83157907600003,53.0859445300001,Schwachhausen,Bürgerpark,POINT (8.83157907600003 53.0859445300001)
7336,11,2022,4,7,19,3,8,2,1,1,0,0,0,0,0,0,8.78491515900004,53.0886712270001,Walle,Überseestadt,POINT (8.78491515900004 53.0886712270001)
7337,11,2022,4,7,10,2,2,7,1,0,0,0,0,0,0,0,8.84165701700005,53.029120248,Obervieland,Arsten,POINT (8.84165701700005 53.029120248)
7338,11,2022,6,7,9,3,5,3,1,1,0,0,0,0,0,0,8.64779601000004,53.171486664,Vegesack,Grohn,POINT (8.64779601000004 53.171486664)
7339,11,2022,5,3,9,3,5,3,1,0,0,0,0,1,0,0,8.83819534000003,53.078876742,Schwachhausen,Gete,POINT (8.83819534000003 53.078876742)
7340,11,2022,1,2,11,3,5,3,1,1,0,0,0,0,0,1,8.60577854800005,53.1816874630001,Vegesack,Fähr-Lobbendorf,POINT (8.60577854800005 53.1816874630001)
7341,11,2022,6,7,12,3,5,3,1,1,0,0,0,0,0,0,8.87260817000003,53.102681046,Horn-Lehe,Lehe,POINT (8.87260817000003 53.102681046)
7342,11,2022,1,4,18,3,0,6,1,1,0,0,0,0,2,0,8.80023890200005,53.0650468580001,Neustadt,Buntentor,POINT (8.80023890200005 53.0650468580001)
7343,11,2022,5,6,16,3,4,6,1,0,0,0,0,0,0,0,8.81200728500005,53.0796640410001,Mitte,Bahnhofsvorstadt,POINT (8.81200728500005 53.0796640410001)
7344,11,2022,5,3,16,3,5,3,1,1,0,0,0,0,0,0,8.93051044800006,53.0590156120001,Osterholz,Osterholz,POINT (8.93051044800006 53.0590156120001)
7345,11,2022,6,7,17,3,2,6,1,1,0,0,0,0,0,0,8.74343485500003,53.1374309540001,Gröpelingen,Oslebshausen,POINT (8.74343485500003 53.1374309540001)
7346,11,2022,3,3,7,3,5,3,1,0,0,0,0,0,0,0,8.85261075200003,53.073619605,Östliche Vorstadt,Hulsberg,POINT (8.85261075200003 53.073619605)
7347,11,2022,2,4,14,3,5,3,1,1,0,0,0,0,0,1,8.89183382400006,53.0483543110001,Hemelingen,Hemelingen,POINT (8.89183382400006 53.0483543110001)
7348,12,2022,3,3,7,3,5,3,1,1,0,0,0,0,0,0,8.61018598400005,53.529910596,Geestemünde,Buschkämpen,POINT (8.61018598400005 53.529910596)
7349,11,2022,6,4,20,3,5,3,1,1,0,0,0,0,1,0,8.87521329900005,53.1013131240001,Horn-Lehe,Lehe,POINT (8.87521329900005 53.1013131240001)
7350,11,2022,5,2,16,3,5,2,1,1,0,0,0,0,0,0,8.80321461700004,53.080138893,Mitte,Altstadt,POINT (8.80321461700004 53.080138893)
7351,11,2022,6,2,18,3,5,3,1,1,0,0,0,0,0,1,8.80407683100003,53.0723687020001,Neustadt,Alte Neustadt,POINT (8.80407683100003 53.0723687020001)
7352,11,2022,3,5,16,2,0,1,1,0,0,0,0,0,0,0,8.84973784700003,53.065672369,Östliche Vorstadt,Peterswerder,POINT (8.84973784700003 53.065672369)
7353,11,2022,7,3,7,3,3,6,1,0,0,0,0,1,0,0,8.64121214900007,53.1731599670001,Vegesack,Schönebeck,POINT (8.64121214900007 53.1731599670001)
7354,11,2022,7,4,18,3,5,3,1,1,0,0,0,0,0,0,8.77739687400003,53.1101347810001,Walle,Walle,POINT (8.77739687400003 53.1101347810001)
7355,11,2022,5,5,14,2,5,3,1,0,0,0,0,1,0,0,8.81863217800003,53.0767632930001,Mitte,Ostertor,POINT (8.81863217800003 53.0767632930001)
7356,11,2022,6,2,15,3,5,3,1,1,0,0,0,0,0,0,8.52500126600006,53.2041488230001,Blumenthal,Farge,POINT (8.52500126600006 53.2041488230001)
7357,11,2022,2,7,23,3,0,1,1,0,0,0,0,0,2,0,8.84317719900002,53.0809181450001,Schwachhausen,Gete,POINT (8.84317719900002 53.0809181450001)
7358,11,2022,3,5,16,3,0,7,1,0,0,0,0,0,0,0,8.80379832900007,53.072430486,Neustadt,Alte Neustadt,POINT (8.80379832900007 53.072430486)
7359,11,2022,6,1,13,3,6,7,1,0,1,0,0,0,0,0,8.81525209200004,53.0812145730001,Mitte,Bahnhofsvorstadt,POINT (8.81525209200004 53.0812145730001)
7360,11,2022,4,7,14,3,0,1,1,0,0,0,0,0,0,0,8.85629013600004,53.0892069830001,Schwachhausen,Riensberg,POINT (8.85629013600004 53.0892069830001)
7361,11,2022,7,6,8,3,5,3,1,1,0,0,0,0,0,1,8.83377731500008,53.0818627250001,Schwachhausen,Schwachhausen,POINT (8.83377731500008 53.0818627250001)
7362,11,2022,1,6,12,3,5,2,1,0,0,0,0,0,0,0,8.95126366000005,53.057882206,Osterholz,Osterholz,POINT (8.95126366000005 53.057882206)
7363,11,2022,5,3,12,3,5,3,1,1,0,0,0,0,0,0,8.81873489000003,53.0778023390001,Mitte,Ostertor,POINT (8.81873489000003 53.0778023390001)
7364,11,2022,3,6,7,3,5,2,1,1,0,0,0,0,0,0,8.82466966400006,53.084185985,Schwachhausen,Barkhof,POINT (8.82466966400006 53.084185985)
7365,11,2022,6,3,18,3,1,5,1,1,0,0,0,0,0,0,8.80407913800008,53.062364632,Neustadt,Buntentor,POINT (8.80407913800008 53.062364632)
7366,12,2022,6,3,9,3,5,3,1,0,0,0,0,0,0,0,8.58928344900005,53.5689342650001,Lehe,Königsheide,POINT (8.58928344900005 53.5689342650001)
7367,11,2022,5,2,10,2,1,7,1,1,0,0,0,0,0,0,8.81920365400003,53.050633239,Neustadt,Huckelriede,POINT (8.81920365400003 53.050633239)
7368,11,2022,6,5,9,3,5,3,1,1,0,0,0,0,0,0,8.79389703400005,53.0966325680001,Walle,Osterfeuerberg,POINT (8.79389703400005 53.0966325680001)
7369,11,2022,3,6,12,3,5,3,1,1,0,0,0,0,0,0,8.87313042100004,53.084714756,Schwachhausen,Radio Bremen,POINT (8.87313042100004 53.084714756)
7370,11,2022,7,5,14,3,3,2,1,1,0,0,0,0,0,0,8.82649637600002,53.072911242,Östliche Vorstadt,Steintor,POINT (8.82649637600002 53.072911242)
7371,11,2022,1,4,17,3,5,3,1,1,0,0,0,0,2,0,8.62604120300006,53.1722867720001,Vegesack,Vegesack,POINT (8.62604120300006 53.1722867720001)
7372,11,2022,5,5,18,3,5,3,1,1,0,0,0,0,0,0,8.85473544900003,53.0764472540001,Schwachhausen,Gete,POINT (8.85473544900003 53.0764472540001)
7373,11,2022,3,4,14,3,5,3,1,1,0,0,0,0,0,0,8.87659847800006,53.0813866290001,Vahr,Neue Vahr Südwest,POINT (8.87659847800006 53.0813866290001)
7374,12,2022,7,4,14,3,5,2,1,0,0,0,1,0,0,0,8.59894404800002,53.5052591800001,Wulsdorf,Geestemünde-Süd,POINT (8.59894404800002 53.5052591800001)
7375,11,2022,5,5,11,3,5,3,1,1,0,0,0,0,0,0,8.81837442800003,53.0774223340001,Mitte,Ostertor,POINT (8.81837442800003 53.0774223340001)
7376,11,2022,2,2,11,3,5,2,1,1,0,0,0,0,0,0,8.80137883800006,53.079051533,Mitte,Altstadt,POINT (8.80137883800006 53.079051533)
7377,11,2022,5,3,11,3,5,3,1,1,0,0,0,0,0,0,8.87186524700007,53.077207136,Vahr,Gartenstadt Vahr,POINT (8.87186524700007 53.077207136)
7378,11,2022,5,1,15,3,0,7,1,0,0,0,0,0,0,0,8.86815847600008,53.073129011,Hemelingen,Hastedt,POINT (8.86815847600008 53.073129011)
7379,11,2022,4,3,6,3,0,7,1,0,0,0,0,0,0,0,8.60973334000005,53.1733041370001,Vegesack,Fähr-Lobbendorf,POINT (8.60973334000005 53.1733041370001)
7380,11,2022,5,5,18,3,5,2,1,1,0,0,0,0,0,1,8.87176509600005,53.0914361470001,Horn-Lehe,Horn,POINT (8.87176509600005 53.0914361470001)
7381,11,2022,6,2,16,2,5,3,1,0,0,0,0,1,0,0,8.87334659200008,53.0913046000001,Horn-Lehe,Horn,POINT (8.87334659200008 53.0913046000001)
7382,11,2022,6,3,17,3,0,7,1,0,0,0,0,0,0,0,8.94900891600003,53.063526521,Osterholz,Ellenerbrok-Schevemoor,POINT (8.94900891600003 53.063526521)
7383,11,2022,4,4,11,3,1,5,1,1,0,0,0,0,0,0,8.80065771400007,53.0647667370001,Neustadt,Buntentor,POINT (8.80065771400007 53.0647667370001)
7384,11,2022,6,7,8,3,3,6,1,1,0,0,0,0,0,0,8.80001284700006,53.0970696050001,Findorff,Regensburger Str.,POINT (8.80001284700006 53.0970696050001)
7385,11,2022,4,1,18,3,0,7,1,0,0,0,0,0,0,1,8.77066390400006,53.1000164280001,Walle,Überseestadt,POINT (8.77066390400006 53.1000164280001)
7386,11,2022,5,5,5,3,0,7,1,0,0,0,0,0,0,0,8.85611263100003,53.0888471010001,Schwachhausen,Riensberg,POINT (8.85611263100003 53.0888471010001)
7387,11,2022,1,2,6,3,5,2,1,1,0,0,0,0,2,1,8.91402581400007,53.0682385740001,Hemelingen,Sebaldsbrück,POINT (8.91402581400007 53.0682385740001)
7388,11,2022,3,5,15,3,5,3,1,1,0,0,0,0,0,0,8.79407681300006,53.1031819990001,Walle,Osterfeuerberg,POINT (8.79407681300006 53.1031819990001)
7389,11,2022,5,5,15,3,3,6,1,1,0,0,0,0,0,0,8.94346757200003,53.062682431,Osterholz,Ellenerbrok-Schevemoor,POINT (8.94346757200003 53.062682431)
7390,11,2022,6,1,19,3,0,7,1,0,0,0,0,0,0,0,8.80535986100006,53.100412078,Findorff,Regensburger Str.,POINT (8.80535986100006 53.100412078)
7391,11,2022,4,6,15,2,5,3,1,0,0,0,0,1,0,0,8.76056400700003,53.08788301,Woltmershausen,Woltmershausen,POINT (8.76056400700003 53.08788301)
7392,11,2022,6,2,10,3,5,2,1,0,0,0,0,1,0,0,8.70465721100004,53.154822095,Burglesum,Burg-Grambke,POINT (8.70465721100004 53.154822095)
7393,11,2022,5,2,9,3,5,3,1,0,1,0,0,0,0,0,8.84524621300005,53.0779097020001,Schwachhausen,Gete,POINT (8.84524621300005 53.0779097020001)
7394,11,2022,2,1,18,3,5,3,1,1,0,0,0,0,2,0,8.85119616500003,53.033695289,Obervieland,Arsten,POINT (8.85119616500003 53.033695289)
7395,11,2022,2,6,7,2,5,3,1,0,0,0,1,0,0,0,8.79039714400005,53.0862973580001,Walle,Utbremen,POINT (8.79039714400005 53.0862973580001)
7396,12,2022,5,5,15,3,0,7,1,0,0,0,0,0,0,0,8.60127610600006,53.5913657240001,Leherheide,Fehmoor,POINT (8.60127610600006 53.5913657240001)
7397,11,2022,3,2,11,2,2,6,1,1,0,0,0,0,0,0,8.64789342700004,53.1702224260001,Vegesack,Grohn,POINT (8.64789342700004 53.1702224260001)
7398,11,2022,5,3,8,2,3,2,1,1,0,0,0,0,0,0,8.82778934600003,53.0830400090001,Schwachhausen,Bürgerpark,POINT (8.82778934600003 53.0830400090001)
7399,11,2022,6,4,8,3,3,2,1,0,0,0,1,0,0,0,8.92338680700004,53.0593632470001,Osterholz,Osterholz,POINT (8.92338680700004 53.0593632470001)
7400,11,2022,3,4,14,3,5,3,1,1,0,0,0,0,0,0,8.88308914500004,53.074751409,Hemelingen,Sebaldsbrück,POINT (8.88308914500004 53.074751409)
7401,11,2022,4,5,16,3,5,3,1,1,0,0,0,0,0,0,8.57189906700006,53.1886235490001,Blumenthal,Blumenthal,POINT (8.57189906700006 53.1886235490001)
7402,11,2022,2,6,7,3,3,6,1,0,0,0,0,0,2,0,8.93302212000003,53.093314171,unbekannt,unbekannt,POINT (8.93302212000003 53.093314171)
7403,11,2022,4,6,16,2,3,6,1,0,0,0,0,1,0,0,8.57183965100006,53.196786692,Blumenthal,Lüssum-Bockhorn,POINT (8.57183965100006 53.196786692)
7404,12,2022,7,3,14,2,0,7,1,0,0,0,0,0,0,0,8.56912660600005,53.5876044400001,Lehe,Königsheide,POINT (8.56912660600005 53.5876044400001)
7405,11,2022,2,5,18,2,0,7,1,0,0,0,0,0,0,1,8.83194571900003,53.0710698080001,Östliche Vorstadt,Steintor,POINT (8.83194571900003 53.0710698080001)
7406,11,2022,5,3,8,3,5,3,1,1,0,0,0,0,0,0,8.86119025500005,53.108528397,Horn-Lehe,Lehe,POINT (8.86119025500005 53.108528397)
7407,11,2022,1,7,10,3,0,7,1,0,0,0,0,0,0,2,8.82476463200004,53.0845782660001,Schwachhausen,Bürgerpark,POINT (8.82476463200004 53.0845782660001)
7408,11,2022,3,2,18,3,5,3,1,1,0,0,0,0,0,0,8.80971328000004,53.0826882740001,Mitte,Bahnhofsvorstadt,POINT (8.80971328000004 53.0826882740001)
7409,11,2022,5,2,18,3,4,6,1,0,0,0,0,0,0,0,8.88749400200004,53.090468951,Horn-Lehe,Horn,POINT (8.88749400200004 53.090468951)
7410,11,2022,6,5,7,3,5,3,1,1,0,0,0,0,0,0,8.78476865200003,53.0714456380001,Neustadt,Hohentor,POINT (8.78476865200003 53.0714456380001)
7411,11,2022,3,3,0,3,0,7,1,0,0,0,0,0,2,0,8.87163954200003,53.06228803,Hemelingen,Hastedt,POINT (8.87163954200003 53.06228803)
7412,11,2022,7,6,14,3,1,5,1,1,0,0,0,0,0,0,8.57283872300007,53.1983072260001,Blumenthal,Lüssum-Bockhorn,POINT (8.57283872300007 53.1983072260001)
7413,11,2022,2,1,22,3,5,3,1,1,0,0,0,0,2,0,8.88020821900005,53.0605906760001,Hemelingen,Hastedt,POINT (8.88020821900005 53.0605906760001)
7414,11,2022,5,1,12,2,2,6,1,1,0,0,0,0,0,0,8.85395382800004,53.0660184110001,Hemelingen,Hastedt,POINT (8.85395382800004 53.0660184110001)
7415,11,2022,3,6,16,3,4,6,1,0,0,0,0,0,0,0,8.81062348700004,53.081871091,Mitte,Bahnhofsvorstadt,POINT (8.81062348700004 53.081871091)
7416,11,2022,3,1,16,3,5,3,1,1,0,0,0,0,0,0,8.73909873400004,53.135187387,Gröpelingen,Oslebshausen,POINT (8.73909873400004 53.135187387)
7417,11,2022,5,1,14,3,6,4,1,0,1,0,0,0,0,0,8.80426340700006,53.0622405490001,Neustadt,Buntentor,POINT (8.80426340700006 53.0622405490001)
7418,11,2022,3,2,11,3,5,3,1,1,0,0,0,0,0,0,8.78042080700004,53.092902607,Walle,Steffensweg,POINT (8.78042080700004 53.092902607)
7419,11,2022,7,3,8,3,1,5,1,1,0,0,0,0,0,0,8.89228397600004,53.1103778090001,Horn-Lehe,Lehesterdeich,POINT (8.89228397600004 53.1103778090001)
7420,11,2022,2,3,6,3,5,3,1,1,0,0,0,0,1,1,8.78755116900004,53.069853854,Neustadt,Neustadt,POINT (8.78755116900004 53.069853854)
7421,11,2022,6,4,14,3,5,3,1,0,0,0,0,1,0,0,8.91463993700006,53.0595925600001,Hemelingen,Sebaldsbrück,POINT (8.91463993700006 53.0595925600001)
7422,11,2022,5,6,9,3,5,3,1,1,0,0,0,0,0,0,8.79273772700003,53.103062537,Walle,Osterfeuerberg,POINT (8.79273772700003 53.103062537)
7423,11,2022,7,7,9,3,1,5,1,0,0,0,0,1,0,0,8.82299947100006,53.0735901800001,Östliche Vorstadt,Steintor,POINT (8.82299947100006 53.0735901800001)
7424,11,2022,5,3,18,3,3,6,1,0,0,0,0,1,0,0,8.93833450400007,53.0370850040001,Hemelingen,Mahndorf,POINT (8.93833450400007 53.0370850040001)
7425,11,2022,6,4,19,3,3,6,1,1,0,0,0,0,0,1,8.68586993000002,53.1738488220001,Burglesum,Lesum,POINT (8.68586993000002 53.1738488220001)
7426,11,2022,5,4,13,3,0,3,1,1,0,0,0,0,0,0,8.83561614100006,53.0737660120001,Östliche Vorstadt,Hulsberg,POINT (8.83561614100006 53.0737660120001)