,UKREIS,UJAHR,UMONAT,UWOCHENTAG,USTUNDE,UKATEGORIE,UART,UTYP1,IstRad,IstPKW,IstFuss,IstKrad,IstGkfz,IstSonstig,ULICHTVERH,STRZUSTAND,longitude,latitude,Stadtteil,Ortsteil,geometry
7427,12,2022,3,3,7,3,5,2,1,1,0,0,0,0,0,1,8.59254293100003,53.567034316,Lehe,Königsheide,POINT (8.59254293100003 53.567034316)
7428,11,2022,7,6,23,3,0,7,1,0,0,0,0,0,2,0,8.82700477200007,53.072767522,Östliche Vorstadt,Steintor,POINT (8.82700477200007 53.072767522)
7429,11,2022,5,5,17,3,5,2,1,0,0,1,0,0,0,0,8.78715030700005,53.0831011060001,Walle,Überseestadt,POINT (8.78715030700005 53.0831011060001)
7430,11,2022,2,5,12,3,5,2,1,1,0,0,0,0,0,0,8.85634632600005,53.0737770200001,Hemelingen,Hastedt,POINT (8.85634632600005 53.0737770200001)
7431,11,2022,6,1,19,3,6,4,1,0,1,0,0,0,0,0,8.92921579500006,53.119650989,unbekannt,unbekannt,POINT (8.92921579500006 53.119650989)
7432,11,2022,2,6,9,3,5,3,1,1,0,0,0,0,0,1,8.94367229600005,53.0663950840001,Osterholz,Ellenerbrok-Schevemoor,POINT (8.94367229600005 53.0663950840001)
7433,12,2022,6,3,17,3,2,6,1,0,0,0,0,1,0,0,8.59245280200003,53.5669603160001,Lehe,Königsheide,POINT (8.59245280200003 53.5669603160001)
7434,11,2022,7,4,13,2,5,3,1,0,0,0,1,0,0,0,8.73474558000004,53.0817389150001,Häfen,Neustädter Hafen,POINT (8.73474558000004 53.0817389150001)
7435,12,2022,7,6,10,2,5,3,1,1,0,0,0,0,0,0,8.59649973300003,53.5384941190001,Geestemünde,Buschkämpen,POINT (8.59649973300003 53.5384941190001)
7436,11,2022,5,3,8,2,5,2,1,1,0,0,0,0,0,0,8.68587619200002,53.173837625,Burglesum,Lesum,POINT (8.68587619200002 53.173837625)
7437,11,2022,4,7,17,3,5,2,1,1,0,0,0,0,0,0,8.54532982600006,53.1942758710001,Blumenthal,Rönnebeck,POINT (8.54532982600006 53.1942758710001)
7438,11,2022,3,2,13,2,0,7,1,0,1,0,0,0,0,0,8.84964042700005,53.085251445,Schwachhausen,Schwachhausen,POINT (8.84964042700005 53.085251445)
7439,12,2022,6,5,15,3,5,3,1,0,0,0,0,1,0,0,8.59264134600005,53.581881035,Lehe,Königsheide,POINT (8.59264134600005 53.581881035)
7440,11,2022,5,6,12,3,5,2,1,1,0,0,0,0,0,0,8.89447051700006,53.054457278,Hemelingen,Hemelingen,POINT (8.89447051700006 53.054457278)
7441,11,2022,1,4,15,3,3,6,1,1,0,0,0,0,0,1,8.83860002500006,53.0968477960001,Schwachhausen,Neu-Schwachhausen,POINT (8.83860002500006 53.0968477960001)
7442,11,2022,5,2,18,3,5,2,1,1,0,0,0,0,0,0,8.76417161200004,53.085917362,Woltmershausen,Woltmershausen,POINT (8.76417161200004 53.085917362)
7443,11,2022,3,4,16,3,5,2,1,1,0,0,0,0,0,0,8.81888896700002,53.1117120420001,Findorff,In den Hufen,POINT (8.81888896700002 53.1117120420001)
7444,11,2022,6,5,17,3,5,3,1,1,0,0,0,0,0,0,8.56953020700007,53.1821860480001,Blumenthal,Blumenthal,POINT (8.56953020700007 53.1821860480001)
7445,11,2022,6,2,14,3,5,3,1,1,0,0,0,0,0,0,8.70370092500002,53.172465034,Burglesum,Burgdamm,POINT (8.70370092500002 53.172465034)
7446,11,2022,5,2,8,3,3,6,1,0,0,0,0,0,0,0,8.78240968800003,53.1043295530001,Walle,Walle,POINT (8.78240968800003 53.1043295530001)
7447,11,2022,4,3,14,3,5,3,1,1,0,0,0,0,0,1,8.79271048900006,53.0893992760001,Walle,Utbremen,POINT (8.79271048900006 53.0893992760001)
7448,12,2022,7,7,14,3,5,2,1,1,0,0,0,0,0,0,8.59655933800008,53.5723063980001,Lehe,Königsheide,POINT (8.59655933800008 53.5723063980001)
7449,11,2022,11,7,0,3,0,7,1,0,0,0,0,0,2,0,8.81278047500007,53.073312668,Mitte,Altstadt,POINT (8.81278047500007 53.073312668)
7450,11,2022,8,2,7,3,5,2,1,0,0,0,0,1,0,1,8.90011140200005,53.052700719,Hemelingen,Hemelingen,POINT (8.90011140200005 53.052700719)
7451,11,2022,10,5,11,3,5,2,1,1,0,0,0,0,0,0,8.74054532100007,53.0542450090001,Huchting,Mittelshuchting,POINT (8.74054532100007 53.0542450090001)
7452,11,2022,12,2,8,2,0,1,1,0,0,0,0,0,0,2,8.85639196200003,53.089511369,Schwachhausen,Riensberg,POINT (8.85639196200003 53.089511369)
7453,12,2022,10,1,0,2,0,1,1,0,0,0,0,0,2,1,8.58214258200007,53.550364856,Lehe,Königsheide,POINT (8.58214258200007 53.550364856)
7454,11,2022,11,5,9,3,5,3,1,1,0,0,0,0,0,0,8.85555524700004,53.0886211590001,Schwachhausen,Radio Bremen,POINT (8.85555524700004 53.0886211590001)
7455,11,2022,8,7,15,3,5,3,1,0,0,0,0,0,0,0,8.81442877500007,53.0551028240001,Neustadt,Huckelriede,POINT (8.81442877500007 53.0551028240001)
7456,11,2022,10,6,19,3,5,2,1,1,0,0,0,0,2,0,8.79125791400003,53.091601989,Walle,Utbremen,POINT (8.79125791400003 53.091601989)
7457,11,2022,12,6,17,3,4,6,1,0,0,0,0,0,2,0,8.79803685600007,53.0835266380001,Mitte,Bahnhofsvorstadt,POINT (8.79803685600007 53.0835266380001)
7458,11,2022,9,4,15,3,6,7,1,0,1,0,0,0,0,0,8.79982107200004,53.071769745,Neustadt,Alte Neustadt,POINT (8.79982107200004 53.071769745)
7459,12,2022,10,2,14,3,5,3,1,1,0,0,0,0,0,0,8.59121759500005,53.56613235,Lehe,Königsheide,POINT (8.59121759500005 53.56613235)
7460,11,2022,11,3,15,3,3,2,1,0,0,0,0,0,0,0,8.80639254300007,53.0940009220001,Findorff,Regensburger Str.,POINT (8.80639254300007 53.0940009220001)
7461,11,2022,9,5,16,3,5,3,1,1,0,0,0,0,0,0,8.85433212600003,53.082576181,Schwachhausen,Radio Bremen,POINT (8.85433212600003 53.082576181)
7462,11,2022,10,4,21,3,5,3,1,1,0,0,0,0,2,0,8.85100748400004,53.027438036,Obervieland,Arsten,POINT (8.85100748400004 53.027438036)
7463,11,2022,11,3,8,3,5,3,1,1,0,0,0,0,0,0,8.82501987100005,53.0845806290001,Schwachhausen,Bürgerpark,POINT (8.82501987100005 53.0845806290001)
7464,12,2022,10,4,8,3,5,3,1,1,0,0,0,0,0,0,8.57870191400002,53.5828212820001,Lehe,Königsheide,POINT (8.57870191400002 53.5828212820001)
7465,11,2022,7,7,21,3,9,7,1,0,0,0,0,0,1,0,8.76243455100007,53.070142467,Woltmershausen,Woltmershausen,POINT (8.76243455100007 53.070142467)
7466,11,2022,10,6,19,3,4,6,1,0,0,0,0,1,1,1,8.87301924100007,53.0848334280001,Schwachhausen,Radio Bremen,POINT (8.87301924100007 53.0848334280001)
7467,11,2022,8,5,16,3,5,2,1,1,0,0,0,0,0,0,8.80348121200007,53.0627609060001,Neustadt,Buntentor,POINT (8.80348121200007 53.0627609060001)
7468,11,2022,9,2,23,2,0,7,1,0,0,0,0,0,2,1,8.83043398700005,53.08168256,Schwachhausen,Schwachhausen,POINT (8.83043398700005 53.08168256)
7469,11,2022,7,5,18,3,6,4,1,0,1,0,0,0,0,1,8.79810280700002,53.0801673970001,Mitte,Altstadt,POINT (8.79810280700002 53.0801673970001)
7470,12,2022,9,2,17,3,0,1,1,1,0,0,0,0,0,0,8.59070438000003,53.540783747,Geestemünde,Buschkämpen,POINT (8.59070438000003 53.540783747)
7471,11,2022,11,2,5,3,0,7,1,1,0,0,0,0,2,1,8.63500354600006,53.167026956,Vegesack,Grohn,POINT (8.63500354600006 53.167026956)
7472,11,2022,8,7,13,3,5,3,1,0,1,0,0,0,0,0,8.71536809300005,53.0525559960001,Huchting,Mittelshuchting,POINT (8.71536809300005 53.0525559960001)
7473,11,2022,9,6,22,3,0,3,1,1,0,0,0,0,2,1,8.80643154700005,53.073661981,Mitte,Altstadt,POINT (8.80643154700005 53.073661981)
7474,12,2022,8,2,16,3,5,3,1,0,0,0,0,1,0,0,8.62176265400007,53.5945464700001,Leherheide,Fehmoor,POINT (8.62176265400007 53.5945464700001)
7475,11,2022,9,3,14,3,3,6,1,0,0,0,0,1,0,0,8.88757700200006,53.0904689490001,Horn-Lehe,Horn,POINT (8.88757700200006 53.0904689490001)
7476,11,2022,12,5,19,3,6,4,1,0,1,0,0,0,2,2,8.81044222500003,53.0961407570001,Findorff,Weidedamm,POINT (8.81044222500003 53.0961407570001)
7477,11,2022,8,7,14,3,4,6,1,1,0,0,0,0,0,0,8.77234083300004,53.0716291630001,Woltmershausen,Woltmershausen,POINT (8.77234083300004 53.0716291630001)
7478,12,2022,9,5,16,3,5,3,1,0,0,0,0,0,0,1,8.58923665500004,53.521896435,Geestemünde,Buschkämpen,POINT (8.58923665500004 53.521896435)
7479,12,2022,12,5,5,3,5,3,1,1,0,0,0,0,2,1,8.61864630500003,53.528434261,Geestemünde,Buschkämpen,POINT (8.61864630500003 53.528434261)
7480,11,2022,10,2,7,2,6,4,1,0,1,0,0,0,1,0,8.88119128200003,53.1021658020001,Horn-Lehe,Lehe,POINT (8.88119128200003 53.1021658020001)
7481,11,2022,8,3,13,3,5,3,1,1,0,0,0,0,0,0,8.62818762900002,53.1865748450001,Vegesack,Aumund-Hammersbeck,POINT (8.62818762900002 53.1865748450001)
7482,11,2022,10,1,17,3,4,6,1,0,0,0,0,0,0,0,8.89180880300006,53.1320133250001,unbekannt,Borgfeld,POINT (8.89180880300006 53.1320133250001)
7483,11,2022,9,1,16,3,1,5,1,1,0,0,0,0,0,0,8.83783981000005,53.07808141,Schwachhausen,Gete,POINT (8.83783981000005 53.07808141)
7484,11,2022,9,5,14,3,5,3,1,1,0,0,0,0,0,0,8.93513358000007,53.0383688960001,Hemelingen,Mahndorf,POINT (8.93513358000007 53.0383688960001)
7485,11,2022,10,5,9,3,5,3,1,1,0,0,0,0,0,0,8.82736897400002,53.0830939260001,Schwachhausen,Barkhof,POINT (8.82736897400002 53.0830939260001)
7486,11,2022,12,2,14,3,0,1,1,0,0,0,0,0,0,1,8.78873428900005,53.098209415,Walle,Westend,POINT (8.78873428900005 53.098209415)
7487,11,2022,10,5,9,3,4,2,1,1,0,0,0,0,0,0,8.61943899100004,53.1841167600001,Vegesack,Aumund-Hammersbeck,POINT (8.61943899100004 53.1841167600001)
7488,11,2022,12,4,21,3,5,2,1,1,0,0,0,0,2,1,8.94172930000008,53.067240306,Osterholz,Ellenerbrok-Schevemoor,POINT (8.94172930000008 53.067240306)
7489,11,2022,8,3,13,3,0,7,1,0,0,0,0,1,0,0,8.72843901200002,53.138656052,Gröpelingen,Oslebshausen,POINT (8.72843901200002 53.138656052)
7490,12,2022,10,4,14,3,5,3,1,1,0,0,0,0,0,0,8.59973446200007,53.5549253250001,Lehe,Königsheide,POINT (8.59973446200007 53.5549253250001)
7491,11,2022,7,1,16,3,5,3,1,1,0,0,0,0,0,0,8.79663087900008,53.0824970200001,Mitte,Altstadt,POINT (8.79663087900008 53.0824970200001)
7492,12,2022,10,6,16,3,5,3,1,0,0,0,0,1,0,1,8.60542783900007,53.591139909,Leherheide,Fehmoor,POINT (8.60542783900007 53.591139909)
7493,11,2022,8,6,15,3,5,3,1,0,0,0,1,0,0,1,8.80571826700003,53.107586874,Findorff,In den Hufen,POINT (8.80571826700003 53.107586874)
7494,11,2022,10,6,14,3,5,2,1,1,0,0,0,0,0,0,8.80844236400003,53.0880566220001,Findorff,Findorff-Bürgerweide,POINT (8.80844236400003 53.0880566220001)
7495,11,2022,12,5,12,3,5,2,1,1,0,0,0,0,0,0,8.56185228100003,53.1833654390001,Blumenthal,Blumenthal,POINT (8.56185228100003 53.1833654390001)
7496,11,2022,7,4,16,3,5,3,1,1,0,0,0,0,0,0,8.80849793300007,53.088081431,Findorff,Findorff-Bürgerweide,POINT (8.80849793300007 53.088081431)
7497,11,2022,9,7,0,3,5,3,1,1,0,0,0,0,2,0,8.77945936900005,53.0687784040001,Neustadt,Hohentor,POINT (8.77945936900005 53.0687784040001)
7498,11,2022,11,6,10,3,5,3,1,1,0,0,0,0,0,0,8.80795357400007,53.0744245860001,Mitte,Altstadt,POINT (8.80795357400007 53.0744245860001)
7499,12,2022,10,5,12,3,3,6,1,0,0,0,0,0,0,0,8.59563602300005,53.535758861,Geestemünde,Buschkämpen,POINT (8.59563602300005 53.535758861)
7500,11,2022,10,3,7,3,5,3,1,0,0,0,0,1,0,0,8.82756923000005,53.079736487,Schwachhausen,Gete,POINT (8.82756923000005 53.079736487)
7501,11,2022,7,5,16,3,5,3,1,1,0,0,0,0,0,0,8.88954305000004,53.082770053,Vahr,Neue Vahr Nord,POINT (8.88954305000004 53.082770053)
7502,11,2022,9,5,10,3,5,3,1,1,0,0,0,0,0,0,8.82517921100003,53.084481935,Schwachhausen,Bürgerpark,POINT (8.82517921100003 53.084481935)
7503,11,2022,12,5,17,3,5,3,1,1,0,0,0,0,2,1,8.62608152300004,53.1832600160001,Vegesack,Aumund-Hammersbeck,POINT (8.62608152300004 53.1832600160001)
7504,11,2022,8,5,13,3,5,3,1,1,0,0,0,0,0,0,8.91440661300004,53.062678761,Hemelingen,Sebaldsbrück,POINT (8.91440661300004 53.062678761)
7505,11,2022,10,1,16,3,3,2,1,1,0,0,0,0,0,0,8.69393236200006,53.1686606870001,Burglesum,Lesum,POINT (8.69393236200006 53.1686606870001)
7506,11,2022,8,4,9,2,5,2,1,1,0,0,0,0,0,0,8.89257209300007,53.061486992,Hemelingen,Sebaldsbrück,POINT (8.89257209300007 53.061486992)
7507,11,2022,12,2,9,3,6,4,1,0,1,0,0,0,0,1,8.56186677300008,53.1963280520001,Blumenthal,Lüssum-Bockhorn,POINT (8.56186677300008 53.1963280520001)
7508,11,2022,10,3,6,3,5,3,1,1,0,0,0,0,2,1,8.73664902600007,53.045303222,Huchting,Kirchhuchting,POINT (8.73664902600007 53.045303222)
7509,11,2022,10,7,0,2,0,7,1,0,0,0,0,0,2,0,8.85961718200002,53.063658886,Hemelingen,Hastedt,POINT (8.85961718200002 53.063658886)
7510,11,2022,11,6,14,3,6,4,1,0,1,0,0,0,0,0,8.82776532900004,53.085007051,Schwachhausen,Bürgerpark,POINT (8.82776532900004 53.085007051)
7511,11,2022,12,5,15,3,5,3,1,1,0,0,0,0,0,0,8.79117217400005,53.091474168,Walle,Utbremen,POINT (8.79117217400005 53.091474168)
7512,11,2022,9,2,15,3,5,3,1,1,0,0,0,0,0,0,8.64958073200006,53.1738663290001,Vegesack,Schönebeck,POINT (8.64958073200006 53.1738663290001)
7513,11,2022,9,4,19,3,0,7,1,0,0,0,0,0,0,0,8.85326046800003,53.0629808,Hemelingen,Hastedt,POINT (8.85326046800003 53.0629808)
7514,11,2022,8,6,8,3,5,3,1,1,0,0,0,0,0,1,8.68840281800004,53.1696712450001,Burglesum,Lesum,POINT (8.68840281800004 53.1696712450001)
7515,11,2022,9,6,14,3,5,3,1,0,0,0,0,1,0,0,8.77167035300005,53.061472608,Neustadt,Neuenland,POINT (8.77167035300005 53.061472608)
7516,11,2022,10,4,12,3,0,2,1,1,0,0,0,0,0,0,8.88766477800004,53.109047423,Horn-Lehe,Lehesterdeich,POINT (8.88766477800004 53.109047423)
7517,11,2022,11,3,14,3,4,6,1,1,0,0,0,0,0,0,8.93734413200002,53.075520242,unbekannt,unbekannt,POINT (8.93734413200002 53.075520242)
7518,11,2022,9,2,7,3,0,7,1,0,0,0,0,0,0,0,8.81930531100005,53.0463915500001,Obervieland,Kattenturm,POINT (8.81930531100005 53.0463915500001)
7519,11,2022,8,1,21,3,5,3,1,1,0,0,0,0,2,0,8.79488767300006,53.0939413940001,Walle,Westend,POINT (8.79488767300006 53.0939413940001)
7520,12,2022,8,5,16,3,5,7,1,1,0,0,0,0,0,0,8.58209763800005,53.5530369240001,Lehe,Königsheide,POINT (8.58209763800005 53.5530369240001)
7521,12,2022,9,6,9,3,5,2,1,1,0,0,0,0,0,0,8.59094635500003,53.5820706740001,Lehe,Königsheide,POINT (8.59094635500003 53.5820706740001)
7522,11,2022,11,5,10,3,1,5,1,1,0,0,0,0,0,0,8.82379761200002,53.073010804,Östliche Vorstadt,Steintor,POINT (8.82379761200002 53.073010804)
7523,12,2022,8,4,8,3,5,2,1,1,0,0,0,0,0,0,8.59197331300004,53.5793205680001,Lehe,Königsheide,POINT (8.59197331300004 53.5793205680001)
7524,12,2022,8,2,18,3,5,3,1,1,0,0,0,0,0,0,8.57212029100003,53.548385754,Mitte,Weddewarden,POINT (8.57212029100003 53.548385754)
7525,12,2022,12,2,14,3,6,7,1,0,1,0,0,0,0,1,8.57531697600007,53.547518634,Mitte,Weddewarden,POINT (8.57531697600007 53.547518634)
7526,11,2022,11,3,8,3,3,6,1,0,0,0,0,0,0,1,8.86268474000008,53.0988612620001,Horn-Lehe,Horn,POINT (8.86268474000008 53.0988612620001)
7527,11,2022,10,4,14,3,6,7,1,0,1,0,0,0,0,0,8.62547374300004,53.1705803930001,Vegesack,Vegesack,POINT (8.62547374300004 53.1705803930001)
7528,11,2022,9,2,12,3,3,5,1,1,0,0,0,0,0,0,8.80662815700003,53.081633525,Mitte,Bahnhofsvorstadt,POINT (8.80662815700003 53.081633525)
7529,11,2022,9,4,16,3,0,7,1,0,0,0,0,1,0,1,8.61420850100006,53.176220748,Vegesack,Vegesack,POINT (8.61420850100006 53.176220748)
7530,11,2022,9,5,15,3,4,2,1,1,0,0,0,0,0,0,8.80744439200004,53.0952154460001,Findorff,Regensburger Str.,POINT (8.80744439200004 53.0952154460001)
7531,12,2022,9,4,11,2,5,3,1,1,0,0,0,0,0,0,8.59343479700004,53.5466780830001,Geestemünde,Buschkämpen,POINT (8.59343479700004 53.5466780830001)
7532,11,2022,10,7,18,3,1,5,1,1,0,0,0,0,1,1,8.80959362200002,53.081948486,Mitte,Bahnhofsvorstadt,POINT (8.80959362200002 53.081948486)
7533,11,2022,9,2,17,3,5,3,1,1,0,0,0,0,0,0,8.85280118000003,53.104378706,Horn-Lehe,Lehe,POINT (8.85280118000003 53.104378706)
7534,11,2022,11,6,23,3,5,2,1,1,0,0,0,0,2,0,8.82469803300006,53.0689093660001,Östliche Vorstadt,Steintor,POINT (8.82469803300006 53.0689093660001)
7535,11,2022,10,5,7,3,5,2,1,1,0,0,0,0,0,0,8.89886953100006,53.0592775870001,Hemelingen,Sebaldsbrück,POINT (8.89886953100006 53.0592775870001)
7536,11,2022,7,1,23,3,1,7,1,1,0,0,0,0,2,1,8.82061474400007,53.0726905590001,Mitte,Ostertor,POINT (8.82061474400007 53.0726905590001)
7537,11,2022,10,7,11,2,1,6,1,0,0,0,0,0,0,0,8.80408591200006,53.0923853050001,Findorff,Findorff-Bürgerweide,POINT (8.80408591200006 53.0923853050001)
7538,11,2022,9,6,7,2,5,3,1,0,0,0,0,0,0,0,8.62996928000007,53.165630127,Vegesack,Grohn,POINT (8.62996928000007 53.165630127)
7539,12,2022,10,4,7,3,5,3,1,1,0,0,0,0,0,0,8.59711356600008,53.574522227,Lehe,Königsheide,POINT (8.59711356600008 53.574522227)
7540,12,2022,11,3,14,3,1,5,1,1,0,0,0,0,0,0,8.58309909700006,53.564706475,Lehe,Königsheide,POINT (8.58309909700006 53.564706475)
7541,11,2022,8,3,19,3,5,2,1,1,0,0,0,0,0,0,8.80417669600007,53.0723781510001,Neustadt,Alte Neustadt,POINT (8.80417669600007 53.0723781510001)
7542,11,2022,12,2,16,3,3,6,1,1,0,0,0,0,1,1,8.71248454100004,53.1694699650001,Burglesum,Burgdamm,POINT (8.71248454100004 53.1694699650001)
7543,11,2022,10,6,11,3,5,3,1,1,0,0,0,0,0,0,8.89960363900008,53.1210712720001,unbekannt,Borgfeld,POINT (8.89960363900008 53.1210712720001)
7544,11,2022,12,5,18,3,0,7,1,0,0,0,0,0,2,1,8.80445118400007,53.0755053720001,Mitte,Altstadt,POINT (8.80445118400007 53.0755053720001)
7545,11,2022,8,7,15,3,4,6,1,0,0,0,0,1,0,0,8.78128851100007,53.0878062780001,Walle,Überseestadt,POINT (8.78128851100007 53.0878062780001)
7546,11,2022,10,1,9,3,5,2,1,1,0,0,0,0,0,1,8.83738566800002,53.0378454930001,Obervieland,Arsten,POINT (8.83738566800002 53.0378454930001)
7547,11,2022,7,5,20,3,5,3,1,1,0,0,0,0,0,1,8.78033768500006,53.0840084160001,Walle,Überseestadt,POINT (8.78033768500006 53.0840084160001)
7548,12,2022,8,5,10,3,1,5,1,1,0,0,0,0,0,0,8.58584517700007,53.558952273,Lehe,Königsheide,POINT (8.58584517700007 53.558952273)
7549,11,2022,10,6,14,3,5,2,1,1,0,0,0,0,0,0,8.82739253500006,53.0798449230001,Schwachhausen,Barkhof,POINT (8.82739253500006 53.0798449230001)
7550,11,2022,9,4,17,3,5,2,1,1,0,0,0,0,0,0,8.85656168100007,53.0713702850001,Hemelingen,Hastedt,POINT (8.85656168100007 53.0713702850001)
7551,11,2022,10,6,14,3,5,3,1,1,0,0,0,0,0,0,8.80478652400006,53.0838153870001,Mitte,Bahnhofsvorstadt,POINT (8.80478652400006 53.0838153870001)
7552,11,2022,11,3,15,2,5,3,1,1,0,0,0,0,0,0,8.94708506600006,53.064584365,Osterholz,Ellenerbrok-Schevemoor,POINT (8.94708506600006 53.064584365)
7553,11,2022,11,3,16,3,5,3,1,1,0,0,0,0,0,0,8.89855044000007,53.119927138,unbekannt,Borgfeld,POINT (8.89855044000007 53.119927138)
7554,11,2022,9,4,9,3,5,2,1,1,0,0,0,0,0,0,8.95938981500007,53.04719621,Osterholz,Osterholz,POINT (8.95938981500007 53.04719621)
7555,11,2022,12,2,6,3,5,2,1,1,0,0,0,0,2,1,8.72910573400003,53.1286358830001,Häfen,Industriehäfen,POINT (8.72910573400003 53.1286358830001)
7556,11,2022,10,5,12,3,0,7,1,0,0,0,0,0,0,1,8.56119382700007,53.1835754460001,Blumenthal,Blumenthal,POINT (8.56119382700007 53.1835754460001)
7557,11,2022,8,3,7,3,5,3,1,0,0,0,0,0,0,0,8.74090553800005,53.1329170120001,Gröpelingen,Oslebshausen,POINT (8.74090553800005 53.1329170120001)
7558,12,2022,10,4,14,3,5,3,1,0,0,0,0,1,0,0,8.57280149600007,53.5605352420001,Lehe,Königsheide,POINT (8.57280149600007 53.5605352420001)
7559,11,2022,7,1,5,3,6,4,1,0,1,0,0,0,0,0,8.81681053500006,53.0723723610001,Mitte,Ostertor,POINT (8.81681053500006 53.0723723610001)
7560,11,2022,8,6,18,3,5,2,1,0,0,0,0,0,0,0,8.80414831600007,53.072393321,Neustadt,Alte Neustadt,POINT (8.80414831600007 53.072393321)
7561,12,2022,9,3,8,3,5,3,1,1,0,0,0,0,0,1,8.58847096600005,53.5766669060001,Lehe,Königsheide,POINT (8.58847096600005 53.5766669060001)
7562,11,2022,10,4,12,3,5,3,1,0,0,0,0,0,0,0,8.83190958300003,53.0926069450001,Schwachhausen,Bürgerpark,POINT (8.83190958300003 53.0926069450001)
7563,12,2022,8,5,8,3,0,7,1,1,0,0,0,0,0,0,8.57533868300004,53.5474965070001,Mitte,Weddewarden,POINT (8.57533868300004 53.5474965070001)
7564,11,2022,10,5,14,3,3,6,1,0,0,0,0,0,0,0,8.84530549800007,53.0665660070001,Östliche Vorstadt,Peterswerder,POINT (8.84530549800007 53.0665660070001)
7565,11,2022,7,3,18,2,5,3,1,1,0,0,0,0,0,0,8.80599675900004,53.0924486690001,Findorff,Findorff-Bürgerweide,POINT (8.80599675900004 53.0924486690001)
7566,12,2022,9,6,4,3,2,6,1,0,0,0,0,1,2,1,8.58078127400006,53.5220434020001,Fischereihafen,Geestemünde-Süd,POINT (8.58078127400006 53.5220434020001)
7567,11,2022,11,3,9,3,5,2,1,1,0,0,0,0,0,0,8.88770596900002,53.1090845150001,Horn-Lehe,Lehesterdeich,POINT (8.88770596900002 53.1090845150001)
7568,11,2022,8,4,7,3,5,2,1,1,0,0,0,0,0,0,8.84498232300007,53.045730038,Obervieland,Habenhausen,POINT (8.84498232300007 53.045730038)
7569,11,2022,9,4,7,3,5,3,1,1,0,0,0,0,0,1,8.85004104700005,53.0947102210001,Schwachhausen,Riensberg,POINT (8.85004104700005 53.0947102210001)
7570,11,2022,7,4,5,3,5,3,1,0,0,0,0,1,1,0,8.81156317100005,53.081634052,Mitte,Bahnhofsvorstadt,POINT (8.81156317100005 53.081634052)
7571,11,2022,9,6,14,3,0,7,1,1,0,0,0,0,0,0,8.61157157100007,53.184390987,Vegesack,Fähr-Lobbendorf,POINT (8.61157157100007 53.184390987)
7572,11,2022,8,7,9,3,0,7,1,0,0,0,0,0,0,0,8.77761462900003,53.0640558000001,Neustadt,Neuenland,POINT (8.77761462900003 53.0640558000001)
7573,12,2022,11,6,11,3,6,4,1,0,1,0,0,0,0,1,8.59281042800006,53.539354846,Geestemünde,Buschkämpen,POINT (8.59281042800006 53.539354846)
7574,11,2022,10,6,9,3,1,7,1,1,0,0,0,0,0,0,8.80278334800005,53.0950560000001,Findorff,Regensburger Str.,POINT (8.80278334800005 53.0950560000001)
7575,11,2022,10,6,13,3,5,3,1,1,0,0,0,0,0,0,8.87179659100008,53.0771183960001,Vahr,Gartenstadt Vahr,POINT (8.87179659100008 53.0771183960001)
7576,11,2022,9,4,11,3,5,3,1,1,0,0,0,0,0,0,8.80990556200004,53.093315133,Findorff,Findorff-Bürgerweide,POINT (8.80990556200004 53.093315133)
7577,12,2022,11,3,7,3,5,3,1,1,0,0,0,0,0,0,8.59093043500008,53.5414200180001,Geestemünde,Buschkämpen,POINT (8.59093043500008 53.5414200180001)
7578,11,2022,10,3,17,3,5,2,1,1,0,0,0,0,0,0,8.70437370000008,53.155673232,Burglesum,Burg-Grambke,POINT (8.70437370000008 53.155673232)
7579,11,2022,8,2,7,3,5,3,1,1,0,0,0,0,0,1,8.69761147500003,53.1830339620001,Burglesum,Lesum,POINT (8.69761147500003 53.1830339620001)
7580,11,2022,9,5,17,3,3,2,1,1,0,0,0,0,1,0,8.82025889200003,53.084035622,Schwachhausen,Barkhof,POINT (8.82025889200003 53.084035622)
7581,11,2022,9,5,13,2,5,3,1,1,0,0,0,0,0,0,8.79540235700006,53.0802872570001,Mitte,Altstadt,POINT (8.79540235700006 53.0802872570001)
7582,11,2022,10,5,11,3,5,3,1,1,0,0,0,0,0,0,8.78639175700005,53.0746241160001,Neustadt,Alte Neustadt,POINT (8.78639175700005 53.0746241160001)
7583,11,2022,10,5,17,3,5,2,1,1,0,0,0,0,0,0,8.86250237800004,53.1067754740001,Horn-Lehe,Lehe,POINT (8.86250237800004 53.1067754740001)
7584,11,2022,8,5,10,3,2,6,1,1,0,0,0,0,0,0,8.87210710500005,53.098346135,Horn-Lehe,Lehe,POINT (8.87210710500005 53.098346135)
7585,11,2022,9,5,17,3,5,7,1,1,0,0,0,0,0,1,8.86390963900004,53.064850839,Hemelingen,Hastedt,POINT (8.86390963900004 53.064850839)
7586,12,2022,8,6,9,3,5,3,1,0,0,0,0,1,0,0,8.57546814400007,53.5526995880001,Mitte,Weddewarden,POINT (8.57546814400007 53.5526995880001)
7587,11,2022,10,2,16,3,5,3,1,0,1,0,0,0,0,0,8.91626538400004,53.0712645150001,Hemelingen,Sebaldsbrück,POINT (8.91626538400004 53.0712645150001)
7588,11,2022,9,5,14,3,3,6,1,0,0,0,0,0,0,0,8.79741095100007,53.068891104,Neustadt,Alte Neustadt,POINT (8.79741095100007 53.068891104)
7589,11,2022,9,2,18,3,6,4,1,0,1,0,0,0,0,0,8.61756491700004,53.1730830750001,Vegesack,Vegesack,POINT (8.61756491700004 53.1730830750001)
7590,11,2022,11,6,15,3,3,6,1,0,0,0,0,0,0,0,8.77733997600006,53.079228932,Woltmershausen,Woltmershausen,POINT (8.77733997600006 53.079228932)
7591,12,2022,11,3,7,3,5,3,1,1,0,0,0,0,1,1,8.57261135800007,53.5604318690001,Lehe,Königsheide,POINT (8.57261135800007 53.5604318690001)