,UKREIS,UJAHR,UMONAT,UWOCHENTAG,USTUNDE,UKATEGORIE,UART,UTYP1,IstRad,IstPKW,IstFuss,IstKrad,IstGkfz,IstSonstig,ULICHTVERH,STRZUSTAND,longitude,latitude,Stadtteil,Ortsteil,geometry
7922,11,2022,11,7,18,3,5,2,1,1,0,0,0,0,2,1,8.89237618000004,53.0793352000001,Vahr,Neue Vahr Südost,POINT (8.89237618000004 53.0793352000001)
7923,11,2022,10,6,11,3,3,2,1,1,0,0,0,0,0,0,8.79148792900003,53.0649883290001,Neustadt,Südervorstadt,POINT (8.79148792900003 53.0649883290001)
7924,11,2022,8,3,18,3,2,6,1,1,0,0,0,0,0,0,8.70194568800002,53.1677092990001,Burglesum,Burgdamm,POINT (8.70194568800002 53.1677092990001)
7925,11,2022,9,6,7,3,1,5,1,1,0,0,0,0,0,0,8.84961366500005,53.0713286550001,Östliche Vorstadt,Peterswerder,POINT (8.84961366500005 53.0713286550001)
7926,11,2022,11,4,11,2,2,6,1,1,0,0,0,0,0,1,8.82359150700006,53.0717988040001,Östliche Vorstadt,Steintor,POINT (8.82359150700006 53.0717988040001)
7927,11,2022,8,2,7,3,5,3,1,1,0,0,0,0,0,1,8.80803632000004,53.0594672780001,Neustadt,Huckelriede,POINT (8.80803632000004 53.0594672780001)
7928,11,2022,9,3,12,3,4,6,1,0,0,0,0,0,0,0,8.77659908400005,53.0966993440001,Walle,Steffensweg,POINT (8.77659908400005 53.0966993440001)
7929,11,2022,11,1,12,2,0,7,1,0,0,0,0,0,0,0,8.63326321500006,53.179434158,Vegesack,Schönebeck,POINT (8.63326321500006 53.179434158)
7930,11,2022,10,4,10,3,5,3,1,1,0,0,0,0,0,0,8.86569872100006,53.0717536670001,Hemelingen,Hastedt,POINT (8.86569872100006 53.0717536670001)
7931,12,2022,10,3,14,3,4,6,1,0,0,0,0,0,0,0,8.56042809900003,53.572460209,Häfen,Speckenbüttel,POINT (8.56042809900003 53.572460209)
7932,11,2022,12,6,20,3,5,3,1,1,0,0,0,0,2,1,8.79290461700003,53.0735691310001,Neustadt,Alte Neustadt,POINT (8.79290461700003 53.0735691310001)
7933,11,2022,8,5,13,3,4,6,1,1,0,0,0,0,0,0,8.84289751900008,53.0920692500001,Schwachhausen,Neu-Schwachhausen,POINT (8.84289751900008 53.0920692500001)
7934,11,2022,7,2,13,3,0,7,1,1,0,0,0,0,0,0,8.77862815700007,53.1083461650001,Walle,Walle,POINT (8.77862815700007 53.1083461650001)
7935,12,2022,9,6,15,2,2,2,1,1,0,0,0,0,0,0,8.60081133900007,53.5164705720001,Geestemünde,Buschkämpen,POINT (8.60081133900007 53.5164705720001)
7936,11,2022,11,3,11,3,5,2,1,0,0,0,1,0,0,0,8.91439633400006,53.059806456,Hemelingen,Sebaldsbrück,POINT (8.91439633400006 53.059806456)
7937,11,2022,9,5,17,3,0,1,1,0,0,0,0,0,0,1,8.57211164700004,53.187744432,Blumenthal,Blumenthal,POINT (8.57211164700004 53.187744432)
7938,11,2022,9,6,8,3,0,6,1,0,0,0,0,1,0,0,8.89137178600004,53.096909811,Horn-Lehe,Lehesterdeich,POINT (8.89137178600004 53.096909811)
7939,11,2023,10,5,12,3,5,3,1,1,0,0,0,0,0,1,8.793310444000042,53.09318266000008,Walle,Westend,POINT (8.793310444000042 53.09318266000008)
7940,12,2023,8,5,16,3,2,1,1,1,0,0,0,0,0,0,8.573726234000048,53.54717319000008,Mitte,Weddewarden,POINT (8.573726234000048 53.54717319000008)
7941,11,2023,6,6,12,3,5,3,1,0,0,0,0,1,0,0,8.618817971000055,53.18053635900003,Vegesack,Fähr-Lobbendorf,POINT (8.618817971000055 53.18053635900003)
7942,11,2023,6,3,7,3,7,1,1,0,0,0,0,0,0,0,8.810520004000068,53.03388095300005,Obervieland,Kattenesch,POINT (8.810520004000068 53.03388095300005)
7943,11,2023,4,4,9,3,5,3,1,1,0,0,0,0,0,0,8.686175001000038,53.17331868100007,Burglesum,Lesum,POINT (8.686175001000038 53.17331868100007)
7944,11,2023,6,3,17,2,4,6,1,0,0,0,0,0,0,0,8.81882650800003,53.048159799000075,Obervieland,Kattenturm,POINT (8.81882650800003 53.048159799000075)
7945,11,2023,2,3,12,3,5,3,1,0,0,0,1,0,0,0,8.798123080000039,53.055928151000046,Neustadt,Neuenland,POINT (8.798123080000039 53.055928151000046)
7946,11,2023,8,2,19,3,4,6,1,0,0,0,0,1,0,0,8.809916118000046,53.033033422000074,Obervieland,Kattenesch,POINT (8.809916118000046 53.033033422000074)
7947,11,2023,5,5,8,3,5,2,1,1,0,0,0,0,0,0,8.58461202500007,53.18137908600005,Blumenthal,Blumenthal,POINT (8.58461202500007 53.18137908600005)
7948,11,2023,5,5,10,3,0,1,1,0,0,0,0,0,0,0,8.870891953000068,53.09128434200005,Schwachhausen,Radio Bremen,POINT (8.870891953000068 53.09128434200005)
7949,11,2023,5,5,17,3,1,5,1,1,0,0,0,0,0,0,8.903766886000028,53.12461892200008,unbekannt,Borgfeld,POINT (8.903766886000028 53.12461892200008)
7950,11,2023,5,4,8,3,5,3,1,1,0,0,0,0,0,0,8.809437501000048,53.08360149100008,Mitte,Bahnhofsvorstadt,POINT (8.809437501000048 53.08360149100008)
7951,11,2023,5,4,16,3,3,6,1,1,0,0,0,0,0,0,8.634376554000028,53.163423410000064,Vegesack,Grohn,POINT (8.634376554000028 53.163423410000064)
7952,12,2023,5,3,7,3,0,1,1,0,0,0,0,0,0,1,8.552149394000025,53.57941783600006,Häfen,Speckenbüttel,POINT (8.552149394000025 53.57941783600006)
7953,11,2023,5,3,17,3,5,2,1,1,0,0,0,0,0,0,8.79146197600005,53.06497230300005,Neustadt,Südervorstadt,POINT (8.79146197600005 53.06497230300005)
7954,11,2023,5,3,5,2,0,1,1,0,0,0,0,0,1,1,8.816484080000066,53.08370329100006,Schwachhausen,Barkhof,POINT (8.816484080000066 53.08370329100006)
7955,11,2023,5,3,10,3,5,3,1,1,0,0,0,0,0,1,8.574383455000032,53.18142681000006,Blumenthal,Blumenthal,POINT (8.574383455000032 53.18142681000006)
7956,11,2023,5,3,7,3,4,6,1,0,0,0,0,0,0,0,8.80611334100007,53.07330922600005,Mitte,Altstadt,POINT (8.80611334100007 53.07330922600005)
7957,12,2023,5,2,14,2,1,5,1,0,0,0,0,1,0,1,8.574983062000058,53.58667943200004,Lehe,Königsheide,POINT (8.574983062000058 53.58667943200004)
7958,12,2023,5,2,10,3,1,5,1,1,0,0,0,0,0,1,8.586162779000063,53.561969899000076,Lehe,Königsheide,POINT (8.586162779000063 53.561969899000076)
7959,11,2023,5,2,15,3,5,3,1,1,0,0,0,0,0,0,8.823513088000027,53.04410827600003,Obervieland,Kattenturm,POINT (8.823513088000027 53.04410827600003)
7960,11,2023,5,2,15,3,1,7,1,1,0,0,0,0,0,0,8.803378588000044,53.07540239900004,Mitte,Altstadt,POINT (8.803378588000044 53.07540239900004)
7961,11,2023,5,2,20,3,3,6,1,1,0,0,0,0,1,0,8.808806356000048,53.07418087800005,Mitte,Altstadt,POINT (8.808806356000048 53.07418087800005)
7962,11,2023,5,1,15,3,5,3,1,1,0,0,0,0,0,0,8.807450611000036,53.08242181400004,Mitte,Bahnhofsvorstadt,POINT (8.807450611000036 53.08242181400004)
7963,11,2023,5,1,10,3,2,6,1,1,0,0,0,0,0,0,8.810653243000047,53.120312296000066,unbekannt,Blockland,POINT (8.810653243000047 53.120312296000066)
7964,11,2023,5,7,11,3,5,3,1,1,0,0,0,0,0,0,8.793892516000028,53.091783382000074,Walle,Utbremen,POINT (8.793892516000028 53.091783382000074)
7965,11,2023,5,7,15,3,0,1,1,0,0,0,0,1,0,0,8.82778617200006,53.072522089000074,Östliche Vorstadt,Steintor,POINT (8.82778617200006 53.072522089000074)
7966,11,2023,5,7,14,2,0,7,1,0,0,0,0,0,0,0,8.770751613000073,53.094417890000045,Walle,Überseestadt,POINT (8.770751613000073 53.094417890000045)
7967,11,2023,5,7,18,3,6,6,1,0,1,0,0,0,0,0,8.823532354000065,53.078121992000035,Mitte,Ostertor,POINT (8.823532354000065 53.078121992000035)
7968,12,2023,5,6,10,3,0,1,1,0,0,0,0,0,0,0,8.565106618000073,53.559301342000026,Mitte,Weddewarden,POINT (8.565106618000073 53.559301342000026)
7969,12,2023,5,6,15,3,5,3,1,1,0,0,0,0,0,0,8.600777385000072,53.49840961400008,Wulsdorf,Geestemünde-Süd,POINT (8.600777385000072 53.49840961400008)
7970,11,2023,5,5,18,3,5,3,1,1,0,0,0,0,0,0,8.924907279000024,53.03830376800005,Hemelingen,Arbergen,POINT (8.924907279000024 53.03830376800005)
7971,11,2023,5,5,16,3,4,6,1,0,0,0,0,0,0,0,8.850572318000047,53.11608157200004,unbekannt,Blockland,POINT (8.850572318000047 53.11608157200004)
7972,11,2023,5,5,19,3,6,4,1,0,1,0,0,0,2,0,8.812807520000035,53.06768132600007,Neustadt,Alte Neustadt,POINT (8.812807520000035 53.06768132600007)
7973,11,2023,5,5,14,3,0,2,1,1,0,0,0,0,0,0,8.84885071900004,53.06788262800006,Östliche Vorstadt,Peterswerder,POINT (8.84885071900004 53.06788262800006)
7974,11,2023,5,4,13,3,5,3,1,0,0,0,0,0,0,0,8.858238289000042,53.04881412900005,Obervieland,Habenhausen,POINT (8.858238289000042 53.04881412900005)
7975,11,2023,5,4,7,3,5,2,1,0,0,0,0,1,0,0,8.783817016000057,53.101761518000046,Walle,Walle,POINT (8.783817016000057 53.101761518000046)
7976,11,2023,5,4,14,3,5,3,1,1,0,0,0,0,0,0,8.859245990000034,53.06893824800005,Hemelingen,Hastedt,POINT (8.859245990000034 53.06893824800005)
7977,12,2023,5,3,13,3,5,3,1,1,0,0,0,0,0,0,8.588193309000076,53.57481112200003,Lehe,Königsheide,POINT (8.588193309000076 53.57481112200003)
7978,11,2023,5,3,11,3,1,5,1,1,0,0,0,0,0,0,8.821705651000059,53.08204228800008,Schwachhausen,Barkhof,POINT (8.821705651000059 53.08204228800008)
7979,11,2023,5,3,9,3,5,3,1,1,0,0,0,0,0,1,8.619075012000053,53.18050434300005,Vegesack,Fähr-Lobbendorf,POINT (8.619075012000053 53.18050434300005)
7980,11,2023,5,3,16,2,0,7,1,0,0,0,0,0,0,0,8.78670715800007,53.10045435900008,Walle,Walle,POINT (8.78670715800007 53.10045435900008)
7981,11,2023,5,3,8,3,5,2,1,1,0,0,0,0,0,0,8.62443292200004,53.177167041000075,Vegesack,Vegesack,POINT (8.62443292200004 53.177167041000075)
7982,11,2023,5,3,7,3,5,2,1,1,0,0,0,0,0,0,8.825083412000026,53.084198496000056,Schwachhausen,Barkhof,POINT (8.825083412000026 53.084198496000056)
7983,11,2023,5,2,17,3,1,5,1,1,0,0,0,0,0,0,8.762586826000074,53.08644790900007,Woltmershausen,Woltmershausen,POINT (8.762586826000074 53.08644790900007)
7984,11,2023,5,2,17,3,4,6,1,1,0,0,0,0,0,0,8.950466736000067,53.05602165400006,Osterholz,Osterholz,POINT (8.950466736000067 53.05602165400006)
7985,11,2023,5,2,9,3,5,2,1,1,0,0,0,0,0,0,8.783932528000037,53.10360071100007,Walle,Walle,POINT (8.783932528000037 53.10360071100007)
7986,11,2023,5,2,17,3,5,2,1,0,0,0,0,1,0,0,8.831256384000028,53.08118256100005,Schwachhausen,Barkhof,POINT (8.831256384000028 53.08118256100005)
7987,11,2023,5,2,14,3,5,3,1,1,0,0,0,0,0,0,8.824462785000037,53.084404189000054,Schwachhausen,Barkhof,POINT (8.824462785000037 53.084404189000054)
7988,11,2023,5,2,18,3,4,1,1,0,0,0,0,0,0,0,8.807128329000022,53.08366852200004,Mitte,Bahnhofsvorstadt,POINT (8.807128329000022 53.08366852200004)
7989,11,2023,5,1,11,3,4,6,1,0,0,0,0,0,0,0,8.843311924000034,53.08361716300004,Schwachhausen,Gete,POINT (8.843311924000034 53.08361716300004)
7990,11,2023,5,1,18,3,5,3,1,0,0,0,0,0,0,0,8.827765713000076,53.08303519900005,Schwachhausen,Bürgerpark,POINT (8.827765713000076 53.08303519900005)
7991,11,2023,5,7,19,3,6,4,1,0,1,0,0,0,0,0,8.80470638600002,53.08385789700003,Mitte,Bahnhofsvorstadt,POINT (8.80470638600002 53.08385789700003)
7992,11,2023,5,7,14,3,5,2,1,1,0,0,0,0,0,0,8.812528562000068,53.081163616000026,Mitte,Bahnhofsvorstadt,POINT (8.812528562000068 53.081163616000026)
7993,11,2023,5,7,9,2,5,3,1,1,0,0,0,0,0,0,8.740706825000075,53.05269413700006,Huchting,Kirchhuchting,POINT (8.740706825000075 53.05269413700006)
7994,12,2023,5,6,5,3,5,3,1,0,0,0,0,1,1,0,8.588431907000029,53.576687529000026,Lehe,Königsheide,POINT (8.588431907000029 53.576687529000026)
7995,12,2023,5,6,20,2,0,1,1,0,0,0,0,0,0,0,8.585889608000059,53.537306036000075,Geestemünde,Buschkämpen,POINT (8.585889608000059 53.537306036000075)
7996,12,2023,5,5,13,3,0,1,1,0,0,0,0,0,0,0,8.59778637100004,53.50699384500007,Wulsdorf,Geestemünde-Süd,POINT (8.59778637100004 53.50699384500007)
7997,12,2023,5,5,9,3,5,3,1,1,0,0,0,0,0,0,8.59317971400003,53.556319623000036,Lehe,Königsheide,POINT (8.59317971400003 53.556319623000036)
7998,11,2023,5,5,15,3,1,7,1,1,0,0,0,0,0,0,8.832893274000071,53.06984504500008,Östliche Vorstadt,Steintor,POINT (8.832893274000071 53.06984504500008)
7999,11,2023,5,5,7,3,5,3,1,1,0,0,0,0,0,0,8.62514885500002,53.17415336000005,Vegesack,Vegesack,POINT (8.62514885500002 53.17415336000005)
8000,11,2023,5,5,8,3,4,2,1,1,0,0,0,0,0,0,8.685280544000022,53.17621731000003,Burglesum,Lesum,POINT (8.685280544000022 53.17621731000003)
8001,11,2023,5,5,12,3,5,3,1,1,0,0,0,0,0,0,8.825126037000075,53.08417481200007,Schwachhausen,Barkhof,POINT (8.825126037000075 53.08417481200007)
8002,11,2023,5,5,15,3,1,5,1,1,0,0,0,0,0,0,8.79708387100004,53.079162980000035,Mitte,Altstadt,POINT (8.79708387100004 53.079162980000035)
8003,11,2023,5,5,16,3,6,4,1,0,1,0,0,0,0,1,8.948526055000059,53.070576456000026,Osterholz,Ellenerbrok-Schevemoor,POINT (8.948526055000059 53.070576456000026)
8004,12,2023,5,4,6,3,5,2,1,1,0,0,0,0,0,1,8.601009799000053,53.53642436900003,Geestemünde,Buschkämpen,POINT (8.601009799000053 53.53642436900003)
8005,11,2023,5,4,8,3,5,3,1,0,0,0,0,0,0,1,8.79140798000003,53.07250753200003,Neustadt,Alte Neustadt,POINT (8.79140798000003 53.07250753200003)
8006,11,2023,5,4,14,3,5,2,1,1,0,0,0,0,0,1,8.847838014000047,53.066044274000035,Östliche Vorstadt,Peterswerder,POINT (8.847838014000047 53.066044274000035)
8007,11,2023,5,4,16,3,2,6,1,1,0,0,0,0,0,0,8.79261907800003,53.068925472000046,Neustadt,Neustadt,POINT (8.79261907800003 53.068925472000046)
8008,11,2023,5,4,17,2,5,3,1,1,0,0,0,0,0,0,8.542280234000032,53.19005696000005,Blumenthal,Rönnebeck,POINT (8.542280234000032 53.19005696000005)
8009,11,2023,5,4,13,3,0,7,1,0,0,0,0,0,0,0,8.703259721000052,53.161920198000075,Burglesum,Burgdamm,POINT (8.703259721000052 53.161920198000075)
8010,11,2023,5,4,23,3,5,3,1,1,0,0,0,0,2,0,8.89741086400005,53.05858640400004,Hemelingen,Sebaldsbrück,POINT (8.89741086400005 53.05858640400004)
8011,11,2023,5,4,17,3,1,7,1,1,0,0,0,0,0,0,8.877074303000029,53.065792197000064,Hemelingen,Hastedt,POINT (8.877074303000029 53.065792197000064)
8012,12,2023,5,3,15,3,5,2,1,1,0,0,0,0,0,0,8.593204359000026,53.57363687800006,Lehe,Königsheide,POINT (8.593204359000026 53.57363687800006)
8013,12,2023,5,3,7,3,0,1,1,0,0,0,0,0,0,0,8.590725168000063,53.540830577000065,Geestemünde,Buschkämpen,POINT (8.590725168000063 53.540830577000065)
8014,11,2023,5,3,12,3,3,6,1,0,0,0,0,0,0,0,8.854527370000028,53.06699892900008,Hemelingen,Hastedt,POINT (8.854527370000028 53.06699892900008)
8015,11,2023,5,3,12,3,5,2,1,1,0,0,0,0,0,0,8.94364577600004,53.03800716900008,Hemelingen,Mahndorf,POINT (8.94364577600004 53.03800716900008)
8016,11,2023,5,2,7,3,6,4,1,0,1,0,0,0,0,0,8.817364319000035,53.08075013200005,Mitte,Bahnhofsvorstadt,POINT (8.817364319000035 53.08075013200005)
8017,11,2023,5,1,19,3,5,2,1,0,0,0,0,0,0,0,8.825168371000075,53.08433207400003,Schwachhausen,Bürgerpark,POINT (8.825168371000075 53.08433207400003)
8018,11,2023,5,1,15,3,5,2,1,1,0,0,0,0,0,0,8.800559903000021,53.07855458300003,Mitte,Altstadt,POINT (8.800559903000021 53.07855458300003)
8019,11,2023,5,7,19,3,5,3,1,1,0,0,0,0,0,0,8.806569978000027,53.06497023000003,Neustadt,Buntentor,POINT (8.806569978000027 53.06497023000003)
8020,11,2023,5,7,8,3,5,3,1,1,0,0,0,0,0,0,8.91980748100002,53.045703711000044,Hemelingen,Arbergen,POINT (8.91980748100002 53.045703711000044)
8021,11,2023,5,7,15,3,6,4,1,0,1,0,0,0,0,0,8.624929800000075,53.17891631700007,Vegesack,Vegesack,POINT (8.624929800000075 53.17891631700007)
8022,11,2023,5,6,8,3,5,3,1,1,0,0,0,0,0,0,8.801659891000043,53.06977006100004,Neustadt,Alte Neustadt,POINT (8.801659891000043 53.06977006100004)
8023,11,2023,5,6,18,3,5,2,1,1,0,0,0,0,0,1,8.786874994000073,53.07180379300007,Neustadt,Hohentor,POINT (8.786874994000073 53.07180379300007)
8024,11,2023,5,6,14,3,5,3,1,1,0,0,0,0,0,0,8.719554447000064,53.05763854400004,Huchting,Mittelshuchting,POINT (8.719554447000064 53.05763854400004)
8025,11,2023,5,5,18,3,1,5,1,1,0,0,0,0,0,0,8.788871025000049,53.07123476700008,Neustadt,Hohentor,POINT (8.788871025000049 53.07123476700008)
8026,11,2023,5,4,19,3,5,3,1,0,0,0,0,1,0,0,8.808092040000076,53.09971129500008,Findorff,Weidedamm,POINT (8.808092040000076 53.09971129500008)
8027,11,2023,5,4,15,3,5,3,1,1,0,0,0,0,0,0,8.877973750000024,53.082548759000076,Vahr,Neue Vahr Nord,POINT (8.877973750000024 53.082548759000076)
8028,11,2023,5,3,14,3,2,6,1,0,0,1,0,0,0,0,8.803532435000022,53.06678931300007,Neustadt,Buntentor,POINT (8.803532435000022 53.06678931300007)
8029,11,2023,5,3,14,3,0,7,1,0,0,0,0,1,0,0,8.936964230000058,53.09106168500006,unbekannt,unbekannt,POINT (8.936964230000058 53.09106168500006)
8030,11,2023,5,3,15,3,4,6,1,0,0,0,0,0,0,0,8.807032313000036,53.097900408000044,Findorff,Regensburger Str.,POINT (8.807032313000036 53.097900408000044)
8031,11,2023,5,2,1,2,0,7,1,0,0,0,0,0,2,0,8.809296239000048,53.077814328000045,Mitte,Altstadt,POINT (8.809296239000048 53.077814328000045)
8032,11,2023,5,2,14,2,5,2,1,1,0,0,0,0,0,0,8.841410050000036,53.03543568500004,Obervieland,Arsten,POINT (8.841410050000036 53.03543568500004)
8033,12,2023,4,7,16,3,6,4,1,0,1,0,0,0,0,0,8.585280382000064,53.535041369000055,Geestemünde,Buschkämpen,POINT (8.585280382000064 53.535041369000055)
8034,12,2023,4,7,9,3,0,1,1,0,0,0,0,0,0,0,8.634177030000046,53.53079559400004,Schiffdorferdamm,Buschkämpen,POINT (8.634177030000046 53.53079559400004)
8035,11,2023,4,7,16,3,0,7,1,0,1,0,0,0,0,0,8.85715304300004,53.12254330600007,unbekannt,Blockland,POINT (8.85715304300004 53.12254330600007)
8036,11,2023,4,6,16,3,5,2,1,0,0,0,0,1,0,0,8.790012054000044,53.096783007000056,Walle,Westend,POINT (8.790012054000044 53.096783007000056)
8037,11,2023,4,6,21,2,4,2,1,1,0,0,0,0,2,1,8.819112808000057,53.08027936900004,Mitte,Ostertor,POINT (8.819112808000057 53.08027936900004)
8038,11,2023,4,6,19,3,1,7,1,1,0,0,0,0,0,1,8.798113432000036,53.066246008000064,Neustadt,Südervorstadt,POINT (8.798113432000036 53.066246008000064)
8039,11,2023,4,6,18,3,3,6,1,1,0,0,0,0,0,1,8.742473070000074,53.06291711600005,Huchting,Mittelshuchting,POINT (8.742473070000074 53.06291711600005)
8040,11,2023,4,5,6,2,5,3,1,1,0,0,0,0,0,0,8.818145105000042,53.07773344200007,Mitte,Ostertor,POINT (8.818145105000042 53.07773344200007)
8041,11,2023,4,5,17,3,6,7,1,0,1,0,0,0,0,0,8.883972799000048,53.07895223400004,Vahr,Neue Vahr Südwest,POINT (8.883972799000048 53.07895223400004)
8042,11,2023,4,5,17,3,3,6,1,1,0,0,0,0,0,0,8.807875655000032,53.059691927000074,Neustadt,Huckelriede,POINT (8.807875655000032 53.059691927000074)
8043,11,2023,4,5,15,2,5,3,1,0,0,0,0,1,0,0,8.894819993000056,53.059788953000066,Hemelingen,Sebaldsbrück,POINT (8.894819993000056 53.059788953000066)
8044,11,2023,5,4,7,3,5,3,1,1,0,0,0,0,0,0,8.772121285000026,53.094643778000034,Walle,Überseestadt,POINT (8.772121285000026 53.094643778000034)
8045,12,2023,4,4,14,2,5,2,1,0,0,0,1,0,0,0,8.58620781600007,53.53687481400004,Geestemünde,Buschkämpen,POINT (8.58620781600007 53.53687481400004)
8046,11,2023,4,4,8,3,5,2,1,1,0,0,0,0,0,0,8.870605644000022,53.09135072600003,Schwachhausen,Radio Bremen,POINT (8.870605644000022 53.09135072600003)
8047,11,2023,4,4,6,3,4,6,1,0,0,0,0,1,0,0,8.868637756000055,53.104319685000064,Horn-Lehe,Lehe,POINT (8.868637756000055 53.104319685000064)
8048,11,2023,4,4,13,3,1,5,1,1,0,0,0,0,0,0,8.80730023500007,53.06454139500005,Neustadt,Buntentor,POINT (8.80730023500007 53.06454139500005)
8049,11,2023,5,5,18,3,5,3,1,0,0,0,0,0,0,0,8.806580858000075,53.08725391000007,Mitte,Bahnhofsvorstadt,POINT (8.806580858000075 53.08725391000007)
8050,11,2023,4,3,11,3,5,3,1,1,0,0,0,0,0,0,8.859037275000048,53.08444203600004,Schwachhausen,Radio Bremen,POINT (8.859037275000048 53.08444203600004)
8051,11,2023,4,3,16,3,2,6,1,1,0,0,0,0,0,0,8.812590484000054,53.098213531000056,Findorff,Weidedamm,POINT (8.812590484000054 53.098213531000056)
8052,11,2023,4,3,13,3,5,2,1,1,0,0,0,0,0,1,8.823306322000064,53.07809567400005,Mitte,Ostertor,POINT (8.823306322000064 53.07809567400005)
8053,12,2023,4,2,16,3,5,3,1,1,0,0,0,0,0,1,8.598213947000033,53.58517243000006,Lehe,Königsheide,POINT (8.598213947000033 53.58517243000006)
8054,11,2023,4,2,19,3,2,6,1,1,0,0,0,0,0,0,8.835580907000065,53.07378592400005,Östliche Vorstadt,Steintor,POINT (8.835580907000065 53.07378592400005)
8055,11,2023,4,1,6,3,4,6,1,1,0,0,0,0,0,0,8.871250284000041,53.098906115000034,Horn-Lehe,Lehe,POINT (8.871250284000041 53.098906115000034)
8056,11,2023,4,7,12,3,1,1,1,1,0,0,0,0,0,0,8.831930072000034,53.07107485700004,Östliche Vorstadt,Steintor,POINT (8.831930072000034 53.07107485700004)
8057,11,2023,4,7,14,3,5,3,1,1,0,0,0,0,0,0,8.870919909000065,53.08752419700005,Schwachhausen,Radio Bremen,POINT (8.870919909000065 53.08752419700005)
8058,11,2023,4,6,23,3,0,7,1,0,0,0,0,0,2,0,8.688851812000053,53.169597198000076,Burglesum,Lesum,POINT (8.688851812000053 53.169597198000076)
8059,11,2023,4,6,23,3,0,7,1,0,0,0,0,0,2,0,8.848729458000037,53.06799670200007,Östliche Vorstadt,Peterswerder,POINT (8.848729458000037 53.06799670200007)
8060,11,2023,4,5,11,3,5,3,1,1,0,0,0,0,0,1,8.889310678000072,53.07916154900005,Vahr,Neue Vahr Südwest,POINT (8.889310678000072 53.07916154900005)
8061,11,2023,4,5,6,3,5,2,1,1,0,0,0,0,1,0,8.825139705000026,53.084494653000036,Schwachhausen,Bürgerpark,POINT (8.825139705000026 53.084494653000036)
8062,12,2023,4,4,13,3,5,3,1,1,0,0,0,0,0,0,8.610577589000059,53.57778865300003,Lehe,Königsheide,POINT (8.610577589000059 53.57778865300003)
8063,11,2023,4,4,14,3,5,2,1,1,0,0,0,0,0,0,8.819173791000026,53.08026797200006,Mitte,Ostertor,POINT (8.819173791000026 53.08026797200006)
8064,11,2023,4,4,7,3,6,4,1,0,1,0,0,0,0,0,8.785095973000068,53.06103232900006,Neustadt,Neuenland,POINT (8.785095973000068 53.06103232900006)
8065,12,2023,4,3,9,3,1,5,1,1,0,0,0,0,0,0,8.587230039000076,53.53954068100006,Geestemünde,Buschkämpen,POINT (8.587230039000076 53.53954068100006)
8066,12,2023,4,3,8,3,5,2,1,1,0,0,0,0,0,0,8.597381288000065,53.59125881600005,Leherheide,Fehmoor,POINT (8.597381288000065 53.59125881600005)
8067,11,2023,4,3,7,3,0,2,1,1,0,0,0,0,0,0,8.740756001000022,53.05265532200008,Huchting,Kirchhuchting,POINT (8.740756001000022 53.05265532200008)
8068,11,2023,4,3,11,3,5,2,1,1,0,0,0,0,0,0,8.813437966000038,53.09033805000007,Findorff,Findorff-Bürgerweide,POINT (8.813437966000038 53.09033805000007)
8069,11,2023,4,3,18,3,5,2,1,1,0,0,0,0,0,0,8.837292449000074,53.076885133000076,Östliche Vorstadt,Fesenfeld,POINT (8.837292449000074 53.076885133000076)
8070,11,2023,4,3,9,3,5,3,1,1,0,0,0,0,0,0,8.82439911800003,53.084424693000074,Schwachhausen,Barkhof,POINT (8.82439911800003 53.084424693000074)
8071,11,2023,4,3,15,3,4,6,1,0,0,0,0,0,0,0,8.774990982000077,53.06243001100006,Neustadt,Neuenland,POINT (8.774990982000077 53.06243001100006)
8072,11,2023,4,3,15,3,3,6,1,0,0,0,0,0,0,0,8.878797982000037,53.122826743000076,Horn-Lehe,Lehesterdeich,POINT (8.878797982000037 53.122826743000076)
8073,11,2023,4,3,8,3,1,5,1,1,0,0,0,0,0,0,8.80898610500003,53.06352570200005,Neustadt,Buntentor,POINT (8.80898610500003 53.06352570200005)
8074,12,2023,4,2,15,3,5,2,1,1,0,0,0,0,0,0,8.59396210400007,53.54848921900003,Geestemünde,Buschkämpen,POINT (8.59396210400007 53.54848921900003)
8075,12,2023,4,2,8,3,5,3,1,1,0,0,0,0,0,0,8.638192766000031,53.53493368200003,Schiffdorferdamm,Buschkämpen,POINT (8.638192766000031 53.53493368200003)
8076,11,2023,4,1,21,2,1,5,1,1,0,0,0,0,2,0,8.781936253000026,53.05865492000004,Neustadt,Neuenland,POINT (8.781936253000026 53.05865492000004)
8077,11,2023,4,7,19,3,5,3,1,0,0,0,0,1,0,0,8.817916641000068,53.05272099000007,Neustadt,Huckelriede,POINT (8.817916641000068 53.05272099000007)
8078,11,2023,4,7,18,3,5,3,1,1,0,0,0,0,0,0,8.754780937000021,53.11976314800006,Gröpelingen,Ohlenhof,POINT (8.754780937000021 53.11976314800006)
8079,12,2023,4,6,18,3,5,2,1,1,0,0,0,0,0,0,8.590283768000063,53.53483447500008,Geestemünde,Buschkämpen,POINT (8.590283768000063 53.53483447500008)