,UKREIS,UJAHR,UMONAT,UWOCHENTAG,USTUNDE,UKATEGORIE,UART,UTYP1,IstRad,IstPKW,IstFuss,IstKrad,IstGkfz,IstSonstig,ULICHTVERH,STRZUSTAND,longitude,latitude,Stadtteil,Ortsteil,geometry
8080,11,2023,5,4,15,3,5,3,1,1,0,0,0,0,0,0,8.862487526000052,53.09928423000008,Horn-Lehe,Lehe,POINT (8.862487526000052 53.09928423000008)
8081,11,2023,4,6,7,3,5,3,1,1,0,0,0,0,0,0,8.831252182000071,53.08130460800004,Schwachhausen,Schwachhausen,POINT (8.831252182000071 53.08130460800004)
8082,11,2023,4,6,0,3,0,2,1,0,0,0,0,1,0,0,8.786453292000033,53.095439627000076,Walle,Westend,POINT (8.786453292000033 53.095439627000076)
8083,11,2023,4,5,18,3,6,4,1,0,1,0,0,0,0,1,8.91523608700004,53.07127773800005,Hemelingen,Sebaldsbrück,POINT (8.91523608700004 53.07127773800005)
8084,11,2023,4,5,14,3,5,3,1,0,0,0,0,0,0,1,8.935718311000073,53.038346457000046,Hemelingen,Mahndorf,POINT (8.935718311000073 53.038346457000046)
8085,11,2023,4,5,14,3,5,2,1,1,0,0,0,0,0,1,8.934360283000046,53.069272942000055,Osterholz,Ellenerbrok-Schevemoor,POINT (8.934360283000046 53.069272942000055)
8086,11,2023,4,5,12,3,5,3,1,0,0,0,0,1,0,0,8.78898500400004,53.07312543100005,Neustadt,Alte Neustadt,POINT (8.78898500400004 53.07312543100005)
8087,11,2023,4,4,7,2,0,7,1,0,0,0,0,0,0,0,8.857793659000038,53.066570812000066,Hemelingen,Hastedt,POINT (8.857793659000038 53.066570812000066)
8088,11,2023,4,4,12,3,4,2,1,1,0,0,0,0,0,1,8.817988315000036,53.08766020500008,Schwachhausen,Bürgerpark,POINT (8.817988315000036 53.08766020500008)
8089,11,2023,4,4,11,3,5,3,1,1,0,0,0,0,0,1,8.878496986000073,53.061006821000035,Hemelingen,Hastedt,POINT (8.878496986000073 53.061006821000035)
8090,11,2023,4,3,23,3,5,3,1,1,0,0,0,0,2,0,8.816959865000058,53.07856831600003,Mitte,Ostertor,POINT (8.816959865000058 53.07856831600003)
8091,11,2023,4,7,14,3,0,7,1,0,0,0,0,1,0,0,8.524054413000044,53.20290372900007,Blumenthal,Farge,POINT (8.524054413000044 53.20290372900007)
8092,11,2023,4,6,19,2,0,7,1,0,0,0,0,0,0,0,8.943892596000069,53.03798839400008,Hemelingen,Mahndorf,POINT (8.943892596000069 53.03798839400008)
8093,11,2023,4,5,8,3,4,7,1,1,0,0,0,0,0,0,8.821879642000056,53.09561605400006,Findorff,Weidedamm,POINT (8.821879642000056 53.09561605400006)
8094,11,2023,5,5,16,3,5,2,1,1,0,0,0,0,0,1,8.896964697000044,53.11822385200003,Horn-Lehe,Lehesterdeich,POINT (8.896964697000044 53.11822385200003)
8095,12,2023,4,4,16,3,5,2,1,1,0,0,0,0,0,0,8.595718159000057,53.52900987600003,Geestemünde,Buschkämpen,POINT (8.595718159000057 53.52900987600003)
8096,11,2023,4,4,12,3,5,3,1,0,0,0,0,1,0,0,8.859454852000056,53.100446230000045,Horn-Lehe,Lehe,POINT (8.859454852000056 53.100446230000045)
8097,11,2023,5,2,8,3,1,7,1,1,0,0,0,0,0,0,8.866391358000044,53.06381809000004,Hemelingen,Hastedt,POINT (8.866391358000044 53.06381809000004)
8098,11,2023,4,2,12,2,0,7,1,0,0,0,0,0,0,0,8.848306197000056,53.05127951000003,Obervieland,Habenhausen,POINT (8.848306197000056 53.05127951000003)
8099,11,2023,4,2,9,3,0,7,1,1,0,0,0,0,0,0,8.759307450000051,53.07740821900006,Woltmershausen,Woltmershausen,POINT (8.759307450000051 53.07740821900006)
8100,11,2023,4,2,17,3,5,3,1,1,0,0,0,0,0,0,8.76124214300006,53.12331926200005,Gröpelingen,Ohlenhof,POINT (8.76124214300006 53.12331926200005)
8101,11,2023,4,2,13,3,5,3,1,1,0,0,0,0,0,0,8.58451621200004,53.18143546200008,Blumenthal,Blumenthal,POINT (8.58451621200004 53.18143546200008)
8102,11,2023,4,2,18,3,1,5,1,1,0,0,0,0,0,0,8.803054346000067,53.067077176000055,Neustadt,Buntentor,POINT (8.803054346000067 53.067077176000055)
8103,11,2023,4,1,16,3,0,7,1,0,0,0,0,0,0,0,8.84249057300002,53.06708149600007,Östliche Vorstadt,Peterswerder,POINT (8.84249057300002 53.06708149600007)
8104,11,2023,4,7,15,3,3,6,1,0,0,0,0,0,0,0,8.879339744000049,53.08580802800003,Vahr,Neue Vahr Nord,POINT (8.879339744000049 53.08580802800003)
8105,11,2023,3,6,15,3,5,3,1,1,0,0,0,0,0,0,8.76278473900004,53.11612140900007,Gröpelingen,Gröpelingen,POINT (8.76278473900004 53.11612140900007)
8106,11,2023,3,6,12,3,5,3,1,1,0,0,0,0,0,0,8.578490901000066,53.20713553300004,Blumenthal,Lüssum-Bockhorn,POINT (8.578490901000066 53.20713553300004)
8107,11,2023,3,5,18,3,5,3,1,1,0,0,0,0,0,0,8.806340649000049,53.084438713000054,Mitte,Bahnhofsvorstadt,POINT (8.806340649000049 53.084438713000054)
8108,12,2023,3,4,19,3,5,3,1,1,0,0,0,0,2,0,8.573097819000054,53.54988621100006,Mitte,Weddewarden,POINT (8.573097819000054 53.54988621100006)
8109,12,2023,5,3,17,3,5,3,1,1,0,0,0,0,0,0,8.603535819000058,53.57936926900004,Lehe,Königsheide,POINT (8.603535819000058 53.57936926900004)
8110,11,2023,3,4,12,2,3,6,1,0,0,0,0,0,0,0,8.859365926000066,53.07068658600008,Hemelingen,Hastedt,POINT (8.859365926000066 53.07068658600008)
8111,11,2023,3,4,12,3,7,7,1,0,0,0,0,1,0,0,8.848052555000038,53.068111411000075,Östliche Vorstadt,Peterswerder,POINT (8.848052555000038 53.068111411000075)
8112,11,2023,3,4,17,3,5,3,1,1,0,0,0,0,0,0,8.891077577000033,53.07622563600006,Vahr,Neue Vahr Südwest,POINT (8.891077577000033 53.07622563600006)
8113,11,2023,3,4,15,3,5,3,1,1,0,0,0,0,0,0,8.863784078000037,53.07125872100005,Hemelingen,Hastedt,POINT (8.863784078000037 53.07125872100005)
8114,12,2023,3,3,15,3,5,3,1,1,0,0,0,0,0,0,8.592320255000061,53.53773592700003,Geestemünde,Buschkämpen,POINT (8.592320255000061 53.53773592700003)
8115,11,2023,3,2,11,3,2,6,1,1,0,0,0,0,0,1,8.836494102000074,53.08328452300003,Schwachhausen,Schwachhausen,POINT (8.836494102000074 53.08328452300003)
8116,11,2023,3,2,16,3,5,3,1,1,0,0,0,0,0,1,8.734093054000027,53.05858445300004,Huchting,Mittelshuchting,POINT (8.734093054000027 53.05858445300004)
8117,11,2023,3,2,8,3,6,4,1,0,1,0,0,0,0,0,8.738852927000039,53.048302411000066,Huchting,Kirchhuchting,POINT (8.738852927000039 53.048302411000066)
8118,11,2023,3,2,7,3,0,7,1,0,0,0,0,0,0,1,8.862948711000058,53.09033020600003,Schwachhausen,Riensberg,POINT (8.862948711000058 53.09033020600003)
8119,11,2023,3,2,13,3,0,7,1,0,0,0,0,0,0,0,8.809264663000022,53.07466964000008,Mitte,Altstadt,POINT (8.809264663000022 53.07466964000008)
8120,11,2023,3,1,16,3,3,2,1,1,0,0,0,0,0,0,8.93053324500005,53.05904275900008,Osterholz,Ellener Feld,POINT (8.93053324500005 53.05904275900008)
8121,11,2023,3,1,5,3,3,6,1,1,0,0,0,0,2,0,8.751391478000073,53.12045673100005,Häfen,Industriehäfen,POINT (8.751391478000073 53.12045673100005)
8122,11,2023,3,7,9,3,2,6,1,0,0,0,0,0,0,1,8.821316409000076,53.075473128000056,Mitte,Ostertor,POINT (8.821316409000076 53.075473128000056)
8123,11,2023,3,6,8,3,0,2,1,0,0,0,0,0,0,1,8.865192617000048,53.02318858800004,Obervieland,Arsten,POINT (8.865192617000048 53.02318858800004)
8124,11,2023,3,6,16,3,3,2,1,1,0,0,0,0,0,0,8.785712592000039,53.10271807400005,Walle,Walle,POINT (8.785712592000039 53.10271807400005)
8125,11,2023,3,5,14,3,6,3,1,0,1,0,0,0,0,1,8.887950986000021,53.10906593400006,Horn-Lehe,Lehesterdeich,POINT (8.887950986000021 53.10906593400006)
8126,11,2023,3,5,8,3,5,3,1,1,0,0,0,0,0,1,8.607396110000025,53.184477077000054,Vegesack,Fähr-Lobbendorf,POINT (8.607396110000025 53.184477077000054)
8127,11,2023,3,5,15,2,3,2,1,0,0,0,0,0,0,1,8.800389407000068,53.07198171400006,Neustadt,Alte Neustadt,POINT (8.800389407000068 53.07198171400006)
8128,11,2023,4,5,16,3,5,3,1,1,0,0,0,0,0,0,8.84060874000005,53.104524094000055,Schwachhausen,Neu-Schwachhausen,POINT (8.84060874000005 53.104524094000055)
8129,11,2023,3,4,19,3,5,2,1,0,0,1,0,0,1,0,8.905875730000048,53.09070301300005,unbekannt,unbekannt,POINT (8.905875730000048 53.09070301300005)
8130,11,2023,3,4,20,3,7,7,1,0,0,0,0,0,1,0,8.818242422000026,53.098066034000055,Findorff,Weidedamm,POINT (8.818242422000026 53.098066034000055)
8131,11,2023,3,1,22,3,0,7,1,0,0,0,0,0,2,0,8.804762523000022,53.080963206000035,Mitte,Bahnhofsvorstadt,POINT (8.804762523000022 53.080963206000035)
8132,11,2023,3,7,13,3,5,3,1,1,0,0,0,0,0,0,8.818101923000029,53.07772511100006,Mitte,Ostertor,POINT (8.818101923000029 53.07772511100006)
8133,11,2023,3,7,19,3,8,1,1,1,0,0,0,0,1,0,8.791648707000036,53.08273396000004,Mitte,Altstadt,POINT (8.791648707000036 53.08273396000004)
8134,11,2023,3,6,7,3,6,4,1,0,1,0,0,0,0,0,8.84673261200004,53.09264958500006,Schwachhausen,Neu-Schwachhausen,POINT (8.84673261200004 53.09264958500006)
8135,11,2023,3,6,7,3,5,3,1,1,0,0,0,0,0,0,8.844190758000025,53.07534841900008,Östliche Vorstadt,Hulsberg,POINT (8.844190758000025 53.07534841900008)
8136,12,2023,3,5,17,2,0,1,1,0,0,0,0,0,0,0,8.579735951000032,53.54775168000003,Mitte,Weddewarden,POINT (8.579735951000032 53.54775168000003)
8137,11,2023,3,4,15,3,1,7,1,1,0,0,0,0,0,0,8.794523092000077,53.06118904400006,Neustadt,Gartenstadt Süd,POINT (8.794523092000077 53.06118904400006)
8138,11,2023,3,4,5,3,1,7,1,1,0,0,0,0,1,0,8.789548338000031,53.097148160000074,Walle,Westend,POINT (8.789548338000031 53.097148160000074)
8139,11,2023,3,3,5,3,4,6,1,0,0,0,0,0,2,1,8.853302620000022,53.06430831900008,Hemelingen,Hastedt,POINT (8.853302620000022 53.06430831900008)
8140,12,2023,3,2,5,3,5,3,1,1,0,0,0,0,2,1,8.590949151000075,53.58209937600003,Lehe,Königsheide,POINT (8.590949151000075 53.58209937600003)
8141,12,2023,3,2,18,3,0,1,1,0,0,0,0,0,0,0,8.597457735000035,53.59111468900005,Leherheide,Fehmoor,POINT (8.597457735000035 53.59111468900005)
8142,11,2023,3,2,16,3,0,7,1,1,0,0,0,0,0,0,8.807526728000028,53.05994590000006,Neustadt,Huckelriede,POINT (8.807526728000028 53.05994590000006)
8143,11,2023,3,1,20,3,3,6,1,0,0,0,0,0,2,1,8.850144670000077,53.06551739300005,Östliche Vorstadt,Peterswerder,POINT (8.850144670000077 53.06551739300005)
8144,11,2023,3,7,17,3,5,3,1,1,0,0,0,0,0,0,8.853441427000064,53.06491262900005,Östliche Vorstadt,Peterswerder,POINT (8.853441427000064 53.06491262900005)
8145,11,2023,3,5,15,3,5,3,1,1,0,0,0,0,0,0,8.856480154000053,53.08871290700006,Schwachhausen,Radio Bremen,POINT (8.856480154000053 53.08871290700006)
8146,11,2023,3,4,17,3,2,6,1,1,0,0,0,0,1,0,8.891353558000048,53.09852843500005,Horn-Lehe,Lehesterdeich,POINT (8.891353558000048 53.09852843500005)
8147,11,2023,3,3,8,3,5,3,1,1,0,0,0,0,0,0,8.836985386000038,53.09925896900006,Schwachhausen,Neu-Schwachhausen,POINT (8.836985386000038 53.09925896900006)
8148,11,2023,3,3,16,3,5,3,1,1,0,0,0,0,0,0,8.847105095000074,53.086974335000036,Schwachhausen,Schwachhausen,POINT (8.847105095000074 53.086974335000036)
8149,11,2023,3,3,8,3,5,3,1,1,0,0,0,0,0,1,8.880361649000065,53.08244456300008,Vahr,Neue Vahr Südwest,POINT (8.880361649000065 53.08244456300008)
8150,11,2023,3,3,15,3,6,4,1,0,1,0,0,0,0,0,8.898263443000076,53.10273877100008,unbekannt,unbekannt,POINT (8.898263443000076 53.10273877100008)
8151,11,2023,3,3,13,3,5,2,1,1,0,0,0,0,0,0,8.801341103000027,53.07148033300007,Neustadt,Alte Neustadt,POINT (8.801341103000027 53.07148033300007)
8152,12,2023,3,2,12,2,0,7,1,1,0,0,0,0,0,0,8.586079146000031,53.56098479800005,Lehe,Königsheide,POINT (8.586079146000031 53.56098479800005)
8153,11,2023,3,2,19,3,5,3,1,1,0,0,0,0,2,0,8.774172060000069,53.09543750800003,Walle,Überseestadt,POINT (8.774172060000069 53.09543750800003)
8154,11,2023,3,2,7,3,5,3,1,1,0,0,0,0,0,1,8.877369778000059,53.08056806800005,Vahr,Neue Vahr Südwest,POINT (8.877369778000059 53.08056806800005)
8155,11,2023,3,2,6,2,0,1,1,0,0,0,0,0,1,2,8.887709467000036,53.08148831900007,Vahr,Neue Vahr Südwest,POINT (8.887709467000036 53.08148831900007)
8156,11,2023,3,2,10,3,5,3,1,1,0,0,0,0,0,1,8.825087816000064,53.08419604900007,Schwachhausen,Barkhof,POINT (8.825087816000064 53.08419604900007)
8157,11,2023,3,2,12,3,0,7,1,0,0,0,0,0,0,0,8.906508779000035,53.052417277000075,Hemelingen,Sebaldsbrück,POINT (8.906508779000035 53.052417277000075)
8158,11,2023,3,7,10,3,5,3,1,1,0,0,0,0,0,1,8.756991742000025,53.114496978000034,Gröpelingen,Lindenhof,POINT (8.756991742000025 53.114496978000034)
8159,11,2023,3,6,11,3,5,3,1,1,0,0,0,0,0,0,8.892387308000025,53.08135108300007,Vahr,Neue Vahr Südost,POINT (8.892387308000025 53.08135108300007)
8160,11,2023,3,4,3,3,2,6,1,0,0,0,0,0,2,0,8.730923492000045,53.137900769000055,Gröpelingen,Oslebshausen,POINT (8.730923492000045 53.137900769000055)
8161,11,2023,3,4,16,3,5,2,1,1,0,0,0,0,0,0,8.865418715000033,53.07168193900003,Hemelingen,Hastedt,POINT (8.865418715000033 53.07168193900003)
8162,11,2023,3,4,7,3,3,2,1,1,0,0,0,0,0,0,8.875399635000065,53.06187349900006,Hemelingen,Hastedt,POINT (8.875399635000065 53.06187349900006)
8163,11,2023,2,3,9,3,0,3,1,1,0,0,0,0,0,0,8.625437133000048,53.181338132000064,Vegesack,Aumund-Hammersbeck,POINT (8.625437133000048 53.181338132000064)
8164,11,2023,2,3,8,3,5,3,1,1,0,0,0,0,0,0,8.827388934000055,53.078391364000026,Östliche Vorstadt,Fesenfeld,POINT (8.827388934000055 53.078391364000026)
8165,11,2023,2,3,9,3,5,2,1,1,0,0,0,0,0,0,8.79370033300006,53.06640278700007,Neustadt,Südervorstadt,POINT (8.79370033300006 53.06640278700007)
8166,11,2023,2,3,15,3,5,3,1,1,0,0,0,0,0,0,8.685799453000072,53.16782826700006,Burglesum,Lesum,POINT (8.685799453000072 53.16782826700006)
8167,11,2023,2,2,15,3,5,3,1,1,0,0,0,0,0,0,8.807438562000073,53.082414519000054,Mitte,Bahnhofsvorstadt,POINT (8.807438562000073 53.082414519000054)
8168,12,2023,2,1,13,2,5,3,1,1,0,0,0,0,0,1,8.574467300000038,53.54400498200005,Mitte,Weddewarden,POINT (8.574467300000038 53.54400498200005)
8169,11,2023,2,1,18,3,6,4,1,0,1,0,0,0,1,0,8.82846982500007,53.08785634100008,Schwachhausen,Bürgerpark,POINT (8.82846982500007 53.08785634100008)
8170,11,2023,3,3,16,3,1,5,1,1,0,0,0,0,0,0,8.843435591000059,53.089320153000074,Schwachhausen,Riensberg,POINT (8.843435591000059 53.089320153000074)
8171,12,2023,2,6,12,3,5,3,1,1,0,0,0,0,0,0,8.601566027000047,53.50608870000008,Wulsdorf,Geestemünde-Süd,POINT (8.601566027000047 53.50608870000008)
8172,11,2023,2,5,16,3,6,4,1,0,1,0,0,0,0,1,8.736469923000072,53.04107525100005,Huchting,Kirchhuchting,POINT (8.736469923000072 53.04107525100005)
8173,11,2023,2,4,18,3,5,2,1,1,0,0,0,0,0,0,8.785373692000064,53.07092154400004,Neustadt,Hohentor,POINT (8.785373692000064 53.07092154400004)
8174,11,2023,2,4,16,3,5,3,1,1,0,0,0,0,0,0,8.784877212000026,53.08905234100007,Walle,Steffensweg,POINT (8.784877212000026 53.08905234100007)
8175,11,2023,2,3,12,3,0,1,1,0,0,0,0,0,0,0,8.738768159000074,53.132959053000036,Gröpelingen,Oslebshausen,POINT (8.738768159000074 53.132959053000036)
8176,11,2023,2,2,13,2,5,2,1,1,0,0,0,0,0,0,8.872394668000027,53.06731202200007,Hemelingen,Hastedt,POINT (8.872394668000027 53.06731202200007)
8177,11,2023,2,7,22,3,5,3,1,1,0,0,0,0,2,1,8.756360287000064,53.11841750000008,Gröpelingen,Ohlenhof,POINT (8.756360287000064 53.11841750000008)
8178,11,2023,2,7,22,3,9,1,1,0,0,0,0,0,2,1,8.801522099000067,53.071327359000065,Neustadt,Alte Neustadt,POINT (8.801522099000067 53.071327359000065)
8179,11,2023,2,7,18,3,5,2,1,1,0,0,0,0,2,0,8.882765402000075,53.07467952600007,Hemelingen,Sebaldsbrück,POINT (8.882765402000075 53.07467952600007)
8180,12,2023,2,6,7,3,4,2,1,1,0,0,0,0,0,1,8.596541338000065,53.55523426500008,Lehe,Königsheide,POINT (8.596541338000065 53.55523426500008)
8181,11,2023,2,5,10,3,0,7,1,0,0,0,0,0,0,0,8.783202248000066,53.10838992400005,Walle,Hohweg,POINT (8.783202248000066 53.10838992400005)
8182,11,2023,2,5,7,3,5,3,1,1,0,0,0,0,2,0,8.824431970000035,53.08448933000005,Schwachhausen,Barkhof,POINT (8.824431970000035 53.08448933000005)
8183,12,2023,2,4,16,3,0,1,1,0,0,0,0,0,0,0,8.598696837000034,53.53613948800006,Geestemünde,Buschkämpen,POINT (8.598696837000034 53.53613948800006)
8184,11,2023,2,4,17,3,0,7,1,0,1,0,0,0,0,0,8.852040995000038,53.083690009000065,Schwachhausen,Radio Bremen,POINT (8.852040995000038 53.083690009000065)
8185,11,2023,2,4,7,3,5,3,1,1,0,0,0,0,1,0,8.87705035600004,53.080907066000066,Vahr,Neue Vahr Südwest,POINT (8.87705035600004 53.080907066000066)
8186,11,2023,2,3,16,3,1,7,1,1,0,0,0,0,0,0,8.829840919000048,53.08344787600004,Schwachhausen,Bürgerpark,POINT (8.829840919000048 53.08344787600004)
8187,12,2023,2,2,6,3,5,2,1,1,0,0,0,0,2,1,8.590257030000032,53.55909527000006,Lehe,Königsheide,POINT (8.590257030000032 53.55909527000006)
8188,11,2023,2,2,12,3,1,5,1,1,0,0,0,0,0,1,8.803274049000038,53.066943354000045,Neustadt,Buntentor,POINT (8.803274049000038 53.066943354000045)
8189,11,2023,2,2,11,3,2,6,1,1,0,0,0,0,0,0,8.829240636000065,53.08533088900003,Schwachhausen,Bürgerpark,POINT (8.829240636000065 53.08533088900003)
8190,11,2023,2,2,10,3,5,3,1,1,0,0,0,0,0,0,8.783805033000021,53.098500828000056,Walle,Westend,POINT (8.783805033000021 53.098500828000056)
8191,11,2023,2,2,12,2,5,3,1,1,0,0,0,0,0,1,8.880246743000043,53.07192514700006,Vahr,Gartenstadt Vahr,POINT (8.880246743000043 53.07192514700006)
8192,11,2023,2,2,21,3,5,3,1,0,0,0,0,1,2,0,8.69663302300006,53.17527538400003,Burglesum,Lesum,POINT (8.69663302300006 53.17527538400003)
8193,11,2023,2,7,21,3,0,1,1,0,0,0,0,0,2,1,8.832288771000037,53.07095908600007,Östliche Vorstadt,Steintor,POINT (8.832288771000037 53.07095908600007)
8194,12,2023,2,6,22,3,0,1,1,0,0,0,0,0,2,0,8.59614466100004,53.56685555800004,Lehe,Königsheide,POINT (8.59614466100004 53.56685555800004)
8195,11,2023,2,5,7,3,3,2,1,1,0,0,0,0,0,0,8.78652794800007,53.088027941000064,Walle,Utbremen,POINT (8.78652794800007 53.088027941000064)
8196,11,2023,2,5,10,3,6,4,1,0,1,0,0,0,0,0,8.807530948000021,53.08230821300003,Mitte,Bahnhofsvorstadt,POINT (8.807530948000021 53.08230821300003)
8197,11,2023,2,4,12,3,5,2,1,1,0,0,0,0,0,0,8.862068846000057,53.07166032600003,Hemelingen,Hastedt,POINT (8.862068846000057 53.07166032600003)
8198,11,2023,2,4,8,3,5,2,1,1,0,0,0,0,0,0,8.861673625000037,53.09927357000004,Horn-Lehe,Lehe,POINT (8.861673625000037 53.09927357000004)
8199,12,2023,2,4,18,3,0,1,1,0,0,0,0,0,2,0,8.581237186000067,53.55099525500003,Lehe,Königsheide,POINT (8.581237186000067 53.55099525500003)
8200,11,2023,2,4,22,3,5,2,1,1,0,0,0,0,2,0,8.825154703000067,53.08450754900008,Schwachhausen,Bürgerpark,POINT (8.825154703000067 53.08450754900008)
8201,11,2023,2,4,9,2,0,7,1,0,0,0,0,1,0,0,8.841042440000024,53.072549750000064,Östliche Vorstadt,Peterswerder,POINT (8.841042440000024 53.072549750000064)
8202,11,2023,2,4,11,3,2,6,1,1,0,0,0,0,0,0,8.798324489000038,53.06361223200008,Neustadt,Buntentor,POINT (8.798324489000038 53.06361223200008)
8203,11,2023,2,4,6,3,5,3,1,1,0,0,0,0,1,0,8.79566220700002,53.05617133000004,Neustadt,Neuenland,POINT (8.79566220700002 53.05617133000004)
8204,11,2023,2,4,11,2,5,2,1,1,0,0,0,0,0,0,8.833565787000055,53.09441536700007,Schwachhausen,Neu-Schwachhausen,POINT (8.833565787000055 53.09441536700007)
8205,11,2023,2,3,8,3,5,3,1,1,0,0,0,0,1,1,8.792792365000025,53.069093545000044,Neustadt,Neustadt,POINT (8.792792365000025 53.069093545000044)
8206,11,2023,2,3,11,3,4,6,1,1,0,0,0,0,0,0,8.763695691000066,53.111421430000064,Gröpelingen,Lindenhof,POINT (8.763695691000066 53.111421430000064)
8207,11,2023,2,3,23,3,6,4,1,0,1,0,0,0,2,2,8.77882423400007,53.106082177000076,Walle,Walle,POINT (8.77882423400007 53.106082177000076)
8208,11,2023,2,2,14,3,5,2,1,1,0,0,0,0,0,0,8.852497678000077,53.07360069300006,Östliche Vorstadt,Hulsberg,POINT (8.852497678000077 53.07360069300006)
8209,11,2023,2,7,7,2,7,7,1,0,0,0,0,0,2,0,8.815616154000054,53.05417540900004,Neustadt,Huckelriede,POINT (8.815616154000054 53.05417540900004)
8210,11,2023,2,7,12,3,5,3,1,1,0,0,0,0,0,0,8.755735750000042,53.124911713000074,Gröpelingen,Ohlenhof,POINT (8.755735750000042 53.124911713000074)
8211,12,2023,2,5,12,3,5,3,1,1,0,0,0,0,0,0,8.56435877000007,53.55711184100005,Mitte,Weddewarden,POINT (8.56435877000007 53.55711184100005)
8212,12,2023,2,5,7,3,5,7,1,1,0,0,0,0,1,0,8.58862163300006,53.55846237700007,Lehe,Königsheide,POINT (8.58862163300006 53.55846237700007)
8213,11,2023,2,5,18,3,5,3,1,1,0,0,0,0,2,1,8.804663471000026,53.085772648000045,Mitte,Bahnhofsvorstadt,POINT (8.804663471000026 53.085772648000045)
8214,11,2023,2,5,16,3,5,3,1,1,0,0,0,0,0,0,8.870590221000043,53.091048166000064,Schwachhausen,Radio Bremen,POINT (8.870590221000043 53.091048166000064)
8215,11,2023,2,5,9,2,5,3,1,0,0,0,1,0,0,1,8.896702438000034,53.118362938000075,Horn-Lehe,Lehesterdeich,POINT (8.896702438000034 53.118362938000075)
8216,11,2023,2,4,11,3,0,6,1,1,0,0,0,0,0,1,8.83094969900003,53.085796938000044,Schwachhausen,Bürgerpark,POINT (8.83094969900003 53.085796938000044)
8217,12,2023,1,3,18,3,6,4,1,0,1,0,0,0,2,1,8.594789265000031,53.57224241000006,Lehe,Königsheide,POINT (8.594789265000031 53.57224241000006)
8218,11,2023,1,3,15,3,5,3,1,1,0,0,0,0,0,1,8.854894069000068,53.102464722000036,Horn-Lehe,Lehe,POINT (8.854894069000068 53.102464722000036)
8219,11,2023,1,3,6,3,5,3,1,1,0,0,0,0,2,1,8.824429375000022,53.08425756300005,Schwachhausen,Barkhof,POINT (8.824429375000022 53.08425756300005)
8220,11,2023,1,3,19,3,5,3,1,1,0,0,0,0,2,0,8.87652679200005,53.08103912200005,Vahr,Gartenstadt Vahr,POINT (8.87652679200005 53.08103912200005)
8221,11,2023,1,3,12,3,5,3,1,1,0,0,0,0,0,1,8.686084571000038,53.173313335000046,Burglesum,Lesum,POINT (8.686084571000038 53.173313335000046)
8222,11,2023,1,7,9,3,3,2,1,1,0,0,0,0,0,0,8.824134955000034,53.068926633000046,Mitte,Ostertor,POINT (8.824134955000034 53.068926633000046)
8223,11,2023,1,6,7,3,6,4,1,0,1,0,0,0,1,1,8.788824912000052,53.063302984000075,Neustadt,Südervorstadt,POINT (8.788824912000052 53.063302984000075)
8224,11,2023,1,5,19,3,5,7,1,1,0,0,0,0,2,1,8.740813814000035,53.053073778000055,Huchting,Mittelshuchting,POINT (8.740813814000035 53.053073778000055)
8225,11,2023,1,5,11,3,4,6,1,0,0,0,0,0,2,1,8.854431641000076,53.08202001500007,Schwachhausen,Gete,POINT (8.854431641000076 53.08202001500007)
8226,11,2023,1,5,4,2,0,7,1,0,0,0,0,0,2,2,8.723031133000063,53.13824021500005,Gröpelingen,Oslebshausen,POINT (8.723031133000063 53.13824021500005)
8227,11,2023,5,4,15,3,5,2,1,1,0,0,0,0,0,0,8.810638496000024,53.07180136800008,Mitte,Altstadt,POINT (8.810638496000024 53.07180136800008)
8228,11,2023,1,4,21,3,5,2,1,1,0,0,0,0,2,0,8.567611505000059,53.194133435000026,Blumenthal,Blumenthal,POINT (8.567611505000059 53.194133435000026)
8229,11,2023,1,4,14,3,5,3,1,1,0,0,0,0,0,0,8.831658375000075,53.07655657200007,Östliche Vorstadt,Fesenfeld,POINT (8.831658375000075 53.07655657200007)
8230,11,2023,1,3,5,3,5,3,1,1,0,0,0,0,2,0,8.776464282000063,53.09691481700003,Walle,Steffensweg,POINT (8.776464282000063 53.09691481700003)
8231,11,2023,1,2,14,3,0,7,1,0,0,0,0,0,0,0,8.807564011000068,53.09969954300004,Findorff,Regensburger Str.,POINT (8.807564011000068 53.09969954300004)
8232,11,2023,1,2,14,2,5,2,1,1,0,0,0,0,0,0,8.835090967000042,53.08679062400006,Schwachhausen,Schwachhausen,POINT (8.835090967000042 53.08679062400006)
8233,11,2023,1,6,20,3,5,3,1,0,0,1,0,0,2,0,8.801269645000048,53.086839068000074,Mitte,Bahnhofsvorstadt,POINT (8.801269645000048 53.086839068000074)
8234,11,2023,1,6,12,3,5,3,1,1,0,0,0,0,0,0,8.833386190000056,53.08173951800006,Schwachhausen,Schwachhausen,POINT (8.833386190000056 53.08173951800006)
8235,11,2023,1,6,13,3,5,3,1,1,0,0,0,0,0,0,8.825104389000046,53.08418684000003,Schwachhausen,Barkhof,POINT (8.825104389000046 53.08418684000003)