,UKREIS,UJAHR,UMONAT,UWOCHENTAG,USTUNDE,UKATEGORIE,UART,UTYP1,IstRad,IstPKW,IstFuss,IstKrad,IstGkfz,IstSonstig,ULICHTVERH,STRZUSTAND,longitude,latitude,Stadtteil,Ortsteil,geometry
8393,11,2023,10,5,17,3,5,2,1,1,0,0,0,0,0,0,8.838042821000045,53.06788803400008,Östliche Vorstadt,Peterswerder,POINT (8.838042821000045 53.06788803400008)
8394,11,2023,10,5,19,3,3,7,1,1,0,0,0,0,2,1,8.807786643000043,53.072545052000066,Mitte,Altstadt,POINT (8.807786643000043 53.072545052000066)
8395,11,2023,10,5,7,3,5,2,1,1,0,0,0,0,1,0,8.716774239000074,53.11025968700005,unbekannt,Seehausen,POINT (8.716774239000074 53.11025968700005)
8396,11,2023,10,4,19,3,1,7,1,0,0,0,0,1,2,0,8.807397606000052,53.07398785000004,Mitte,Altstadt,POINT (8.807397606000052 53.07398785000004)
8397,11,2023,10,4,9,3,3,6,1,0,0,0,0,0,0,0,8.806326026000022,53.08145656100004,Mitte,Bahnhofsvorstadt,POINT (8.806326026000022 53.08145656100004)
8398,11,2023,10,4,10,1,5,3,1,0,0,0,0,1,0,0,8.727036382000051,53.06109881200007,Huchting,Mittelshuchting,POINT (8.727036382000051 53.06109881200007)
8399,12,2023,10,3,7,3,0,1,1,0,0,0,0,0,2,1,8.565947951000055,53.567777454000066,Häfen,Speckenbüttel,POINT (8.565947951000055 53.567777454000066)
8400,11,2023,10,2,12,3,0,3,1,1,0,0,0,0,0,0,8.703045676000045,53.17132916300005,Burglesum,Burgdamm,POINT (8.703045676000045 53.17132916300005)
8401,11,2023,10,2,10,3,4,2,1,1,0,0,0,0,0,0,8.802611264000063,53.079805700000065,Mitte,Altstadt,POINT (8.802611264000063 53.079805700000065)
8402,11,2023,10,1,18,3,5,3,1,1,0,0,0,0,2,0,8.786606904000053,53.08939204900008,Walle,Utbremen,POINT (8.786606904000053 53.08939204900008)
8403,11,2023,10,1,14,3,0,7,1,0,0,0,0,0,0,0,8.809870502000024,53.07438030600008,Mitte,Altstadt,POINT (8.809870502000024 53.07438030600008)
8404,11,2023,9,7,19,2,0,7,1,0,0,0,0,0,1,1,8.799065701000075,53.102691211000035,Walle,Osterfeuerberg,POINT (8.799065701000075 53.102691211000035)
8405,11,2023,9,6,22,3,0,1,1,0,0,0,0,0,2,0,8.739214311000069,53.04830482800003,Huchting,Kirchhuchting,POINT (8.739214311000069 53.04830482800003)
8406,11,2023,9,6,13,3,5,3,1,1,0,0,0,0,0,0,8.789115356000025,53.074727721000045,Neustadt,Alte Neustadt,POINT (8.789115356000025 53.074727721000045)
8407,11,2023,9,6,15,3,4,6,1,0,0,0,0,0,0,0,8.89573583400005,53.11118603500006,Horn-Lehe,Lehesterdeich,POINT (8.89573583400005 53.11118603500006)
8408,11,2023,9,6,20,2,5,2,1,0,0,0,0,1,2,1,8.84777168100004,53.05054085200004,Obervieland,Habenhausen,POINT (8.84777168100004 53.05054085200004)
8409,11,2023,9,5,20,3,4,6,1,1,0,0,0,0,2,0,8.814281032000054,53.075647393000054,Mitte,Ostertor,POINT (8.814281032000054 53.075647393000054)
8410,11,2023,9,5,14,3,0,7,1,0,1,0,0,0,0,0,8.776677735000021,53.09725244800006,Walle,Steffensweg,POINT (8.776677735000021 53.09725244800006)
8411,11,2023,9,5,12,2,5,3,1,1,0,0,0,0,0,0,8.932533540000065,53.06977614900006,Osterholz,Blockdiek,POINT (8.932533540000065 53.06977614900006)
8412,11,2023,9,5,10,3,5,3,1,1,0,0,0,0,0,0,8.900965376000045,53.08951495400004,Horn-Lehe,Horn,POINT (8.900965376000045 53.08951495400004)
8413,11,2023,9,5,18,3,5,3,1,0,1,0,0,0,0,0,8.880150899000057,53.102623797000035,Horn-Lehe,Lehe,POINT (8.880150899000057 53.102623797000035)
8414,11,2023,9,5,15,2,5,2,1,1,0,0,0,0,0,0,8.875118051000072,53.08242617900004,Schwachhausen,Radio Bremen,POINT (8.875118051000072 53.08242617900004)
8415,11,2023,9,5,17,2,5,3,1,0,0,0,0,1,0,0,8.856753386000037,53.08893055600004,Schwachhausen,Riensberg,POINT (8.856753386000037 53.08893055600004)
8416,11,2023,9,4,15,3,5,3,1,1,0,0,0,0,0,0,8.877152790000025,53.10793808400007,Horn-Lehe,Lehesterdeich,POINT (8.877152790000025 53.10793808400007)
8417,11,2023,9,3,19,3,5,2,1,1,0,0,0,0,1,0,8.87894376600002,53.07892452300007,Vahr,Neue Vahr Südwest,POINT (8.87894376600002 53.07892452300007)
8418,11,2023,9,3,16,3,6,4,1,0,1,0,0,0,0,0,8.802271265000059,53.063639092000074,Neustadt,Buntentor,POINT (8.802271265000059 53.063639092000074)
8419,11,2023,9,3,9,3,0,7,1,0,0,0,0,0,0,0,8.823131818000036,53.08303979200008,Schwachhausen,Barkhof,POINT (8.823131818000036 53.08303979200008)
8420,11,2023,9,3,11,3,2,6,1,1,0,0,0,0,0,0,8.815971888000036,53.09631955100008,Findorff,Weidedamm,POINT (8.815971888000036 53.09631955100008)
8421,11,2023,9,3,7,2,5,2,1,1,0,0,0,0,0,0,8.954538680000041,53.057641465000074,Osterholz,Osterholz,POINT (8.954538680000041 53.057641465000074)
8422,11,2023,9,3,7,3,5,3,1,0,0,0,0,1,0,0,8.787606295000046,53.06999263400007,Neustadt,Hohentor,POINT (8.787606295000046 53.06999263400007)
8423,11,2023,9,3,10,3,5,2,1,1,0,0,0,0,0,0,8.840773295000076,53.104757419000066,Schwachhausen,Neu-Schwachhausen,POINT (8.840773295000076 53.104757419000066)
8424,12,2023,10,5,5,3,5,3,1,0,0,0,0,1,2,1,8.592677812000034,53.51558781400007,Wulsdorf,Geestemünde-Süd,POINT (8.592677812000034 53.51558781400007)
8425,12,2023,9,2,19,3,0,1,1,0,0,0,0,0,2,0,8.609682081000074,53.50773953800007,Wulsdorf,Geestemünde-Süd,POINT (8.609682081000074 53.50773953800007)
8426,11,2023,9,2,18,3,5,3,1,1,0,0,0,0,0,0,8.75234213400006,53.11310262000006,Gröpelingen,Lindenhof,POINT (8.75234213400006 53.11310262000006)
8427,11,2023,9,2,7,3,5,2,1,1,0,0,0,0,0,0,8.936365528000067,53.07376826500007,Osterholz,Ellenerbrok-Schevemoor,POINT (8.936365528000067 53.07376826500007)
8428,11,2023,9,2,11,2,5,2,1,0,0,0,1,0,0,0,8.960794419000024,53.04925986900008,Osterholz,Osterholz,POINT (8.960794419000024 53.04925986900008)
8429,12,2023,9,1,17,3,0,1,1,0,0,0,0,0,0,0,8.609190170000034,53.58681168600003,Leherheide,Fehmoor,POINT (8.609190170000034 53.58681168600003)
8430,11,2023,9,7,23,3,4,6,1,0,0,0,0,0,2,0,8.853268683000067,53.063409206000074,Hemelingen,Hastedt,POINT (8.853268683000067 53.063409206000074)
8431,11,2023,9,6,13,3,5,3,1,1,0,0,0,0,0,0,8.914310767000075,53.06530486400004,Hemelingen,Sebaldsbrück,POINT (8.914310767000075 53.06530486400004)
8432,11,2023,9,6,14,3,1,5,1,1,0,0,0,0,0,0,8.819224693000024,53.07254604900004,Mitte,Ostertor,POINT (8.819224693000024 53.07254604900004)
8433,11,2023,9,6,18,3,5,3,1,0,0,0,0,1,0,0,8.95139580700004,53.089618259000076,unbekannt,unbekannt,POINT (8.95139580700004 53.089618259000076)
8434,12,2023,9,5,13,3,4,6,1,1,0,0,0,0,0,0,8.591214046000061,53.53291634200008,Geestemünde,Buschkämpen,POINT (8.591214046000061 53.53291634200008)
8435,11,2023,11,5,16,3,5,3,1,1,0,0,0,0,0,0,8.833960267000066,53.08425198200007,Schwachhausen,Schwachhausen,POINT (8.833960267000066 53.08425198200007)
8436,11,2023,9,5,17,3,6,3,1,0,1,0,0,0,0,0,8.804467448000025,53.07762924700006,Mitte,Altstadt,POINT (8.804467448000025 53.07762924700006)
8437,11,2023,9,5,19,3,3,2,1,1,0,0,0,0,1,0,8.800551283000061,53.064835748000064,Neustadt,Buntentor,POINT (8.800551283000061 53.064835748000064)
8438,11,2023,9,5,9,3,5,2,1,1,0,0,0,0,0,0,8.853526915000032,53.06485458800006,Hemelingen,Hastedt,POINT (8.853526915000032 53.06485458800006)
8439,11,2023,9,5,15,3,6,4,1,0,1,0,0,0,0,0,8.936054532000071,53.08250017200004,unbekannt,unbekannt,POINT (8.936054532000071 53.08250017200004)
8440,11,2023,9,5,7,3,5,3,1,0,0,0,0,1,0,0,8.817672556000048,53.05528709500004,Neustadt,Huckelriede,POINT (8.817672556000048 53.05528709500004)
8441,12,2023,9,4,15,3,5,2,1,0,0,1,0,0,0,0,8.574492441000075,53.550867408000045,Mitte,Weddewarden,POINT (8.574492441000075 53.550867408000045)
8442,11,2023,9,4,10,3,4,6,1,0,0,0,0,0,0,0,8.848130337000043,53.10570788800004,Horn-Lehe,Lehe,POINT (8.848130337000043 53.10570788800004)
8443,11,2023,9,4,17,2,3,6,1,0,0,0,0,0,0,0,8.836044239000046,53.06219448300004,Obervieland,Habenhausen,POINT (8.836044239000046 53.06219448300004)
8444,11,2023,9,4,9,3,5,2,1,0,0,0,1,0,0,0,8.78498612200002,53.10222007600004,Walle,Walle,POINT (8.78498612200002 53.10222007600004)
8445,12,2023,9,3,17,3,5,3,1,1,0,0,0,0,0,0,8.589957178000077,53.52690342600005,Geestemünde,Buschkämpen,POINT (8.589957178000077 53.52690342600005)
8446,11,2023,9,3,13,3,5,3,1,0,0,0,0,0,0,0,8.838076769000054,53.08516227900003,Schwachhausen,Schwachhausen,POINT (8.838076769000054 53.08516227900003)
8447,11,2023,9,5,11,3,5,3,1,1,0,0,0,0,0,0,8.88598974200005,53.08603709100004,Vahr,Neue Vahr Nord,POINT (8.88598974200005 53.08603709100004)
8448,11,2023,9,3,21,3,3,6,1,0,0,0,0,0,2,0,8.831050877000052,53.09124092900004,Schwachhausen,Bürgerpark,POINT (8.831050877000052 53.09124092900004)
8449,11,2023,9,2,12,3,6,7,1,1,1,0,0,0,0,0,8.837481112000034,53.07719025100005,Östliche Vorstadt,Fesenfeld,POINT (8.837481112000034 53.07719025100005)
8450,11,2023,9,2,17,3,1,1,1,0,0,0,0,0,0,0,8.808247387000051,53.09464916700006,Findorff,Weidedamm,POINT (8.808247387000051 53.09464916700006)
8451,11,2023,9,2,19,3,0,7,1,0,0,0,0,0,0,0,8.927127318000032,53.09005296600003,unbekannt,unbekannt,POINT (8.927127318000032 53.09005296600003)
8452,11,2023,9,2,12,3,6,7,1,1,1,0,0,1,0,0,8.837506700000063,53.07725385200007,Östliche Vorstadt,Fesenfeld,POINT (8.837506700000063 53.07725385200007)
8453,11,2023,9,2,9,3,0,1,1,0,0,0,0,0,0,1,8.802942119000022,53.09256400700008,Findorff,Findorff-Bürgerweide,POINT (8.802942119000022 53.09256400700008)
8454,11,2023,9,7,13,3,0,7,1,0,0,0,0,0,0,0,8.820731429000034,53.072702840000034,Mitte,Ostertor,POINT (8.820731429000034 53.072702840000034)
8455,11,2023,9,7,15,3,0,1,1,0,0,0,0,0,0,0,8.840794907000031,53.067385813000044,Östliche Vorstadt,Peterswerder,POINT (8.840794907000031 53.067385813000044)
8456,11,2023,9,7,17,3,5,3,1,1,0,0,0,0,0,0,8.943600888000049,53.03801058300007,Hemelingen,Mahndorf,POINT (8.943600888000049 53.03801058300007)
8457,11,2023,9,6,20,3,4,3,1,1,0,0,0,0,2,0,8.686081095000077,53.17107742300004,Burglesum,Lesum,POINT (8.686081095000077 53.17107742300004)
8458,11,2023,9,6,15,3,2,6,1,0,0,0,0,0,0,0,8.835229395000056,53.10786660600007,Horn-Lehe,Lehe,POINT (8.835229395000056 53.10786660600007)
8459,12,2023,9,5,17,3,5,3,1,1,0,0,0,0,0,0,8.577002891000063,53.54698132600004,Mitte,Weddewarden,POINT (8.577002891000063 53.54698132600004)
8460,12,2023,9,5,17,3,1,5,1,1,0,0,0,0,0,0,8.585581171000058,53.55792064100007,Lehe,Königsheide,POINT (8.585581171000058 53.55792064100007)
8461,11,2023,9,5,16,3,5,2,1,0,0,0,0,0,0,0,8.797145356000044,53.08340165900006,Mitte,Bahnhofsvorstadt,POINT (8.797145356000044 53.08340165900006)
8462,11,2023,9,5,8,3,2,6,1,0,0,0,0,0,0,0,8.803564746000063,53.08009121100008,Mitte,Altstadt,POINT (8.803564746000063 53.08009121100008)
8463,11,2023,9,5,17,3,3,3,1,1,0,0,0,0,0,0,8.615444220000029,53.19447611100003,Vegesack,Aumund-Hammersbeck,POINT (8.615444220000029 53.19447611100003)
8464,11,2023,9,5,21,2,0,7,1,0,1,0,0,0,2,0,8.817250053000066,53.08076846200004,Mitte,Bahnhofsvorstadt,POINT (8.817250053000066 53.08076846200004)
8465,11,2023,9,5,8,3,2,6,1,1,0,0,0,0,0,0,8.804198428000063,53.09874418000004,Findorff,Regensburger Str.,POINT (8.804198428000063 53.09874418000004)
8466,11,2023,10,2,18,3,0,1,1,1,0,0,0,0,1,1,8.557079500000043,53.18935984400008,Blumenthal,Blumenthal,POINT (8.557079500000043 53.18935984400008)
8467,12,2023,9,4,16,3,5,3,1,0,0,0,0,1,0,0,8.58042477600003,53.55881490500008,Lehe,Königsheide,POINT (8.58042477600003 53.55881490500008)
8468,11,2023,9,4,13,3,3,2,1,1,0,0,0,1,0,1,8.892221238000047,53.060576043000026,Hemelingen,Sebaldsbrück,POINT (8.892221238000047 53.060576043000026)
8469,11,2023,9,4,15,3,5,2,1,1,0,0,0,0,0,0,8.832807470000034,53.07746481500004,Östliche Vorstadt,Fesenfeld,POINT (8.832807470000034 53.07746481500004)
8470,11,2023,9,4,12,3,5,3,1,1,0,0,0,0,0,0,8.784313780000048,53.08338773400004,Walle,Überseestadt,POINT (8.784313780000048 53.08338773400004)
8471,12,2023,9,3,19,3,5,3,1,1,0,0,0,0,0,0,8.592795787000057,53.55847462000003,Lehe,Königsheide,POINT (8.592795787000057 53.55847462000003)
8472,11,2023,9,3,17,3,5,2,1,1,0,0,0,0,0,0,8.859559371000046,53.072195203000035,Hemelingen,Hastedt,POINT (8.859559371000046 53.072195203000035)
8473,11,2023,9,3,13,3,2,6,1,0,0,0,0,0,0,0,8.787343437000061,53.072075753000036,Neustadt,Hohentor,POINT (8.787343437000061 53.072075753000036)
8474,11,2023,9,2,15,3,4,2,1,1,0,0,0,0,0,0,8.819736954000064,53.053705465000064,Neustadt,Huckelriede,POINT (8.819736954000064 53.053705465000064)
8475,11,2023,9,2,15,3,8,1,1,0,0,0,1,0,0,0,8.900997395000047,53.115468727000064,Horn-Lehe,Lehesterdeich,POINT (8.900997395000047 53.115468727000064)
8476,11,2023,9,2,13,3,5,3,1,1,0,0,0,0,0,0,8.96052867700007,53.04861369000008,Osterholz,Osterholz,POINT (8.96052867700007 53.04861369000008)
8477,11,2023,9,2,1,3,5,3,1,1,0,0,0,0,2,0,8.923407565000048,53.05944998600006,Osterholz,Ellener Feld,POINT (8.923407565000048 53.05944998600006)
8478,11,2023,9,2,14,3,5,2,1,0,0,0,0,0,0,0,8.799434101000031,53.078527836000035,Mitte,Altstadt,POINT (8.799434101000031 53.078527836000035)
8479,11,2023,9,1,13,3,4,6,1,0,0,0,0,1,0,0,8.736782147000042,53.045525473000055,Huchting,Kirchhuchting,POINT (8.736782147000042 53.045525473000055)
8480,11,2023,9,7,18,3,5,2,1,1,0,0,0,0,0,0,8.785519400000055,53.074846351000076,Neustadt,Hohentor,POINT (8.785519400000055 53.074846351000076)
8481,11,2023,9,7,17,2,0,7,1,0,0,0,0,0,0,0,8.66845330700005,53.17494297600007,Burglesum,St.Magnus,POINT (8.66845330700005 53.17494297600007)
8482,11,2023,9,7,13,3,5,2,1,1,0,0,0,0,0,0,8.854291186000069,53.08239053900007,Vahr,Gartenstadt Vahr,POINT (8.854291186000069 53.08239053900007)
8483,11,2023,9,6,17,3,5,3,1,1,0,0,0,0,0,0,8.79499491100006,53.08462420600006,Mitte,Bahnhofsvorstadt,POINT (8.79499491100006 53.08462420600006)
8484,11,2023,9,6,9,3,5,3,1,1,0,0,0,0,0,0,8.87897683400007,53.07894173200003,Vahr,Neue Vahr Südwest,POINT (8.87897683400007 53.07894173200003)
8485,11,2023,9,6,17,3,4,2,1,1,0,0,0,0,0,0,8.582391720000032,53.18039600600008,Blumenthal,Blumenthal,POINT (8.582391720000032 53.18039600600008)
8486,11,2023,9,6,16,3,5,3,1,1,0,0,0,0,0,0,8.82884871500005,53.041769473000045,Obervieland,Kattenturm,POINT (8.82884871500005 53.041769473000045)
8487,11,2023,9,6,15,3,5,3,1,1,0,0,0,0,0,0,8.696350427000027,53.16860964300008,Burglesum,Lesum,POINT (8.696350427000027 53.16860964300008)
8488,11,2023,9,6,13,3,2,6,1,0,0,0,0,0,0,0,8.877905440000063,53.070776282000054,Vahr,Gartenstadt Vahr,POINT (8.877905440000063 53.070776282000054)
8489,11,2023,9,5,15,3,1,5,1,1,0,0,0,0,0,0,8.79708738100004,53.09468708900005,Findorff,Regensburger Str.,POINT (8.79708738100004 53.09468708900005)
8490,11,2023,9,5,18,3,5,3,1,1,0,0,0,0,0,0,8.934158632000049,53.06945429500007,Osterholz,Ellenerbrok-Schevemoor,POINT (8.934158632000049 53.06945429500007)
8491,11,2023,9,5,21,3,7,7,1,0,0,0,0,1,2,0,8.863453278000065,53.09161635100003,Schwachhausen,Riensberg,POINT (8.863453278000065 53.09161635100003)
8492,11,2023,9,5,13,3,2,6,1,0,0,0,0,0,0,0,8.878542246000052,53.07897156000007,Vahr,Gartenstadt Vahr,POINT (8.878542246000052 53.07897156000007)
8493,11,2023,9,5,8,3,5,2,1,1,0,0,0,0,0,0,8.635158182000055,53.167014237000046,Vegesack,Grohn,POINT (8.635158182000055 53.167014237000046)
8494,11,2023,9,5,8,2,5,6,1,1,0,0,0,0,0,0,8.886434321000024,53.08605242100003,Vahr,Neue Vahr Nord,POINT (8.886434321000024 53.08605242100003)
8495,11,2023,9,4,15,3,5,2,1,1,0,0,0,0,0,0,8.85687432800006,53.07346541000004,Östliche Vorstadt,Hulsberg,POINT (8.85687432800006 53.07346541000004)
8496,11,2023,9,4,10,3,4,2,1,1,0,0,0,0,0,0,8.812928287000034,53.10187306300003,Findorff,Weidedamm,POINT (8.812928287000034 53.10187306300003)
8497,11,2023,9,4,9,1,5,2,1,1,0,0,0,0,0,0,8.879834618000075,53.11259359400003,Horn-Lehe,Lehesterdeich,POINT (8.879834618000075 53.11259359400003)
8498,11,2023,9,4,7,3,5,3,1,1,0,0,0,0,0,0,8.84471611300006,53.03374595500003,Obervieland,Arsten,POINT (8.84471611300006 53.03374595500003)
8499,11,2023,9,4,17,3,1,5,1,1,0,0,0,0,0,0,8.795295355000064,53.06548849100005,Neustadt,Südervorstadt,POINT (8.795295355000064 53.06548849100005)
8500,11,2023,9,4,8,3,5,2,1,1,0,0,0,0,0,0,8.58483097900006,53.181285744000036,Blumenthal,Blumenthal,POINT (8.58483097900006 53.181285744000036)
8501,12,2023,9,3,18,3,5,3,1,1,0,0,0,0,0,0,8.630303183000024,53.59611451600006,Leherheide,Fehmoor,POINT (8.630303183000024 53.59611451600006)
8502,11,2023,9,3,17,3,5,3,1,1,0,0,0,0,0,0,8.71948393100007,53.17378991900006,Burglesum,Burgdamm,POINT (8.71948393100007 53.17378991900006)
8503,11,2023,9,3,8,3,5,3,1,1,0,0,0,0,0,0,8.807556499000043,53.08251120400007,Mitte,Bahnhofsvorstadt,POINT (8.807556499000043 53.08251120400007)
8504,11,2023,9,3,15,3,3,7,1,0,0,0,0,0,0,0,8.80393480500004,53.07228505200004,Neustadt,Alte Neustadt,POINT (8.80393480500004 53.07228505200004)
8505,11,2023,9,3,7,3,3,6,1,0,0,0,0,0,0,0,8.796219077000046,53.08400724300003,Mitte,Bahnhofsvorstadt,POINT (8.796219077000046 53.08400724300003)
8506,11,2023,9,3,13,3,5,3,1,1,0,0,0,0,0,0,8.78846679000003,53.07342684000008,Neustadt,Hohentor,POINT (8.78846679000003 53.07342684000008)
8507,11,2023,9,3,8,3,1,7,1,1,0,0,0,0,0,0,8.876313862000075,53.080970027000035,Vahr,Gartenstadt Vahr,POINT (8.876313862000075 53.080970027000035)
8508,11,2023,9,3,8,3,3,6,1,1,0,0,0,0,0,0,8.923529545000065,53.092967515000055,unbekannt,unbekannt,POINT (8.923529545000065 53.092967515000055)
8509,11,2023,9,2,16,2,5,3,1,0,0,0,0,0,0,0,8.797974656000065,53.09060056000004,Walle,Utbremen,POINT (8.797974656000065 53.09060056000004)
8510,11,2023,9,2,16,3,3,2,1,1,0,0,0,0,0,0,8.808258616000046,53.09464081600004,Findorff,Weidedamm,POINT (8.808258616000046 53.09464081600004)
8511,11,2023,9,2,18,3,5,2,1,1,0,0,0,0,1,0,8.819433998000022,53.04842065200006,Neustadt,Huckelriede,POINT (8.819433998000022 53.04842065200006)
8512,11,2023,9,1,12,2,9,1,1,0,0,0,0,0,0,0,8.646406118000073,53.161838154000066,Vegesack,Grohn,POINT (8.646406118000073 53.161838154000066)
8513,11,2023,9,6,13,3,5,3,1,1,0,0,0,0,0,0,8.852807905000077,53.06890309500005,Östliche Vorstadt,Peterswerder,POINT (8.852807905000077 53.06890309500005)
8514,11,2023,9,6,17,3,4,6,1,0,0,0,0,0,0,0,8.800550931000032,53.07878727800005,Mitte,Altstadt,POINT (8.800550931000032 53.07878727800005)
8515,11,2023,9,6,8,3,5,2,1,1,0,0,0,0,0,0,8.612386245000039,53.175063986000055,Vegesack,Vegesack,POINT (8.612386245000039 53.175063986000055)
8516,12,2023,8,5,17,3,5,2,1,1,0,0,0,0,0,0,8.593715126000063,53.54673358100007,Geestemünde,Buschkämpen,POINT (8.593715126000063 53.54673358100007)
8517,11,2023,8,5,20,3,5,3,1,1,0,0,0,0,0,0,8.567451515000073,53.194346745000075,Blumenthal,Blumenthal,POINT (8.567451515000073 53.194346745000075)
8518,11,2023,8,5,10,3,5,2,1,0,0,0,0,1,0,0,8.782501265000064,53.066984812000044,Neustadt,Neustadt,POINT (8.782501265000064 53.066984812000044)
8519,11,2023,8,4,14,3,5,2,1,1,0,0,0,0,0,0,8.751977733000047,53.122063670000045,Gröpelingen,Ohlenhof,POINT (8.751977733000047 53.122063670000045)
8520,11,2023,8,4,22,3,5,3,1,1,0,0,0,0,2,0,8.728652067000041,53.03887377900003,Huchting,Kirchhuchting,POINT (8.728652067000041 53.03887377900003)
8521,12,2023,8,3,19,3,5,2,1,1,0,0,0,0,0,0,8.585030428000039,53.54051366900006,Mitte,Weddewarden,POINT (8.585030428000039 53.54051366900006)
8522,11,2023,8,3,7,3,5,3,1,0,0,0,0,0,0,0,8.81098272500003,53.07170266300005,Mitte,Altstadt,POINT (8.81098272500003 53.07170266300005)
8523,11,2023,8,3,13,2,3,7,1,0,0,0,0,0,0,0,8.894545911000023,53.09839330900007,Horn-Lehe,Lehesterdeich,POINT (8.894545911000023 53.09839330900007)
8524,12,2023,8,2,13,3,5,3,1,1,0,0,0,0,0,0,8.604795695000064,53.52514880400008,Geestemünde,Buschkämpen,POINT (8.604795695000064 53.52514880400008)
8525,12,2023,8,2,10,2,5,3,1,1,0,0,0,0,0,0,8.574776703000055,53.56054750700008,Lehe,Königsheide,POINT (8.574776703000055 53.56054750700008)
8526,12,2023,8,2,13,2,0,1,1,0,0,0,0,0,0,0,8.589667324000061,53.57258621700004,Lehe,Königsheide,POINT (8.589667324000061 53.57258621700004)
8527,11,2023,8,2,9,2,5,2,1,1,0,0,0,0,0,0,8.81237866500004,53.080956066000056,Mitte,Bahnhofsvorstadt,POINT (8.81237866500004 53.080956066000056)
8528,11,2023,8,2,14,3,5,3,1,0,0,0,0,1,0,0,8.872358645000077,53.06303825300006,Hemelingen,Hastedt,POINT (8.872358645000077 53.06303825300006)
8529,11,2023,8,2,15,3,3,6,1,1,0,0,0,0,0,0,8.936203865000039,53.13583720400004,unbekannt,Borgfeld,POINT (8.936203865000039 53.13583720400004)
8530,11,2023,8,2,8,3,3,2,1,1,0,0,0,0,0,0,8.619011503000024,53.18012322700008,Vegesack,Fähr-Lobbendorf,POINT (8.619011503000024 53.18012322700008)
8531,11,2023,8,2,2,3,0,7,1,0,0,0,0,0,2,0,8.780115025000043,53.09637480200007,Walle,Steffensweg,POINT (8.780115025000043 53.09637480200007)
8532,11,2023,8,1,10,3,4,6,1,0,0,0,0,0,0,0,8.807631732000061,53.08770982400006,Findorff,Findorff-Bürgerweide,POINT (8.807631732000061 53.08770982400006)
8533,11,2023,8,1,20,3,0,7,1,0,0,0,0,0,2,0,8.852232823000065,53.05680282800006,Obervieland,Habenhausen,POINT (8.852232823000065 53.05680282800006)
8534,11,2023,8,1,18,2,0,1,1,0,0,0,0,0,0,0,8.827182853000068,53.073003364000044,Östliche Vorstadt,Steintor,POINT (8.827182853000068 53.073003364000044)
8535,12,2023,8,7,19,3,5,3,1,0,0,0,0,1,1,1,8.599961568000026,53.51224756700003,Wulsdorf,Geestemünde-Süd,POINT (8.599961568000026 53.51224756700003)
8536,11,2023,8,6,18,2,3,6,1,1,0,0,0,0,0,1,8.585519522000027,53.177199657000074,Blumenthal,Blumenthal,POINT (8.585519522000027 53.177199657000074)
8537,11,2023,9,6,18,3,4,2,1,1,0,0,0,0,0,1,8.818113174000075,53.04677495900006,Obervieland,Kattenturm,POINT (8.818113174000075 53.04677495900006)
8538,11,2023,8,5,17,3,3,6,1,1,0,0,0,0,0,0,8.689577211000028,53.16938478600008,Burglesum,Lesum,POINT (8.689577211000028 53.16938478600008)
8539,11,2023,8,4,22,3,0,2,1,1,0,0,0,0,2,0,8.830726746000039,53.07148017500003,Östliche Vorstadt,Steintor,POINT (8.830726746000039 53.07148017500003)
8540,11,2023,8,4,13,3,1,5,1,1,0,0,0,0,0,0,8.84799177800005,53.09353824300007,Schwachhausen,Neu-Schwachhausen,POINT (8.84799177800005 53.09353824300007)
8541,11,2023,8,4,16,3,3,6,1,0,0,0,0,0,0,0,8.801221067000029,53.07169897000006,Neustadt,Alte Neustadt,POINT (8.801221067000029 53.07169897000006)
8542,11,2023,8,4,18,3,6,4,1,0,1,0,0,0,0,0,8.800554169000065,53.07855062300007,Mitte,Altstadt,POINT (8.800554169000065 53.07855062300007)
8543,11,2023,8,4,15,3,5,2,1,0,0,0,1,0,0,0,8.831340265000051,53.08126391800005,Schwachhausen,Schwachhausen,POINT (8.831340265000051 53.08126391800005)
8544,11,2023,8,4,14,3,5,3,1,0,0,0,0,1,0,0,8.632063463000065,53.19177212800008,Vegesack,Aumund-Hammersbeck,POINT (8.632063463000065 53.19177212800008)
8545,11,2023,8,4,18,2,5,3,1,1,0,0,0,0,0,0,8.864385445000039,53.071147548000056,Hemelingen,Hastedt,POINT (8.864385445000039 53.071147548000056)
8546,12,2023,8,3,15,3,5,3,1,1,0,0,0,0,0,0,8.594888859000037,53.54488502800007,Geestemünde,Buschkämpen,POINT (8.594888859000037 53.54488502800007)
8547,11,2023,8,3,13,3,5,2,1,1,0,0,0,0,0,0,8.863808083000038,53.06868393900004,Hemelingen,Hastedt,POINT (8.863808083000038 53.06868393900004)
8548,11,2023,8,3,15,3,1,5,1,1,0,0,0,0,0,0,8.687344350000046,53.17893957300004,Burglesum,Lesum,POINT (8.687344350000046 53.17893957300004)