,UKREIS,UJAHR,UMONAT,UWOCHENTAG,USTUNDE,UKATEGORIE,UART,UTYP1,IstRad,IstPKW,IstFuss,IstKrad,IstGkfz,IstSonstig,ULICHTVERH,STRZUSTAND,longitude,latitude,Stadtteil,Ortsteil,geometry
8862,11,2023,5,6,15,3,5,3,1,1,0,0,0,0,0,0,8.734414083000047,53.045207291000054,Huchting,Kirchhuchting,POINT (8.734414083000047 53.045207291000054)
8863,11,2023,5,6,17,3,5,3,1,1,0,0,0,0,0,0,8.77764251800005,53.10658994800008,Walle,Walle,POINT (8.77764251800005 53.10658994800008)
8864,11,2023,5,6,13,3,5,3,1,1,0,0,0,0,0,0,8.783090420000065,53.08719029900004,Walle,Überseestadt,POINT (8.783090420000065 53.08719029900004)
8865,11,2023,5,6,17,3,6,7,1,0,1,0,0,0,0,0,8.804878897000037,53.07293036300007,Mitte,Altstadt,POINT (8.804878897000037 53.07293036300007)
8866,12,2023,5,5,15,3,5,3,1,1,0,0,0,0,0,0,8.601826155000026,53.59157292900005,Leherheide,Fehmoor,POINT (8.601826155000026 53.59157292900005)
8867,11,2023,5,5,13,3,5,3,1,1,0,0,0,0,0,0,8.791171459000054,53.07232536600003,Neustadt,Alte Neustadt,POINT (8.791171459000054 53.07232536600003)
8868,11,2023,8,4,16,3,1,7,1,1,0,0,0,0,0,1,8.755297412000061,53.06421327900006,Huchting,Grolland,POINT (8.755297412000061 53.06421327900006)
8869,11,2023,5,5,20,3,0,7,1,0,0,0,0,1,0,0,8.786713396000039,53.10044725800003,Walle,Walle,POINT (8.786713396000039 53.10044725800003)
8870,11,2023,5,5,12,3,3,6,1,0,0,0,0,0,0,0,8.81769642300003,53.08367739400006,Schwachhausen,Barkhof,POINT (8.81769642300003 53.08367739400006)
8871,11,2023,5,5,11,3,5,3,1,1,0,0,0,0,0,0,8.619087231000037,53.18012014000004,Vegesack,Vegesack,POINT (8.619087231000037 53.18012014000004)
8872,11,2023,12,7,19,3,5,3,1,1,0,0,0,0,2,1,8.588958173000037,53.18309792000008,Blumenthal,Blumenthal,POINT (8.588958173000037 53.18309792000008)
8873,11,2023,12,6,18,3,5,3,1,1,0,0,0,0,2,0,8.891838208000024,53.04833278600006,Hemelingen,Hemelingen,POINT (8.891838208000024 53.04833278600006)
8874,11,2023,12,5,12,2,5,2,1,1,0,0,0,0,0,0,8.852553800000067,53.07365234800005,Östliche Vorstadt,Hulsberg,POINT (8.852553800000067 53.07365234800005)
8875,11,2023,12,3,15,3,5,3,1,1,0,0,0,0,0,0,8.931689069000072,53.04159920600006,Hemelingen,Mahndorf,POINT (8.931689069000072 53.04159920600006)
8876,12,2023,12,2,10,3,0,7,1,0,0,0,0,1,0,1,8.593095710000057,53.559123241000066,Lehe,Königsheide,POINT (8.593095710000057 53.559123241000066)
8877,11,2023,12,1,17,3,3,2,1,1,0,0,0,0,2,1,8.878434088000063,53.079088701000046,Vahr,Gartenstadt Vahr,POINT (8.878434088000063 53.079088701000046)
8878,12,2023,12,6,17,3,6,4,1,0,1,0,0,0,2,1,8.586091641000053,53.56116680900004,Lehe,Königsheide,POINT (8.586091641000053 53.56116680900004)
8879,11,2023,12,5,7,3,5,2,1,1,0,0,0,0,1,1,8.949032702000068,53.06356957000003,Osterholz,Tenever,POINT (8.949032702000068 53.06356957000003)
8880,11,2023,12,5,13,3,5,2,1,1,0,0,0,0,0,1,8.819490742000028,53.027617871000075,Obervieland,Kattenesch,POINT (8.819490742000028 53.027617871000075)
8881,11,2023,12,4,10,3,5,3,1,1,0,0,0,0,0,1,8.831414292000034,53.03380174100005,Obervieland,Kattenturm,POINT (8.831414292000034 53.03380174100005)
8882,11,2023,12,4,9,3,3,6,1,0,0,0,0,0,0,1,8.869622226000047,53.07458470800003,Vahr,Gartenstadt Vahr,POINT (8.869622226000047 53.07458470800003)
8883,11,2023,12,3,15,3,0,7,1,0,1,0,0,0,0,1,8.896268186000043,53.07727427800006,Vahr,Neue Vahr Südost,POINT (8.896268186000043 53.07727427800006)
8884,11,2023,12,3,10,3,2,2,1,1,0,0,0,0,0,1,8.816244032000043,53.07251426200003,Mitte,Ostertor,POINT (8.816244032000043 53.07251426200003)
8885,11,2023,12,3,19,3,5,2,1,1,0,0,0,0,2,1,8.786205908000056,53.10302660200006,Walle,Walle,POINT (8.786205908000056 53.10302660200006)
8886,11,2023,12,3,16,2,5,3,1,1,0,0,0,0,2,1,8.935043531000076,53.08355633900004,unbekannt,unbekannt,POINT (8.935043531000076 53.08355633900004)
8887,11,2023,12,2,10,3,5,3,1,0,0,0,1,0,0,0,8.880352636000055,53.082409693000045,Vahr,Neue Vahr Südwest,POINT (8.880352636000055 53.082409693000045)
8888,11,2023,12,2,11,3,5,3,1,1,0,0,0,0,0,0,8.777871275000052,53.09510950600003,Walle,Steffensweg,POINT (8.777871275000052 53.09510950600003)
8889,12,2023,12,7,1,3,0,1,1,0,0,0,0,0,2,0,8.588609657000063,53.535851250000064,Geestemünde,Buschkämpen,POINT (8.588609657000063 53.535851250000064)
8890,11,2023,12,6,18,3,3,6,1,0,0,0,0,1,0,1,8.859453859000041,53.04721117000008,Obervieland,Habenhausen,POINT (8.859453859000041 53.04721117000008)
8891,11,2023,12,6,12,3,6,4,1,0,1,0,0,0,0,0,8.831124206000027,53.07499936800008,Östliche Vorstadt,Fesenfeld,POINT (8.831124206000027 53.07499936800008)
8892,11,2023,12,5,15,3,5,3,1,1,0,0,0,0,0,0,8.784104718000037,53.07561820500007,Woltmershausen,Woltmershausen,POINT (8.784104718000037 53.07561820500007)
8893,11,2023,12,5,7,3,0,7,1,1,0,0,0,0,2,0,8.900408537000033,53.11612286500008,Horn-Lehe,Lehesterdeich,POINT (8.900408537000033 53.11612286500008)
8894,12,2023,12,4,20,3,5,3,1,1,0,0,0,0,2,0,8.585939831000076,53.56430997700005,Lehe,Königsheide,POINT (8.585939831000076 53.56430997700005)
8895,11,2023,12,4,11,3,5,3,1,1,0,0,0,0,0,0,8.94982154400003,53.073941769000044,Osterholz,Ellenerbrok-Schevemoor,POINT (8.94982154400003 53.073941769000044)
8896,11,2023,12,4,7,3,3,6,1,0,0,0,0,1,1,0,8.822111667000058,53.08430919800003,Schwachhausen,Barkhof,POINT (8.822111667000058 53.08430919800003)
8897,11,2023,12,3,16,3,0,2,1,1,0,0,0,0,1,0,8.80099029400003,53.07130895900008,Neustadt,Alte Neustadt,POINT (8.80099029400003 53.07130895900008)
8898,11,2023,12,3,16,3,5,3,1,1,0,0,0,0,2,0,8.736235857000054,53.057804289000046,Huchting,Mittelshuchting,POINT (8.736235857000054 53.057804289000046)
8899,12,2023,12,2,6,3,5,2,1,1,0,0,0,0,2,1,8.579470141000058,53.54940453100005,Mitte,Weddewarden,POINT (8.579470141000058 53.54940453100005)
8900,11,2023,12,2,7,3,5,2,1,0,0,0,0,1,2,1,8.947142562000067,53.03682438000004,Hemelingen,Mahndorf,POINT (8.947142562000067 53.03682438000004)
8901,11,2023,12,2,7,3,5,3,1,1,0,0,0,0,0,1,8.934418796000045,53.069307767000055,Osterholz,Ellenerbrok-Schevemoor,POINT (8.934418796000045 53.069307767000055)
8902,11,2023,12,2,9,3,5,2,1,1,0,0,0,0,0,1,8.797151272000065,53.07633555900003,Neustadt,Alte Neustadt,POINT (8.797151272000065 53.07633555900003)
8903,11,2023,12,2,17,3,5,3,1,0,0,0,0,1,2,1,8.797918259000028,53.07333557700008,Neustadt,Alte Neustadt,POINT (8.797918259000028 53.07333557700008)
8904,11,2023,12,2,17,3,5,3,1,1,0,0,0,0,2,1,8.825094228000069,53.08426637200006,Schwachhausen,Bürgerpark,POINT (8.825094228000069 53.08426637200006)
8905,11,2023,12,7,14,3,6,7,1,0,1,0,0,0,0,0,8.713284907000059,53.18082939000004,Burglesum,Burgdamm,POINT (8.713284907000059 53.18082939000004)
8906,12,2023,12,6,18,3,5,3,1,1,0,0,0,0,2,1,8.59327139000004,53.55552510500007,Lehe,Königsheide,POINT (8.59327139000004 53.55552510500007)
8907,12,2023,12,6,6,3,0,1,1,0,0,0,0,0,2,2,8.597171590000073,53.57514966000008,Lehe,Königsheide,POINT (8.597171590000073 53.57514966000008)
8908,11,2023,12,6,19,3,0,7,1,0,0,0,0,0,2,0,8.841136154000026,53.072560630000055,Östliche Vorstadt,Peterswerder,POINT (8.841136154000026 53.072560630000055)
8909,12,2023,12,5,12,2,0,1,1,0,0,0,0,0,0,2,8.598022031000028,53.57076676600008,Lehe,Königsheide,POINT (8.598022031000028 53.57076676600008)
8910,11,2023,12,4,19,3,5,3,1,0,0,0,0,0,2,1,8.818318548000036,53.07994123200007,Mitte,Ostertor,POINT (8.818318548000036 53.07994123200007)
8911,11,2023,12,4,14,3,1,5,1,0,0,0,0,1,0,2,8.812218632000054,53.09777603400005,Findorff,Weidedamm,POINT (8.812218632000054 53.09777603400005)
8912,11,2023,12,3,13,3,5,3,1,1,0,0,0,0,0,2,8.940500746000055,53.077533946000074,unbekannt,unbekannt,POINT (8.940500746000055 53.077533946000074)
8913,11,2023,12,6,6,2,0,7,1,0,0,0,0,0,2,0,8.782988905000025,53.08810938400006,Walle,Überseestadt,POINT (8.782988905000025 53.08810938400006)
8914,11,2023,11,5,11,3,5,3,1,1,0,0,0,0,0,0,8.76336550700006,53.11662307300003,Gröpelingen,Gröpelingen,POINT (8.76336550700006 53.11662307300003)
8915,11,2023,11,5,11,3,6,4,1,0,1,0,0,0,0,2,8.824210935000053,53.079201915000056,Mitte,Ostertor,POINT (8.824210935000053 53.079201915000056)
8916,11,2023,11,4,16,3,5,3,1,1,0,0,0,0,2,0,8.815181059000054,53.081226134000076,Mitte,Bahnhofsvorstadt,POINT (8.815181059000054 53.081226134000076)
8917,11,2023,11,3,8,3,5,3,1,0,0,0,0,0,0,0,8.622873222000067,53.16882413900004,Vegesack,Vegesack,POINT (8.622873222000067 53.16882413900004)
8918,11,2023,11,3,12,3,5,3,1,1,0,0,0,0,0,0,8.818758536000075,53.082559512000046,Schwachhausen,Barkhof,POINT (8.818758536000075 53.082559512000046)
8919,11,2023,11,3,13,3,5,2,1,1,0,0,0,0,0,2,8.865251421000039,53.071639083000036,Hemelingen,Hastedt,POINT (8.865251421000039 53.071639083000036)
8920,11,2023,11,2,18,3,5,3,1,1,0,0,0,0,2,1,8.824923416000047,53.08456631900003,Schwachhausen,Bürgerpark,POINT (8.824923416000047 53.08456631900003)
8921,12,2023,11,6,22,3,5,3,1,1,0,0,0,0,2,0,8.595140032000074,53.57205669700005,Lehe,Königsheide,POINT (8.595140032000074 53.57205669700005)
8922,12,2023,11,6,8,2,5,3,1,1,0,0,0,0,0,1,8.610370338000052,53.52981841600007,Geestemünde,Buschkämpen,POINT (8.610370338000052 53.52981841600007)
8923,11,2023,11,6,11,3,5,3,1,1,0,0,0,0,0,0,8.731019897000067,53.040883475000044,Huchting,Kirchhuchting,POINT (8.731019897000067 53.040883475000044)
8924,11,2023,11,6,12,2,5,3,1,0,0,0,0,1,0,1,8.665400722000072,53.16429915600003,Burglesum,St.Magnus,POINT (8.665400722000072 53.16429915600003)
8925,11,2023,11,6,17,3,5,3,1,1,0,0,0,0,2,1,8.83149749200004,53.08597192000008,Schwachhausen,Bürgerpark,POINT (8.83149749200004 53.08597192000008)
8926,11,2023,11,6,16,3,5,3,1,1,0,0,0,0,2,1,8.801990397000054,53.07936290300006,Mitte,Altstadt,POINT (8.801990397000054 53.07936290300006)
8927,11,2023,11,6,12,3,5,3,1,1,0,0,0,0,0,1,8.824479922000023,53.08430703500005,Schwachhausen,Barkhof,POINT (8.824479922000023 53.08430703500005)
8928,11,2023,11,6,14,2,0,7,1,0,0,0,0,0,0,1,8.962503684000069,53.05877082500007,Osterholz,Tenever,POINT (8.962503684000069 53.05877082500007)
8929,11,2023,11,6,17,3,5,2,1,0,0,0,0,1,2,1,8.788864988000057,53.06327890000006,Neustadt,Südervorstadt,POINT (8.788864988000057 53.06327890000006)
8930,12,2023,11,5,6,3,5,3,1,1,0,0,0,0,2,1,8.599652276000029,53.56703400100008,Lehe,Königsheide,POINT (8.599652276000029 53.56703400100008)
8931,11,2023,11,5,12,3,6,4,1,0,1,0,0,0,0,0,8.803245071000049,53.08016047400008,Mitte,Altstadt,POINT (8.803245071000049 53.08016047400008)
8932,11,2023,11,5,18,3,5,3,1,1,0,0,0,0,2,1,8.800484192000056,53.07874789600004,Mitte,Altstadt,POINT (8.800484192000056 53.07874789600004)
8933,11,2023,11,5,13,3,5,3,1,1,0,0,0,0,0,1,8.84001076900006,53.10368969600006,Schwachhausen,Neu-Schwachhausen,POINT (8.84001076900006 53.10368969600006)
8934,11,2023,11,5,15,3,5,3,1,1,0,0,0,0,0,1,8.756311984000035,53.113962127000036,Gröpelingen,Lindenhof,POINT (8.756311984000035 53.113962127000036)
8935,11,2023,11,5,16,3,5,3,1,1,0,0,0,0,2,1,8.870035685000062,53.06498820300004,Hemelingen,Hastedt,POINT (8.870035685000062 53.06498820300004)
8936,11,2023,11,4,10,3,0,7,1,0,0,0,0,0,0,1,8.796222984000053,53.06907184600004,Neustadt,Neustadt,POINT (8.796222984000053 53.06907184600004)
8937,11,2023,11,3,20,3,5,3,1,1,0,0,0,0,2,1,8.740657186000021,53.05300553200004,Huchting,Mittelshuchting,POINT (8.740657186000021 53.05300553200004)
8938,11,2023,11,3,6,3,5,3,1,1,0,0,0,0,2,0,8.771530281000025,53.09411574400008,Walle,Überseestadt,POINT (8.771530281000025 53.09411574400008)
8939,11,2023,11,3,7,3,5,2,1,1,0,0,0,0,2,1,8.788106227000071,53.06291467400007,Neustadt,Neustadt,POINT (8.788106227000071 53.06291467400007)
8940,11,2023,11,3,15,3,5,3,1,1,0,0,0,0,0,1,8.889096461000065,53.08602276600004,Vahr,Neue Vahr Nord,POINT (8.889096461000065 53.08602276600004)
8941,11,2023,11,3,12,3,5,2,1,1,0,0,0,0,0,1,8.856560675000026,53.07278346900006,Östliche Vorstadt,Hulsberg,POINT (8.856560675000026 53.07278346900006)
8942,11,2023,11,3,7,3,5,2,1,1,0,0,0,0,1,1,8.811204219000047,53.08010739300005,Mitte,Bahnhofsvorstadt,POINT (8.811204219000047 53.08010739300005)
8943,11,2023,11,2,9,3,5,2,1,1,0,0,0,0,0,1,8.748831505000055,53.124900893000074,Gröpelingen,Ohlenhof,POINT (8.748831505000055 53.124900893000074)
8944,11,2023,11,2,7,3,0,7,1,0,0,0,0,0,2,1,8.822853030000033,53.072924844000056,Mitte,Ostertor,POINT (8.822853030000033 53.072924844000056)
8945,11,2023,11,1,10,3,0,1,1,0,0,0,0,0,0,1,8.790365596000072,53.10895426400003,Walle,Hohweg,POINT (8.790365596000072 53.10895426400003)
8946,11,2023,11,7,17,3,5,2,1,1,0,0,0,0,1,1,8.959249851000038,53.04182832200007,Hemelingen,Mahndorf,POINT (8.959249851000038 53.04182832200007)
8947,12,2023,11,6,7,3,6,7,1,0,1,0,0,0,1,0,8.58603800000003,53.53732483700003,Geestemünde,Buschkämpen,POINT (8.58603800000003 53.53732483700003)
8948,11,2023,11,6,13,3,0,7,1,0,0,0,0,1,0,1,8.820463953000058,53.07687667600004,Mitte,Ostertor,POINT (8.820463953000058 53.07687667600004)
8949,11,2023,11,6,14,3,5,3,1,1,0,0,0,0,0,0,8.83575471000006,53.07396396400003,Östliche Vorstadt,Fesenfeld,POINT (8.83575471000006 53.07396396400003)
8950,11,2023,11,6,8,3,3,6,1,0,0,0,0,0,0,0,8.864456776000054,53.07715327200003,Vahr,Gartenstadt Vahr,POINT (8.864456776000054 53.07715327200003)
8951,11,2023,11,6,21,3,5,3,1,1,0,0,0,0,2,1,8.915596783000069,53.05981019300003,Hemelingen,Sebaldsbrück,POINT (8.915596783000069 53.05981019300003)
8952,11,2023,11,6,8,3,5,3,1,1,0,0,0,0,0,0,8.863680327000054,53.07117124900003,Hemelingen,Hastedt,POINT (8.863680327000054 53.07117124900003)
8953,11,2023,11,6,14,3,5,3,1,1,0,0,0,0,0,0,8.900946282000064,53.089372387000026,Horn-Lehe,Horn,POINT (8.900946282000064 53.089372387000026)
8954,12,2023,11,5,14,2,6,4,1,0,1,0,0,0,0,1,8.59979686500003,53.567967149000026,Lehe,Königsheide,POINT (8.59979686500003 53.567967149000026)
8955,11,2023,11,5,12,3,2,7,1,1,0,0,0,0,0,0,8.794972676000043,53.08461079600005,Mitte,Bahnhofsvorstadt,POINT (8.794972676000043 53.08461079600005)
8956,11,2023,11,5,12,3,1,5,1,1,0,0,0,0,0,0,8.761887157000046,53.087378615000034,Woltmershausen,Woltmershausen,POINT (8.761887157000046 53.087378615000034)
8957,11,2023,11,4,7,2,5,3,1,1,0,0,0,0,1,0,8.830289496000034,53.02866880600004,Obervieland,Arsten,POINT (8.830289496000034 53.02866880600004)
8958,12,2023,11,3,12,3,3,6,1,1,0,0,0,0,0,1,8.60124051200006,53.51565345200004,Geestemünde,Buschkämpen,POINT (8.60124051200006 53.51565345200004)
8959,12,2023,11,3,12,3,5,3,1,1,0,0,0,0,0,1,8.585967981000067,53.55924785600007,Lehe,Königsheide,POINT (8.585967981000067 53.55924785600007)
8960,11,2023,11,3,16,3,3,6,1,1,0,0,0,0,0,1,8.852696877000028,53.050525651000044,Obervieland,Habenhausen,POINT (8.852696877000028 53.050525651000044)
8961,11,2023,11,2,20,3,3,6,1,1,0,0,0,0,2,1,8.915608948000056,53.10135218500005,unbekannt,unbekannt,POINT (8.915608948000056 53.10135218500005)
8962,11,2023,1,2,22,3,5,3,1,1,0,0,0,0,2,1,8.783207649000076,53.05606411000008,Neustadt,Neuenland,POINT (8.783207649000076 53.05606411000008)
8963,11,2023,1,2,17,2,0,7,1,0,0,0,0,0,2,1,8.818040516000053,53.05895752600003,Neustadt,Huckelriede,POINT (8.818040516000053 53.05895752600003)
8964,11,2023,2,7,14,3,6,7,1,0,1,0,0,0,0,0,8.822591145000047,53.09535853500006,Schwachhausen,Bürgerpark,POINT (8.822591145000047 53.09535853500006)
8965,11,2023,4,1,17,3,6,6,1,0,1,0,0,0,0,0,8.758911692000027,53.09409283000008,Woltmershausen,Rablinghausen,POINT (8.758911692000027 53.09409283000008)
8966,12,2023,5,2,17,3,7,7,1,0,0,0,0,1,0,0,8.590359715000034,53.52511563100006,Geestemünde,Buschkämpen,POINT (8.590359715000034 53.52511563100006)
8967,11,2023,5,5,19,3,4,6,1,0,0,0,0,0,0,0,8.81194103100006,53.07732441100006,Mitte,Altstadt,POINT (8.81194103100006 53.07732441100006)
8968,11,2023,5,7,19,3,6,4,1,0,1,0,0,0,0,0,8.843566761000034,53.066626804000066,Östliche Vorstadt,Peterswerder,POINT (8.843566761000034 53.066626804000066)
8969,11,2023,5,5,15,3,0,1,1,0,0,0,0,0,0,1,8.813084335000042,53.03764255200008,Obervieland,Kattenturm,POINT (8.813084335000042 53.03764255200008)
8970,11,2023,5,1,22,3,0,7,1,0,0,0,0,0,2,0,8.860569571000042,53.05004247200003,Obervieland,Habenhausen,POINT (8.860569571000042 53.05004247200003)
8971,11,2023,5,3,9,3,5,3,1,1,0,0,0,0,0,0,8.886158445000035,53.06282545500005,Hemelingen,Sebaldsbrück,POINT (8.886158445000035 53.06282545500005)
8972,12,2023,5,5,19,2,0,1,1,0,0,0,0,0,0,0,8.578302101000077,53.53977040600006,Mitte,Weddewarden,POINT (8.578302101000077 53.53977040600006)
8973,11,2023,5,4,13,3,1,5,1,1,0,0,0,0,0,0,8.948785409000038,53.058079356000064,Osterholz,Ellenerbrok-Schevemoor,POINT (8.948785409000038 53.058079356000064)
8974,11,2023,5,6,8,3,6,4,1,0,1,0,0,0,0,0,8.881453254000064,53.08606615900004,Vahr,Neue Vahr Nord,POINT (8.881453254000064 53.08606615900004)
8975,11,2023,6,6,7,3,2,6,1,0,0,0,0,0,0,0,8.833655646000068,53.06812963300007,Östliche Vorstadt,Peterswerder,POINT (8.833655646000068 53.06812963300007)
8976,11,2023,6,4,13,3,5,2,1,1,0,0,0,0,0,0,8.776657786000044,53.11095645600005,Walle,Walle,POINT (8.776657786000044 53.11095645600005)
8977,11,2023,6,4,13,3,1,5,1,0,0,0,0,1,0,0,8.737859852000042,53.042856261000054,Huchting,Kirchhuchting,POINT (8.737859852000042 53.042856261000054)
8978,11,2023,6,3,7,3,0,7,1,0,0,0,0,0,0,1,8.811639891000027,53.03538903700007,Obervieland,Kattenesch,POINT (8.811639891000027 53.03538903700007)
8979,11,2023,6,4,20,3,4,6,1,0,0,0,0,0,0,0,8.813454446000037,53.07700919300004,Mitte,Altstadt,POINT (8.813454446000037 53.07700919300004)
8980,11,2023,6,7,16,2,5,3,1,0,0,0,0,0,0,0,8.88957423200003,53.126297641000065,unbekannt,Borgfeld,POINT (8.88957423200003 53.126297641000065)
8981,11,2023,6,1,19,3,6,7,1,0,1,0,0,0,0,0,8.817371961000049,53.03467542300007,Obervieland,Kattenesch,POINT (8.817371961000049 53.03467542300007)
8982,11,2023,6,2,18,3,5,3,1,0,0,0,0,1,0,0,8.829466925000077,53.055794552000066,Neustadt,Huckelriede,POINT (8.829466925000077 53.055794552000066)
8983,11,2023,7,1,11,2,5,2,1,1,0,0,0,0,0,0,8.825345336000055,53.08417638100008,Schwachhausen,Bürgerpark,POINT (8.825345336000055 53.08417638100008)
8984,11,2023,7,2,7,3,7,7,1,0,0,0,0,0,0,0,8.812744051000038,53.07133208600004,Mitte,Altstadt,POINT (8.812744051000038 53.07133208600004)
8985,11,2023,7,4,17,3,5,3,1,1,0,0,0,0,0,0,8.816187472000024,53.04938632200003,Neustadt,Huckelriede,POINT (8.816187472000024 53.04938632200003)
8986,11,2023,8,1,16,3,0,7,1,0,0,0,0,0,0,0,8.750317041000073,53.06448796700005,Huchting,Grolland,POINT (8.750317041000073 53.06448796700005)
8987,11,2023,8,2,16,3,6,7,1,0,1,0,0,0,0,0,8.803058127000043,53.07545272700003,Mitte,Altstadt,POINT (8.803058127000043 53.07545272700003)
8988,11,2023,8,6,15,3,5,3,1,0,0,0,0,0,0,0,8.810872205000067,53.06209454900005,Neustadt,Buntentor,POINT (8.810872205000067 53.06209454900005)
8989,11,2023,8,7,16,3,0,1,1,0,0,0,0,1,0,0,8.73264031900004,53.13724668100008,Gröpelingen,Oslebshausen,POINT (8.73264031900004 53.13724668100008)
8990,12,2023,8,3,16,3,0,1,1,0,0,0,0,0,0,0,8.615027617000067,53.58424996100007,Leherheide,Fehmoor,POINT (8.615027617000067 53.58424996100007)
8991,11,2023,8,5,15,2,4,6,1,0,0,0,0,0,0,1,8.561569106000036,53.19521635900003,Blumenthal,Lüssum-Bockhorn,POINT (8.561569106000036 53.19521635900003)
8992,11,2023,9,2,13,3,4,6,1,0,0,0,0,0,0,0,8.816106386000058,53.07666884200006,Mitte,Ostertor,POINT (8.816106386000058 53.07666884200006)
8993,11,2023,9,2,7,2,3,6,1,0,0,0,0,0,0,0,8.892472496000039,53.06069561600003,Hemelingen,Sebaldsbrück,POINT (8.892472496000039 53.06069561600003)
8994,11,2023,9,5,15,3,0,7,1,0,0,0,0,0,0,0,8.715286040000024,53.13574010600007,Burglesum,Burg-Grambke,POINT (8.715286040000024 53.13574010600007)
8995,11,2023,9,7,20,3,4,6,1,0,1,0,0,0,2,0,8.799647288000074,53.05524563700004,Neustadt,Neuenland,POINT (8.799647288000074 53.05524563700004)
8996,11,2023,9,2,21,3,3,1,1,0,0,0,0,0,2,1,8.862325712000029,53.06298705900008,Hemelingen,Hastedt,POINT (8.862325712000029 53.06298705900008)
8997,12,2023,9,5,13,3,5,3,1,1,0,0,0,0,0,0,8.587360643000068,53.56631263000003,Lehe,Königsheide,POINT (8.587360643000068 53.56631263000003)
8998,11,2023,9,4,8,3,3,6,1,0,0,0,0,0,0,0,8.820414434000043,53.06924778600006,Mitte,Ostertor,POINT (8.820414434000043 53.06924778600006)
8999,12,2023,9,4,11,2,0,1,1,0,0,0,0,0,0,0,8.60531800900003,53.53685912600008,Geestemünde,Buschkämpen,POINT (8.60531800900003 53.53685912600008)
9000,11,2023,9,7,12,3,5,3,1,1,0,0,0,0,0,0,8.808193133000032,53.07490960700005,Mitte,Altstadt,POINT (8.808193133000032 53.07490960700005)
9001,11,2023,10,5,17,3,0,7,1,0,0,0,0,0,0,0,8.813606098000037,53.07698858700007,Mitte,Altstadt,POINT (8.813606098000037 53.07698858700007)
9002,11,2023,12,5,8,3,5,3,1,1,0,0,0,0,0,1,8.740542405000042,53.05556094500008,Huchting,Mittelshuchting,POINT (8.740542405000042 53.05556094500008)
9003,11,2024,4,2,6,3,5,3,1,1,0,0,0,0,1,0,8.80895051300007,53.05136234200006,Neustadt,Huckelriede,POINT (8.80895051300007 53.05136234200006)
9004,11,2024,5,5,16,3,4,6,1,0,0,0,0,0,0,0,8.788150538000025,53.062705847000075,Neustadt,Südervorstadt,POINT (8.788150538000025 53.062705847000075)
9005,11,2024,10,3,13,3,5,3,1,1,0,0,0,0,0,0,8.796785000000057,53.05671940700006,Neustadt,Neuenland,POINT (8.796785000000057 53.05671940700006)
9006,11,2024,1,4,19,3,5,2,1,1,0,0,0,0,2,1,8.808597460000044,53.05147145600006,Neustadt,Huckelriede,POINT (8.808597460000044 53.05147145600006)
9007,11,2024,5,5,15,3,5,3,1,1,0,0,0,0,0,0,8.601729256000056,53.17748259000007,Vegesack,Fähr-Lobbendorf,POINT (8.601729256000056 53.17748259000007)
9008,11,2024,5,5,8,3,2,6,1,1,0,0,0,0,0,0,8.835232854000026,53.073830772000065,Östliche Vorstadt,Steintor,POINT (8.835232854000026 53.073830772000065)
9009,11,2024,5,5,8,3,5,2,1,1,0,0,0,0,0,0,8.914774324000064,53.09414394600003,unbekannt,unbekannt,POINT (8.914774324000064 53.09414394600003)
9010,11,2024,5,5,12,3,5,2,1,0,0,0,0,1,0,0,8.800944080000022,53.07177262600004,Neustadt,Alte Neustadt,POINT (8.800944080000022 53.07177262600004)
9011,11,2024,5,5,17,3,5,3,1,1,0,0,0,0,0,0,8.919868534000045,53.04942843200007,Osterholz,Osterholz,POINT (8.919868534000045 53.04942843200007)
9012,12,2024,5,4,19,3,0,3,1,0,0,0,0,1,0,0,8.60477035200006,53.58110727900004,Lehe,Königsheide,POINT (8.60477035200006 53.58110727900004)
9013,11,2024,5,4,19,3,5,3,1,1,0,0,0,0,0,0,8.925815487000023,53.058202401000074,Osterholz,Osterholz,POINT (8.925815487000023 53.058202401000074)
9014,11,2024,5,4,19,3,4,6,1,1,0,0,0,0,0,0,8.856506556000056,53.08981661200005,Schwachhausen,Riensberg,POINT (8.856506556000056 53.08981661200005)
9015,11,2024,4,3,8,3,0,7,1,0,0,0,0,0,0,0,8.88089057600007,53.07911108500008,Vahr,Neue Vahr Südwest,POINT (8.88089057600007 53.07911108500008)
9016,11,2024,4,3,19,3,2,6,1,1,0,0,0,0,0,0,8.898132211000075,53.10264560000007,Horn-Lehe,Lehesterdeich,POINT (8.898132211000075 53.10264560000007)
9017,11,2024,4,3,15,3,3,6,1,1,0,0,0,0,0,0,8.793460647000074,53.06649783900008,Neustadt,Neustadt,POINT (8.793460647000074 53.06649783900008)