,UKREIS,UJAHR,UMONAT,UWOCHENTAG,USTUNDE,UKATEGORIE,UART,UTYP1,IstRad,IstPKW,IstFuss,IstKrad,IstGkfz,IstSonstig,ULICHTVERH,STRZUSTAND,longitude,latitude,Stadtteil,Ortsteil,geometry
9176,11,2024,2,6,13,3,5,3,1,0,0,0,0,1,0,0,8.827424582000049,53.08306906100006,Schwachhausen,Barkhof,POINT (8.827424582000049 53.08306906100006)
9177,11,2024,2,5,16,3,5,2,1,1,0,0,0,0,0,0,8.880340844000045,53.08243358300007,Vahr,Neue Vahr Südwest,POINT (8.880340844000045 53.08243358300007)
9178,11,2024,2,5,23,3,0,7,1,0,0,0,0,0,2,1,8.78606730000007,53.07744402700007,Häfen,Hohentorshafen,POINT (8.78606730000007 53.07744402700007)
9179,11,2024,2,5,15,3,6,3,1,0,1,0,0,0,0,0,8.90232762200003,53.04935433300005,Hemelingen,Hemelingen,POINT (8.90232762200003 53.04935433300005)
9180,11,2024,2,5,15,3,0,7,1,1,0,0,0,0,0,0,8.758964594000076,53.117362144000026,Gröpelingen,Gröpelingen,POINT (8.758964594000076 53.117362144000026)
9181,11,2024,2,4,8,3,5,3,1,1,0,0,0,0,0,1,8.799951002000057,53.08436214900007,Mitte,Bahnhofsvorstadt,POINT (8.799951002000057 53.08436214900007)
9182,11,2024,2,4,13,3,5,3,1,1,0,0,0,0,0,0,8.816108410000027,53.04309489500008,Obervieland,Kattenturm,POINT (8.816108410000027 53.04309489500008)
9183,11,2024,2,4,10,3,0,1,1,0,0,0,0,0,0,0,8.738449700000047,53.13304312900004,Gröpelingen,Oslebshausen,POINT (8.738449700000047 53.13304312900004)
9184,11,2024,2,4,15,3,5,3,1,0,0,1,0,0,0,0,8.880301596000038,53.06064031900007,Hemelingen,Hastedt,POINT (8.880301596000038 53.06064031900007)
9185,11,2024,2,3,13,3,1,5,1,1,0,0,0,0,0,0,8.89611482600003,53.04434603100003,Hemelingen,Hemelingen,POINT (8.89611482600003 53.04434603100003)
9186,11,2024,2,2,19,3,5,2,1,1,0,0,0,0,2,1,8.897713294000027,53.059240576000036,Hemelingen,Sebaldsbrück,POINT (8.897713294000027 53.059240576000036)
9187,11,2024,2,1,19,3,5,3,1,1,0,0,0,0,2,1,8.897315633000062,53.05909127000007,Hemelingen,Sebaldsbrück,POINT (8.897315633000062 53.05909127000007)
9188,11,2024,2,6,15,3,5,3,1,1,0,0,0,0,0,1,8.900979337000024,53.08949883900004,Horn-Lehe,Horn,POINT (8.900979337000024 53.08949883900004)
9189,11,2024,2,5,14,3,4,6,1,0,0,0,0,0,0,1,8.805255719000058,53.072981611000046,Mitte,Altstadt,POINT (8.805255719000058 53.072981611000046)
9190,11,2024,2,4,16,3,1,2,1,1,0,0,0,0,1,1,8.86603275300007,53.09761137400005,Horn-Lehe,Horn,POINT (8.86603275300007 53.09761137400005)
9191,11,2024,2,4,18,3,5,2,1,1,0,0,0,0,2,1,8.675499124000055,53.173592994000046,Burglesum,St.Magnus,POINT (8.675499124000055 53.173592994000046)
9192,11,2024,2,2,5,3,5,3,1,1,0,0,0,0,2,1,8.91424653000007,53.059804848000056,Hemelingen,Sebaldsbrück,POINT (8.91424653000007 53.059804848000056)
9193,11,2024,4,2,11,2,0,7,1,0,0,0,0,0,0,0,8.784606015000065,53.06544367500004,Neustadt,Neustadt,POINT (8.784606015000065 53.06544367500004)
9194,11,2024,2,7,10,3,5,3,1,1,0,0,0,0,0,0,8.936725196000054,53.05866587000003,Osterholz,Ellenerbrok-Schevemoor,POINT (8.936725196000054 53.05866587000003)
9195,11,2024,2,7,11,3,5,3,1,0,0,0,0,1,0,0,8.860016992000055,53.06513229900003,Hemelingen,Hastedt,POINT (8.860016992000055 53.06513229900003)
9196,12,2024,2,6,6,3,0,3,1,0,0,0,0,1,1,1,8.56812984000004,53.560438300000044,Lehe,Königsheide,POINT (8.56812984000004 53.560438300000044)
9197,11,2024,2,5,10,3,1,7,1,1,0,0,0,0,0,0,8.827646254000058,53.07256510500008,Östliche Vorstadt,Steintor,POINT (8.827646254000058 53.07256510500008)
9198,11,2024,2,5,6,3,5,3,1,1,0,0,0,0,1,1,8.867363011000066,53.09779753400005,Horn-Lehe,Horn,POINT (8.867363011000066 53.09779753400005)
9199,11,2024,2,4,11,3,5,3,1,1,0,0,0,0,0,0,8.801261786000055,53.08684245200004,Mitte,Bahnhofsvorstadt,POINT (8.801261786000055 53.08684245200004)
9200,11,2024,2,4,10,3,5,3,1,1,0,0,0,0,0,0,8.81238247500005,53.08095402400005,Mitte,Bahnhofsvorstadt,POINT (8.81238247500005 53.08095402400005)
9201,11,2024,2,4,10,3,0,7,1,0,0,0,0,0,0,1,8.90234100500004,53.087864016000026,unbekannt,unbekannt,POINT (8.90234100500004 53.087864016000026)
9202,11,2024,2,4,10,3,5,3,1,1,0,0,0,0,0,0,8.90891739500006,53.07192249000008,Hemelingen,Sebaldsbrück,POINT (8.90891739500006 53.07192249000008)
9203,11,2024,2,4,11,3,5,3,1,1,0,0,0,0,0,0,8.891690563000054,53.06018921800006,Hemelingen,Sebaldsbrück,POINT (8.891690563000054 53.06018921800006)
9204,11,2024,2,3,10,3,0,7,1,1,0,0,0,0,0,0,8.80001524100004,53.07783473000006,Mitte,Altstadt,POINT (8.80001524100004 53.07783473000006)
9205,11,2024,3,4,0,3,5,3,1,0,0,0,0,1,0,0,8.825662020000038,53.08445029300003,Schwachhausen,Bürgerpark,POINT (8.825662020000038 53.08445029300003)
9206,11,2024,2,3,13,3,5,3,1,1,0,0,0,0,0,1,8.876213951000068,53.08570843800004,Schwachhausen,Radio Bremen,POINT (8.876213951000068 53.08570843800004)
9207,11,2024,2,7,10,2,5,2,1,0,0,0,0,1,0,1,8.619439072000034,53.184116148000044,Vegesack,Aumund-Hammersbeck,POINT (8.619439072000034 53.184116148000044)
9208,11,2024,4,5,14,3,5,3,1,0,0,0,0,1,0,0,8.827253950000056,53.040091946000075,Obervieland,Kattenturm,POINT (8.827253950000056 53.040091946000075)
9209,11,2024,2,6,15,3,3,6,1,1,0,0,0,0,0,0,8.890070672000036,53.04689726000004,Hemelingen,Hemelingen,POINT (8.890070672000036 53.04689726000004)
9210,11,2024,2,5,8,3,5,2,1,1,0,0,0,0,0,1,8.870792208000069,53.09847419400006,Horn-Lehe,Lehe,POINT (8.870792208000069 53.09847419400006)
9211,11,2024,2,5,7,3,5,3,1,1,0,0,0,0,0,1,8.80792576500005,53.074457152000036,Mitte,Altstadt,POINT (8.80792576500005 53.074457152000036)
9212,11,2024,2,5,10,3,5,3,1,0,0,0,1,0,0,0,8.872074241000064,53.067073392000054,Hemelingen,Hastedt,POINT (8.872074241000064 53.067073392000054)
9213,11,2024,1,3,17,3,3,6,1,0,0,0,0,0,2,1,8.800618218000068,53.07864580800003,Mitte,Altstadt,POINT (8.800618218000068 53.07864580800003)
9214,12,2024,1,2,17,3,4,6,1,0,0,0,0,1,0,0,8.589927164000073,53.53848536500004,Geestemünde,Buschkämpen,POINT (8.589927164000073 53.53848536500004)
9215,12,2024,1,2,17,3,4,6,1,0,0,0,0,1,2,0,8.589927164000073,53.53848536500004,Geestemünde,Buschkämpen,POINT (8.589927164000073 53.53848536500004)
9216,11,2024,1,2,14,2,6,6,1,0,1,0,0,0,0,0,8.82068640500006,53.07269810100007,Mitte,Ostertor,POINT (8.82068640500006 53.07269810100007)
9217,11,2024,1,7,11,3,6,3,1,0,1,0,0,0,0,0,8.81112330700006,53.07166263600004,Mitte,Altstadt,POINT (8.81112330700006 53.07166263600004)
9218,11,2024,1,7,17,3,5,3,1,1,0,0,0,0,1,0,8.950664751000033,53.03511047900008,Hemelingen,Mahndorf,POINT (8.950664751000033 53.03511047900008)
9219,11,2024,1,5,14,3,5,3,1,1,0,0,0,0,0,0,8.917373715000053,53.09289618500003,unbekannt,unbekannt,POINT (8.917373715000053 53.09289618500003)
9220,11,2024,1,5,7,3,5,2,1,1,0,0,0,0,1,1,8.583499231000076,53.21437016600004,Blumenthal,Lüssum-Bockhorn,POINT (8.583499231000076 53.21437016600004)
9221,11,2024,1,3,16,3,5,2,1,1,0,0,0,0,1,0,8.876508475000037,53.08103317800004,Vahr,Gartenstadt Vahr,POINT (8.876508475000037 53.08103317800004)
9222,11,2024,1,3,20,3,5,3,1,1,0,0,0,0,2,1,8.824417077000021,53.08456012700003,Schwachhausen,Bürgerpark,POINT (8.824417077000021 53.08456012700003)
9223,12,2024,1,2,11,2,0,1,1,0,0,0,0,0,0,1,8.599636252000039,53.56401379600004,Lehe,Königsheide,POINT (8.599636252000039 53.56401379600004)
9224,11,2024,1,2,11,3,5,3,1,1,0,0,0,0,0,0,8.627057286000024,53.18506592300008,Vegesack,Aumund-Hammersbeck,POINT (8.627057286000024 53.18506592300008)
9225,11,2024,1,2,17,3,5,3,1,1,0,0,0,0,1,0,8.929430102000026,53.07182620300006,Osterholz,Blockdiek,POINT (8.929430102000026 53.07182620300006)
9226,11,2024,1,1,8,3,0,7,1,0,0,0,0,0,0,2,8.940157919000058,53.134604952000075,unbekannt,Borgfeld,POINT (8.940157919000058 53.134604952000075)
9227,11,2024,1,7,7,3,3,6,1,1,0,0,0,0,1,2,8.553547362000074,53.19620653000004,Blumenthal,Lüssum-Bockhorn,POINT (8.553547362000074 53.19620653000004)
9228,12,2024,1,6,3,3,0,1,1,0,0,0,0,0,2,2,8.611690543000066,53.52228014500008,Geestemünde,Buschkämpen,POINT (8.611690543000066 53.52228014500008)
9229,11,2024,1,5,14,3,5,3,1,1,0,0,0,0,0,0,8.916064967000068,53.071167657000046,Hemelingen,Sebaldsbrück,POINT (8.916064967000068 53.071167657000046)
9230,11,2024,1,4,21,3,0,7,1,0,1,0,0,0,2,1,8.819929633000072,53.05149273100005,Neustadt,Huckelriede,POINT (8.819929633000072 53.05149273100005)
9231,11,2024,1,3,6,3,5,2,1,1,0,0,0,0,2,2,8.875664595000046,53.082480677000035,Schwachhausen,Radio Bremen,POINT (8.875664595000046 53.082480677000035)
9232,11,2024,1,2,7,3,5,2,1,0,0,0,0,1,2,2,8.806344915000068,53.08444053100004,Mitte,Bahnhofsvorstadt,POINT (8.806344915000068 53.08444053100004)
9233,11,2024,1,2,21,1,5,3,1,1,0,0,0,0,2,1,8.924959600000022,53.073013099000036,Osterholz,Ellener Feld,POINT (8.924959600000022 53.073013099000036)
9234,11,2024,2,4,11,3,5,2,1,1,0,0,0,0,0,0,8.940040121000038,53.058487617000026,Osterholz,Osterholz,POINT (8.940040121000038 53.058487617000026)
9235,11,2024,4,6,9,3,3,6,1,1,0,0,0,0,0,0,8.823315415000025,53.083293397000034,Schwachhausen,Barkhof,POINT (8.823315415000025 53.083293397000034)
9236,11,2024,1,2,6,3,5,3,1,1,0,0,0,0,2,1,8.813293102000046,53.08563837000003,Findorff,Findorff-Bürgerweide,POINT (8.813293102000046 53.08563837000003)
9237,11,2024,1,7,17,3,5,3,1,1,0,0,0,0,1,1,8.807500953000044,53.08765387400007,Findorff,Findorff-Bürgerweide,POINT (8.807500953000044 53.08765387400007)
9238,11,2024,1,7,20,3,0,7,1,0,0,0,0,0,2,1,8.826748967000071,53.07284154700005,Östliche Vorstadt,Steintor,POINT (8.826748967000071 53.07284154700005)
9239,11,2024,1,5,9,3,0,7,1,0,0,0,0,0,0,2,8.942398142000059,53.05664238400004,Osterholz,Osterholz,POINT (8.942398142000059 53.05664238400004)
9240,12,2024,1,4,15,3,5,3,1,1,0,0,0,0,0,1,8.590762562000066,53.526901183000064,Geestemünde,Buschkämpen,POINT (8.590762562000066 53.526901183000064)
9241,11,2024,1,4,7,3,5,2,1,1,0,0,0,0,2,0,8.619440085000065,53.18410852400007,Vegesack,Aumund-Hammersbeck,POINT (8.619440085000065 53.18410852400007)
9242,11,2024,1,4,22,3,5,3,1,1,0,0,0,0,2,0,8.891982470000073,53.04794633900008,Hemelingen,Hemelingen,POINT (8.891982470000073 53.04794633900008)
9243,11,2024,1,4,9,2,5,3,1,1,0,0,0,0,0,0,8.96337287700004,53.05752308800004,Osterholz,Tenever,POINT (8.96337287700004 53.05752308800004)
9244,11,2024,1,4,19,3,5,3,1,1,0,0,0,0,2,2,8.786627679000048,53.089378374000034,Walle,Utbremen,POINT (8.786627679000048 53.089378374000034)
9245,11,2024,1,3,18,3,5,3,1,1,0,0,0,0,2,0,8.87660651400006,53.08137810000005,Vahr,Neue Vahr Südwest,POINT (8.87660651400006 53.08137810000005)
9246,11,2024,1,2,8,3,6,4,1,0,1,0,0,0,1,2,8.79001194400007,53.05307894200007,Neustadt,Neuenland,POINT (8.79001194400007 53.05307894200007)
9247,11,2024,1,6,13,3,5,2,1,0,0,0,0,1,0,1,8.803203647000032,53.072234484000035,Neustadt,Alte Neustadt,POINT (8.803203647000032 53.072234484000035)
9248,11,2024,1,5,19,3,5,2,1,1,0,0,0,0,2,0,8.820916015000023,53.051006173000076,Obervieland,Kattenturm,POINT (8.820916015000023 53.051006173000076)
9249,11,2024,1,5,13,3,0,7,1,1,0,0,0,0,0,0,8.802387706000047,53.06745865100004,Neustadt,Buntentor,POINT (8.802387706000047 53.06745865100004)
9250,11,2024,1,4,20,3,0,7,1,0,0,0,0,0,2,1,8.804661708000026,53.079929553000056,Mitte,Altstadt,POINT (8.804661708000026 53.079929553000056)
9251,11,2024,1,3,16,3,5,2,1,1,0,0,0,0,2,1,8.764804510000033,53.11292003800003,Gröpelingen,Lindenhof,POINT (8.764804510000033 53.11292003800003)
9252,11,2024,1,2,3,3,0,7,1,0,0,0,0,0,2,1,8.797037691000071,53.066827663000026,Neustadt,Südervorstadt,POINT (8.797037691000071 53.066827663000026)
9253,11,2024,4,3,17,3,0,6,1,0,0,0,0,0,0,0,8.83734699200005,53.08237222000008,Schwachhausen,Gete,POINT (8.83734699200005 53.08237222000008)
9254,11,2024,2,4,9,3,5,3,1,0,0,0,0,1,0,0,8.795568814000035,53.09055053900005,Walle,Utbremen,POINT (8.795568814000035 53.09055053900005)
9255,11,2024,3,4,6,3,5,3,1,0,0,0,0,0,0,1,8.870317822000061,53.06487531600004,Hemelingen,Hastedt,POINT (8.870317822000061 53.06487531600004)
9256,12,2024,3,4,21,3,0,1,1,0,0,0,0,0,2,0,8.593469047000042,53.546715593000044,Geestemünde,Buschkämpen,POINT (8.593469047000042 53.546715593000044)
9257,11,2024,4,5,17,3,4,2,1,1,0,0,0,0,0,0,8.798137650000058,53.05591969200003,Neustadt,Neuenland,POINT (8.798137650000058 53.05591969200003)
9258,11,2024,2,7,23,2,0,7,1,0,0,0,0,0,2,0,8.809310243000027,53.06333222500007,Neustadt,Buntentor,POINT (8.809310243000027 53.06333222500007)
9259,11,2024,3,4,13,3,5,2,1,1,0,0,0,0,0,1,8.873680702000058,53.101270932000034,Horn-Lehe,Lehe,POINT (8.873680702000058 53.101270932000034)
9260,11,2024,1,4,10,3,0,7,1,1,0,0,0,0,0,1,8.959196552000037,53.04212587900008,Hemelingen,Mahndorf,POINT (8.959196552000037 53.04212587900008)
9261,11,2024,3,4,14,3,5,3,1,0,0,0,0,1,0,0,8.812794366000048,53.073321555000064,Mitte,Altstadt,POINT (8.812794366000048 53.073321555000064)
9262,11,2024,2,5,7,3,5,3,1,1,0,0,0,0,1,0,8.780253024000046,53.07827172300006,Woltmershausen,Woltmershausen,POINT (8.780253024000046 53.07827172300006)
9263,11,2024,3,5,12,3,4,6,1,0,0,0,0,0,0,0,8.868000521000056,53.09948925100008,Horn-Lehe,Lehe,POINT (8.868000521000056 53.09948925100008)
9264,11,2024,4,4,13,3,5,3,1,1,0,0,0,0,0,1,8.795841469000038,53.10627761900008,Walle,Hohweg,POINT (8.795841469000038 53.10627761900008)
9265,11,2024,1,7,12,3,5,2,1,1,0,0,0,0,0,0,8.842970222000076,53.07266038900008,Östliche Vorstadt,Hulsberg,POINT (8.842970222000076 53.07266038900008)
9266,11,2024,4,3,19,3,3,2,1,0,0,1,0,0,0,0,8.82439911800003,53.084424693000074,Schwachhausen,Barkhof,POINT (8.82439911800003 53.084424693000074)
9267,11,2024,1,4,20,3,5,2,1,0,0,0,0,0,2,0,8.837140289000047,53.08238623600005,Schwachhausen,Gete,POINT (8.837140289000047 53.08238623600005)
9268,11,2024,11,4,8,3,0,7,1,1,0,0,0,0,0,0,8.726599919000023,53.045034963000035,Huchting,Sodenmatt,POINT (8.726599919000023 53.045034963000035)
9269,12,2024,11,2,13,3,5,3,1,1,0,0,0,0,0,0,8.593432562000032,53.54667563600003,Geestemünde,Buschkämpen,POINT (8.593432562000032 53.54667563600003)
9270,11,2024,11,2,16,3,3,6,1,1,0,0,0,0,2,0,8.782189006000067,53.08653298200005,Walle,Überseestadt,POINT (8.782189006000067 53.08653298200005)
9271,12,2024,11,7,14,3,0,1,1,0,0,0,0,0,0,0,8.58998492400002,53.52557191800008,Geestemünde,Buschkämpen,POINT (8.58998492400002 53.52557191800008)
9272,12,2024,11,6,5,3,5,2,1,0,0,0,0,1,2,0,8.581463177000046,53.54450455700004,Mitte,Weddewarden,POINT (8.581463177000046 53.54450455700004)
9273,12,2024,10,5,14,3,0,1,1,0,0,0,0,0,0,0,8.572468223000044,53.54366862400008,Mitte,Weddewarden,POINT (8.572468223000044 53.54366862400008)
9274,12,2024,10,4,14,3,4,6,1,0,0,0,0,1,0,0,8.561165627000037,53.57086461400007,Häfen,Speckenbüttel,POINT (8.561165627000037 53.57086461400007)
9275,12,2024,10,4,13,3,5,3,1,0,0,0,0,1,0,0,8.580081533000055,53.55025975400008,Mitte,Weddewarden,POINT (8.580081533000055 53.55025975400008)
9276,11,2024,10,4,14,3,5,3,1,1,0,0,0,0,0,1,8.617368204000059,53.19228477000007,Vegesack,Aumund-Hammersbeck,POINT (8.617368204000059 53.19228477000007)
9277,11,2024,10,3,12,3,5,3,1,0,0,0,0,1,0,0,8.852306276000036,53.04488390800003,Obervieland,Habenhausen,POINT (8.852306276000036 53.04488390800003)
9278,11,2024,10,2,11,3,5,3,1,1,0,0,0,0,0,0,8.75795282200005,53.05807279100003,Huchting,Grolland,POINT (8.75795282200005 53.05807279100003)
9279,11,2024,10,2,11,3,5,3,1,1,0,0,0,0,0,0,8.880546689000028,53.07671891100006,Vahr,Gartenstadt Vahr,POINT (8.880546689000028 53.07671891100006)
9280,12,2024,10,7,19,3,2,6,1,1,0,0,0,0,2,0,8.589817348000054,53.52690547800006,Geestemünde,Buschkämpen,POINT (8.589817348000054 53.52690547800006)
9281,11,2024,10,7,16,3,5,2,1,1,0,0,0,0,0,0,8.756951460000039,53.12257740000007,Gröpelingen,Ohlenhof,POINT (8.756951460000039 53.12257740000007)
9282,11,2024,10,7,15,3,3,6,1,1,0,0,0,0,0,0,8.81938416500003,53.161541327000066,unbekannt,Blockland,POINT (8.81938416500003 53.161541327000066)
9283,11,2024,10,7,17,3,0,7,1,0,0,0,0,0,1,0,8.833698249000065,53.06851836300007,Östliche Vorstadt,Peterswerder,POINT (8.833698249000065 53.06851836300007)
9284,12,2024,10,6,7,3,1,5,1,0,0,0,0,1,2,0,8.586271664000037,53.563603510000064,Lehe,Königsheide,POINT (8.586271664000037 53.563603510000064)
9285,11,2024,10,6,13,3,5,3,1,1,0,0,0,0,0,0,8.948585303000073,53.05711038700008,Osterholz,Osterholz,POINT (8.948585303000073 53.05711038700008)
9286,11,2024,10,6,15,3,5,3,1,1,0,0,0,0,0,0,8.928971860000047,53.069137355000066,Osterholz,Ellener Feld,POINT (8.928971860000047 53.069137355000066)
9287,11,2024,10,6,15,3,3,2,1,1,0,0,0,0,0,0,8.883541180000066,53.05677725100003,Hemelingen,Hemelingen,POINT (8.883541180000066 53.05677725100003)
9288,11,2024,10,6,9,3,3,2,1,1,0,0,0,0,0,0,8.831655239000042,53.03373897700004,Obervieland,Kattenturm,POINT (8.831655239000042 53.03373897700004)
9289,11,2024,10,6,12,3,5,2,1,1,0,0,0,0,0,0,8.897716040000034,53.05907817600007,Hemelingen,Sebaldsbrück,POINT (8.897716040000034 53.05907817600007)
9290,11,2024,10,5,5,3,0,7,1,0,0,0,0,0,2,1,8.788353899000072,53.09854589100007,Walle,Westend,POINT (8.788353899000072 53.09854589100007)
9291,11,2024,10,5,17,3,5,3,1,0,0,0,0,1,0,0,8.778687114000036,53.064706433000026,Neustadt,Neuenland,POINT (8.778687114000036 53.064706433000026)
9292,11,2024,10,5,15,3,5,2,1,1,0,0,0,0,0,0,8.76842479100003,53.094049107000046,Walle,Überseestadt,POINT (8.76842479100003 53.094049107000046)
9293,12,2024,10,4,16,2,0,1,1,0,0,0,0,0,0,0,8.587140305000048,53.53049398100006,Geestemünde,Buschkämpen,POINT (8.587140305000048 53.53049398100006)
9294,11,2024,10,4,5,3,5,3,1,1,0,0,0,0,2,0,8.625125556000057,53.179689316000065,Vegesack,Vegesack,POINT (8.625125556000057 53.179689316000065)
9295,11,2024,10,4,7,3,3,6,1,1,0,0,0,0,0,0,8.868016441000066,53.07292791100008,Hemelingen,Hastedt,POINT (8.868016441000066 53.07292791100008)
9296,11,2024,10,3,12,3,5,3,1,1,0,0,0,0,0,0,8.960302417000037,53.066925179000066,Osterholz,Tenever,POINT (8.960302417000037 53.066925179000066)
9297,11,2024,10,3,8,3,3,6,1,1,0,0,0,0,0,1,8.788386004000074,53.09850890600006,Walle,Westend,POINT (8.788386004000074 53.09850890600006)
9298,11,2024,10,3,16,3,5,3,1,1,0,0,0,0,0,0,8.787009218000037,53.082921086000056,Walle,Überseestadt,POINT (8.787009218000037 53.082921086000056)
9299,11,2024,10,2,17,3,3,6,1,0,0,0,0,0,0,0,8.781833448000043,53.07758159300005,Häfen,Hohentorshafen,POINT (8.781833448000043 53.07758159300005)
9300,11,2024,10,2,5,3,1,7,1,1,0,0,0,0,2,1,8.71464426600005,53.05639500400008,Huchting,Mittelshuchting,POINT (8.71464426600005 53.05639500400008)
9301,11,2024,10,2,7,3,4,6,1,1,0,0,0,0,0,0,8.834709564000036,53.08196674000004,Schwachhausen,Gete,POINT (8.834709564000036 53.08196674000004)
9302,11,2024,10,2,6,3,3,6,1,1,0,0,0,0,2,1,8.71912050100002,53.05860929700003,Huchting,Mittelshuchting,POINT (8.71912050100002 53.05860929700003)
9303,11,2024,10,2,12,3,5,3,1,1,0,0,0,0,0,0,8.877266204000023,53.07051519800007,Vahr,Gartenstadt Vahr,POINT (8.877266204000023 53.07051519800007)
9304,11,2024,10,2,20,3,0,6,1,1,0,0,0,0,2,1,8.837714241000072,53.069891263000045,Östliche Vorstadt,Peterswerder,POINT (8.837714241000072 53.069891263000045)
9305,11,2024,10,2,20,3,5,3,1,1,0,0,0,0,2,0,8.82504769600007,53.084519389000036,Schwachhausen,Bürgerpark,POINT (8.82504769600007 53.084519389000036)
9306,11,2024,10,2,16,3,1,5,1,1,0,0,0,0,0,0,8.766412004000074,53.08167194100008,Woltmershausen,Woltmershausen,POINT (8.766412004000074 53.08167194100008)
9307,12,2024,10,1,15,3,0,1,1,0,0,0,0,0,0,0,8.612723543000072,53.52205402000004,Geestemünde,Buschkämpen,POINT (8.612723543000072 53.52205402000004)
9308,11,2024,10,6,18,3,4,6,1,0,0,0,0,1,2,1,8.774438469000074,53.099046145000045,Walle,Überseestadt,POINT (8.774438469000074 53.099046145000045)
9309,11,2024,10,6,15,3,5,3,1,0,0,0,0,1,0,0,8.621021728000073,53.17692036500006,Vegesack,Vegesack,POINT (8.621021728000073 53.17692036500006)
9310,11,2024,10,6,9,2,5,2,1,1,0,0,0,0,0,1,8.772705380000048,53.08140410200008,Woltmershausen,Woltmershausen,POINT (8.772705380000048 53.08140410200008)
9311,12,2024,10,3,15,3,5,2,1,1,0,0,0,0,0,0,8.592608405000021,53.53523990000008,Geestemünde,Buschkämpen,POINT (8.592608405000021 53.53523990000008)
9312,11,2024,10,2,11,3,5,2,1,1,0,0,0,0,0,0,8.739746302000071,53.13656481400005,Gröpelingen,Oslebshausen,POINT (8.739746302000071 53.13656481400005)
9313,11,2024,10,1,12,3,5,2,1,1,0,0,0,0,0,1,8.931791420000025,53.06252456000004,Osterholz,Ellener Feld,POINT (8.931791420000025 53.06252456000004)
9314,11,2024,10,7,10,3,5,2,1,0,0,0,0,1,0,0,8.80390525200005,53.08433092900003,Mitte,Bahnhofsvorstadt,POINT (8.80390525200005 53.08433092900003)
9315,11,2024,10,6,13,3,5,3,1,1,0,0,0,0,0,0,8.950934054000072,53.05790298900007,Osterholz,Osterholz,POINT (8.950934054000072 53.05790298900007)
9316,11,2024,10,6,14,3,5,3,1,1,0,0,0,0,0,0,8.81889691300006,53.111694526000065,Findorff,In den Hufen,POINT (8.81889691300006 53.111694526000065)
9317,11,2024,10,6,14,3,5,3,1,1,0,0,0,0,0,0,8.824247633000027,53.07919428200006,Mitte,Ostertor,POINT (8.824247633000027 53.07919428200006)
9318,12,2024,10,4,18,3,5,2,1,1,0,0,0,0,1,0,8.58180051100004,53.53575772600004,Geestemünde,Buschkämpen,POINT (8.58180051100004 53.53575772600004)
9319,11,2024,10,4,7,3,5,3,1,1,0,0,0,0,0,0,8.78616076000003,53.074653624000064,Neustadt,Alte Neustadt,POINT (8.78616076000003 53.074653624000064)
9320,11,2024,10,3,11,3,5,3,1,1,0,0,0,0,0,0,8.856553802000064,53.08256219700007,Vahr,Gartenstadt Vahr,POINT (8.856553802000064 53.08256219700007)
9321,11,2024,10,1,12,2,0,7,1,0,0,0,0,0,0,0,8.627094227000043,53.17033031100004,Vegesack,Vegesack,POINT (8.627094227000043 53.17033031100004)
9322,11,2024,10,1,14,3,5,3,1,1,0,0,0,0,0,0,8.89462287200007,53.07945971500004,Vahr,Neue Vahr Südost,POINT (8.89462287200007 53.07945971500004)
9323,11,2024,10,7,7,3,3,2,1,0,0,0,0,1,0,0,8.848883037000064,53.06794036800005,Östliche Vorstadt,Peterswerder,POINT (8.848883037000064 53.06794036800005)
9324,11,2024,10,6,7,3,0,3,1,1,0,0,0,0,0,0,8.754783343000042,53.12419188000007,Gröpelingen,Ohlenhof,POINT (8.754783343000042 53.12419188000007)
9325,11,2024,10,6,14,3,5,3,1,1,0,0,0,0,0,0,8.799871290000056,53.07004692500004,Neustadt,Alte Neustadt,POINT (8.799871290000056 53.07004692500004)
9326,11,2024,10,6,7,3,5,3,1,1,0,0,0,0,0,0,8.754783343000042,53.12419188000007,Gröpelingen,Ohlenhof,POINT (8.754783343000042 53.12419188000007)
9327,11,2024,10,5,17,3,5,3,1,1,0,0,0,0,0,0,8.597573449000038,53.184801363000076,Vegesack,Fähr-Lobbendorf,POINT (8.597573449000038 53.184801363000076)
9328,12,2024,10,4,8,3,5,3,1,1,0,0,0,0,0,0,8.591728424000053,53.53968745100008,Geestemünde,Buschkämpen,POINT (8.591728424000053 53.53968745100008)
9329,11,2024,10,4,8,3,4,6,1,1,0,0,0,0,0,1,8.610334934000036,53.17554990600007,Vegesack,Fähr-Lobbendorf,POINT (8.610334934000036 53.17554990600007)
9330,11,2024,10,4,4,3,0,1,1,0,0,0,0,0,2,1,8.696942505000038,53.16853202200008,Burglesum,Lesum,POINT (8.696942505000038 53.16853202200008)
9331,11,2024,10,4,6,3,9,1,1,0,0,0,0,0,2,1,8.78021473900003,53.09270310200003,Walle,Steffensweg,POINT (8.78021473900003 53.09270310200003)