,UKREIS,UJAHR,UMONAT,UWOCHENTAG,USTUNDE,UKATEGORIE,UART,UTYP1,IstRad,IstPKW,IstFuss,IstKrad,IstGkfz,IstSonstig,ULICHTVERH,STRZUSTAND,longitude,latitude,Stadtteil,Ortsteil,geometry
9801,11,2024,5,6,21,2,8,7,1,0,0,0,0,0,2,0,8.822224582000047,53.085540062000064,Schwachhausen,Barkhof,POINT (8.822224582000047 53.085540062000064)
9802,12,2024,5,5,18,3,2,6,1,1,0,0,0,0,0,0,8.627609544000052,53.528037477000055,Schiffdorferdamm,Buschkämpen,POINT (8.627609544000052 53.528037477000055)
9803,11,2024,5,5,14,3,5,3,1,0,0,1,0,0,0,0,8.937564555000051,53.038471868000045,Hemelingen,Mahndorf,POINT (8.937564555000051 53.038471868000045)
9804,12,2024,5,4,18,3,5,2,1,1,0,0,0,0,0,0,8.600358751000044,53.501211322000074,Wulsdorf,Geestemünde-Süd,POINT (8.600358751000044 53.501211322000074)
9805,11,2024,5,4,7,3,5,3,1,1,0,0,0,0,0,0,8.589175021000074,53.18306806000004,Blumenthal,Blumenthal,POINT (8.589175021000074 53.18306806000004)
9806,11,2024,5,4,12,3,4,6,1,0,0,0,0,0,0,0,8.853492716000062,53.06480221800007,Hemelingen,Hastedt,POINT (8.853492716000062 53.06480221800007)
9807,11,2024,7,5,8,2,0,7,1,0,0,0,0,0,0,0,8.842919295000058,53.106040603000054,Horn-Lehe,Lehe,POINT (8.842919295000058 53.106040603000054)
9808,12,2024,5,3,5,3,3,6,1,0,0,0,0,0,1,0,8.593793008000034,53.56125871300003,Lehe,Königsheide,POINT (8.593793008000034 53.56125871300003)
9809,12,2024,5,2,7,3,5,3,1,1,0,0,0,0,0,0,8.59780052900004,53.54340387700006,Geestemünde,Buschkämpen,POINT (8.59780052900004 53.54340387700006)
9810,11,2024,5,2,14,3,0,7,1,1,0,0,0,0,0,0,8.825146969000059,53.07303075600004,Östliche Vorstadt,Steintor,POINT (8.825146969000059 53.07303075600004)
9811,11,2024,5,2,7,3,4,6,1,0,1,0,0,0,0,0,8.510591930000032,53.21431198800008,Blumenthal,Rekum,POINT (8.510591930000032 53.21431198800008)
9812,11,2024,5,2,14,3,5,2,1,1,0,0,0,0,0,0,8.88204809900003,53.079124731000036,Vahr,Neue Vahr Südwest,POINT (8.88204809900003 53.079124731000036)
9813,12,2024,5,7,17,3,5,7,1,1,0,0,0,0,0,0,8.581855301000076,53.54306898100003,Mitte,Weddewarden,POINT (8.581855301000076 53.54306898100003)
9814,11,2024,5,7,16,3,5,6,1,0,1,0,0,0,0,0,8.787370262000024,53.149386993000064,unbekannt,Blockland,POINT (8.787370262000024 53.149386993000064)
9815,11,2024,5,7,16,3,5,6,1,0,1,0,0,0,0,0,8.79900473400005,53.128922802000034,unbekannt,Blockland,POINT (8.79900473400005 53.128922802000034)
9816,11,2024,5,7,14,3,0,2,1,1,0,0,0,0,0,0,8.784961769000063,53.10221131000003,Walle,Walle,POINT (8.784961769000063 53.10221131000003)
9817,11,2024,5,7,8,3,5,3,1,1,0,0,0,0,0,0,8.815352020000034,53.08119830900006,Mitte,Bahnhofsvorstadt,POINT (8.815352020000034 53.08119830900006)
9818,11,2024,5,7,16,3,2,6,1,0,0,0,0,0,0,0,8.944884306000063,53.03409564900005,Hemelingen,Mahndorf,POINT (8.944884306000063 53.03409564900005)
9819,11,2024,10,4,21,2,5,3,1,0,0,1,0,0,2,1,8.811602467000057,53.07711131800005,Mitte,Altstadt,POINT (8.811602467000057 53.07711131800005)
9820,11,2024,5,6,8,3,5,3,1,1,0,0,0,0,0,0,8.854005649000044,53.06613473500005,Hemelingen,Hastedt,POINT (8.854005649000044 53.06613473500005)
9821,11,2024,12,3,4,3,1,5,1,1,0,0,0,0,2,0,8.818574523000052,53.082657409000035,Schwachhausen,Barkhof,POINT (8.818574523000052 53.082657409000035)
9822,11,2024,12,3,10,3,5,3,1,0,0,0,0,1,0,0,8.773294781000061,53.108691846000056,Walle,Walle,POINT (8.773294781000061 53.108691846000056)
9823,11,2024,12,3,12,3,0,7,1,0,0,0,0,1,0,0,8.949365128000068,53.06383937900006,Osterholz,Tenever,POINT (8.949365128000068 53.06383937900006)
9824,11,2024,12,3,10,3,5,3,1,1,0,0,0,0,0,0,8.872459917000072,53.08581841400007,Schwachhausen,Radio Bremen,POINT (8.872459917000072 53.08581841400007)
9825,11,2024,12,3,8,3,5,3,1,1,0,0,0,0,1,1,8.818147991000046,53.07776052200006,Mitte,Ostertor,POINT (8.818147991000046 53.07776052200006)
9826,12,2024,12,2,15,3,1,1,1,1,0,0,0,0,0,1,8.586078257000054,53.560971848000065,Lehe,Königsheide,POINT (8.586078257000054 53.560971848000065)
9827,11,2024,12,2,11,3,8,7,1,0,0,0,0,0,0,0,8.89223585600007,53.04781092300004,Hemelingen,Hemelingen,POINT (8.89223585600007 53.04781092300004)
9828,11,2024,12,2,14,3,5,3,1,1,0,0,0,0,0,0,8.932875637000052,53.058880499000054,Osterholz,Osterholz,POINT (8.932875637000052 53.058880499000054)
9829,11,2024,12,5,16,3,5,3,1,1,0,0,0,0,1,0,8.936685581000063,53.05866809400004,Osterholz,Ellenerbrok-Schevemoor,POINT (8.936685581000063 53.05866809400004)
9830,11,2024,12,3,2,3,5,3,1,1,0,0,0,0,2,1,8.802609546000042,53.07748221000003,Mitte,Altstadt,POINT (8.802609546000042 53.07748221000003)
9831,12,2024,12,2,16,3,5,2,1,1,0,0,0,0,2,1,8.59412719200003,53.53898409000004,Geestemünde,Buschkämpen,POINT (8.59412719200003 53.53898409000004)
9832,11,2024,12,1,20,3,5,3,1,1,0,0,0,0,2,1,8.625557663000052,53.18133302400008,Vegesack,Aumund-Hammersbeck,POINT (8.625557663000052 53.18133302400008)
9833,11,2024,12,7,3,3,5,3,1,1,0,0,0,0,2,1,8.826116477000028,53.07881595300006,Östliche Vorstadt,Fesenfeld,POINT (8.826116477000028 53.07881595300006)
9834,11,2024,12,6,19,3,5,3,1,1,0,0,0,0,2,1,8.740777061000074,53.047956406000026,Huchting,Kirchhuchting,POINT (8.740777061000074 53.047956406000026)
9835,11,2024,12,6,12,3,5,3,1,1,0,0,0,0,0,0,8.901117295000063,53.08933378100005,unbekannt,unbekannt,POINT (8.901117295000063 53.08933378100005)
9836,11,2024,12,5,2,3,0,7,1,0,0,0,0,0,2,1,8.824277386000063,53.07007840600005,Mitte,Ostertor,POINT (8.824277386000063 53.07007840600005)
9837,11,2024,12,4,14,3,0,5,1,0,0,0,0,0,0,1,8.823458343000027,53.07298611700003,Östliche Vorstadt,Steintor,POINT (8.823458343000027 53.07298611700003)
9838,11,2024,12,4,16,3,5,3,1,1,0,0,0,0,1,1,8.931775767000033,53.041002528000035,Hemelingen,Mahndorf,POINT (8.931775767000033 53.041002528000035)
9839,12,2024,12,3,10,3,5,2,1,0,0,0,0,1,0,0,8.591448417000038,53.581265374000054,Lehe,Königsheide,POINT (8.591448417000038 53.581265374000054)
9840,11,2024,12,3,12,3,5,3,1,1,0,0,0,0,0,0,8.919932595000034,53.05958330300007,Osterholz,Osterholz,POINT (8.919932595000034 53.05958330300007)
9841,11,2024,12,5,13,3,5,2,1,0,0,0,1,0,0,0,8.87003545400006,53.06498829000003,Hemelingen,Hastedt,POINT (8.87003545400006 53.06498829000003)
9842,11,2024,12,5,7,3,5,2,1,1,0,0,0,0,2,0,8.838988751000045,53.10242862100006,Schwachhausen,Neu-Schwachhausen,POINT (8.838988751000045 53.10242862100006)
9843,11,2024,12,4,17,3,5,3,1,1,0,0,0,0,1,0,8.880347633000042,53.08241982900006,Vahr,Neue Vahr Südwest,POINT (8.880347633000042 53.08241982900006)
9844,11,2024,12,3,10,3,5,3,1,1,0,0,0,0,0,0,8.77265331600006,53.096294647000036,Walle,Überseestadt,POINT (8.77265331600006 53.096294647000036)
9845,11,2024,12,2,7,3,4,6,1,0,0,0,0,0,2,1,8.820447840000043,53.06937878800005,Mitte,Ostertor,POINT (8.820447840000043 53.06937878800005)
9846,11,2024,12,2,16,3,5,3,1,0,0,0,0,1,2,1,8.79382494600003,53.06854133200005,Neustadt,Neustadt,POINT (8.79382494600003 53.06854133200005)
9847,11,2024,12,2,8,2,0,1,1,0,0,0,0,0,1,1,8.810694987000034,53.071784972000046,Mitte,Altstadt,POINT (8.810694987000034 53.071784972000046)
9848,11,2024,12,2,7,3,5,2,1,1,0,0,0,0,1,1,8.931669532000058,53.06219852900006,Osterholz,Ellener Feld,POINT (8.931669532000058 53.06219852900006)
9849,12,2024,12,1,23,3,0,1,1,0,0,0,0,0,2,1,8.583109685000068,53.560784744000046,Lehe,Königsheide,POINT (8.583109685000068 53.560784744000046)
9850,11,2024,12,6,7,3,5,3,1,1,0,0,0,0,1,0,8.820243898000058,53.08400263000004,Schwachhausen,Barkhof,POINT (8.820243898000058 53.08400263000004)
9851,11,2024,12,7,13,3,2,6,1,0,0,0,0,0,0,1,8.803722464000032,53.07676664000007,Mitte,Altstadt,POINT (8.803722464000032 53.07676664000007)
9852,11,2024,12,6,15,2,5,2,1,1,0,0,0,0,0,1,8.789657158000068,53.10324180100008,Walle,Osterfeuerberg,POINT (8.789657158000068 53.10324180100008)
9853,11,2024,12,5,17,3,3,2,1,1,0,0,0,0,2,1,8.779892177000022,53.08478242700005,Walle,Überseestadt,POINT (8.779892177000022 53.08478242700005)
9854,11,2024,12,5,15,3,2,2,1,1,0,0,0,0,1,1,8.803714886000023,53.08022608400006,Mitte,Altstadt,POINT (8.803714886000023 53.08022608400006)
9855,11,2024,12,4,22,2,4,6,1,0,0,0,0,0,2,1,8.819183475000045,53.08702619200005,Schwachhausen,Bürgerpark,POINT (8.819183475000045 53.08702619200005)
9856,11,2024,12,3,7,3,5,3,1,0,0,0,1,0,0,1,8.87094161400006,53.08753253100008,Schwachhausen,Radio Bremen,POINT (8.87094161400006 53.08753253100008)
9857,11,2024,12,3,23,3,5,3,1,1,0,0,0,0,2,1,8.866701461000048,53.08213889400008,Vahr,Gartenstadt Vahr,POINT (8.866701461000048 53.08213889400008)
9858,11,2024,12,1,12,2,6,4,1,0,1,0,0,0,0,0,8.797019117000048,53.07451593900004,Neustadt,Alte Neustadt,POINT (8.797019117000048 53.07451593900004)
9859,11,2024,11,7,12,3,5,3,1,1,0,0,0,0,0,0,8.718871043000036,53.05913513000007,Huchting,Mittelshuchting,POINT (8.718871043000036 53.05913513000007)
9860,11,2024,11,7,9,2,6,4,1,1,1,0,0,0,0,0,8.930139463000046,53.070842552000045,Osterholz,Ellener Feld,POINT (8.930139463000046 53.070842552000045)
9861,11,2024,11,6,11,3,3,6,1,0,0,0,0,0,0,0,8.627856267000027,53.173574803000065,Vegesack,Vegesack,POINT (8.627856267000027 53.173574803000065)
9862,11,2024,11,5,17,3,5,2,1,1,0,0,0,0,2,0,8.846961337000039,53.04826072700007,Obervieland,Habenhausen,POINT (8.846961337000039 53.04826072700007)
9863,11,2024,11,5,14,2,5,2,1,1,0,0,0,0,0,0,8.902651149000064,53.12679190700004,unbekannt,Borgfeld,POINT (8.902651149000064 53.12679190700004)
9864,12,2024,11,4,16,3,5,2,1,0,0,0,0,1,2,1,8.591775531000053,53.58142304200004,Lehe,Königsheide,POINT (8.591775531000053 53.58142304200004)
9865,11,2024,11,4,7,3,5,3,1,1,0,0,0,0,1,1,8.781739535000042,53.08754499600008,Walle,Überseestadt,POINT (8.781739535000042 53.08754499600008)
9866,11,2024,11,4,12,2,5,2,1,1,0,0,0,0,0,1,8.898538769000027,53.119915081000045,unbekannt,Borgfeld,POINT (8.898538769000027 53.119915081000045)
9867,11,2024,11,3,0,3,1,5,1,1,0,0,0,0,2,0,8.809536088000073,53.06315611100007,Neustadt,Buntentor,POINT (8.809536088000073 53.06315611100007)
9868,11,2024,11,3,17,2,5,3,1,1,0,0,0,0,2,0,8.79567307900004,53.05617684200007,Neustadt,Neuenland,POINT (8.79567307900004 53.05617684200007)
9869,11,2024,11,3,7,3,5,1,1,1,0,0,0,0,0,1,8.894586124000057,53.07949914100004,Vahr,Neue Vahr Südost,POINT (8.894586124000057 53.07949914100004)
9870,11,2024,11,3,15,3,5,3,1,1,0,0,0,0,0,0,8.910557588000074,53.08262216300005,unbekannt,unbekannt,POINT (8.910557588000074 53.08262216300005)
9871,11,2024,11,2,11,3,5,3,1,0,0,0,0,1,0,0,8.792326372000048,53.10335443900004,Walle,Osterfeuerberg,POINT (8.792326372000048 53.10335443900004)
9872,11,2024,11,2,16,3,4,2,1,1,0,0,0,0,1,1,8.725372110000023,53.04538061200003,Huchting,Sodenmatt,POINT (8.725372110000023 53.04538061200003)
9873,11,2024,11,2,15,3,4,6,1,0,0,0,0,1,0,0,8.884662728000023,53.07270023800004,Hemelingen,Sebaldsbrück,POINT (8.884662728000023 53.07270023800004)
9874,12,2024,11,6,13,3,5,3,1,1,0,0,0,0,0,0,8.638549451000074,53.53088397600004,Schiffdorferdamm,Buschkämpen,POINT (8.638549451000074 53.53088397600004)
9875,11,2024,11,6,15,3,5,2,1,1,0,0,0,0,1,1,8.819305652000025,53.08038931900006,Mitte,Ostertor,POINT (8.819305652000025 53.08038931900006)
9876,11,2024,11,5,18,3,4,2,1,1,0,0,0,0,2,1,8.837405808000028,53.03783559100003,Obervieland,Arsten,POINT (8.837405808000028 53.03783559100003)
9877,11,2024,11,5,7,3,5,3,1,1,0,0,0,0,2,0,8.811210194000068,53.08015444700004,Mitte,Bahnhofsvorstadt,POINT (8.811210194000068 53.08015444700004)
9878,12,2024,11,4,16,3,5,2,1,0,0,0,0,1,2,1,8.582905978000042,53.554066556000066,Lehe,Königsheide,POINT (8.582905978000042 53.554066556000066)
9879,11,2024,11,4,14,3,5,1,1,1,0,0,0,0,0,1,8.734663646000058,53.046543987000064,Huchting,Kirchhuchting,POINT (8.734663646000058 53.046543987000064)
9880,11,2024,11,4,17,3,0,7,1,0,0,0,0,0,2,1,8.848125572000072,53.08726425400005,Schwachhausen,Riensberg,POINT (8.848125572000072 53.08726425400005)
9881,11,2024,11,3,12,2,5,3,1,1,0,0,0,0,0,1,8.739132277000067,53.13522118800006,Gröpelingen,Oslebshausen,POINT (8.739132277000067 53.13522118800006)
9882,11,2024,11,3,13,3,0,7,1,0,0,0,0,0,0,2,8.80146936400007,53.10184054900003,Walle,Osterfeuerberg,POINT (8.80146936400007 53.10184054900003)
9883,11,2024,11,7,20,3,2,6,1,1,0,0,0,0,2,1,8.839799692000042,53.02908957500006,Obervieland,Arsten,POINT (8.839799692000042 53.02908957500006)
9884,11,2024,11,3,10,3,5,3,1,0,0,0,0,1,0,1,8.825161427000069,53.084478155000056,Schwachhausen,Bürgerpark,POINT (8.825161427000069 53.084478155000056)
9885,11,2024,11,3,7,3,6,6,1,0,1,0,0,0,2,1,8.870658159000072,53.075984074000075,Vahr,Gartenstadt Vahr,POINT (8.870658159000072 53.075984074000075)
9886,11,2024,11,2,7,3,5,2,1,1,0,0,0,0,0,1,8.860653160000027,53.07918491700008,Schwachhausen,Gete,POINT (8.860653160000027 53.07918491700008)
9887,11,2024,11,2,17,3,0,7,1,1,0,0,0,0,1,1,8.810607658000038,53.071810318000075,Mitte,Altstadt,POINT (8.810607658000038 53.071810318000075)
9888,11,2024,11,2,16,3,5,3,1,1,0,0,0,0,2,1,8.787010637000037,53.08292318800005,Walle,Überseestadt,POINT (8.787010637000037 53.08292318800005)
9889,11,2024,11,2,14,3,5,3,1,0,0,0,0,1,0,1,8.827802828000074,53.07998508600008,Schwachhausen,Barkhof,POINT (8.827802828000074 53.07998508600008)
9890,11,2024,11,2,9,2,5,3,1,1,0,0,0,0,0,0,8.813453481000067,53.08040115300008,Mitte,Bahnhofsvorstadt,POINT (8.813453481000067 53.08040115300008)
9891,11,2024,11,2,6,3,3,2,1,1,0,0,0,0,2,1,8.854541365000046,53.06699724900005,Hemelingen,Hastedt,POINT (8.854541365000046 53.06699724900005)
9892,11,2024,11,1,15,3,1,1,1,1,0,0,0,0,1,1,8.802924421000057,53.06715851600006,Neustadt,Buntentor,POINT (8.802924421000057 53.06715851600006)
9893,11,2024,11,1,21,3,3,2,1,1,0,0,0,0,2,1,8.824889582000026,53.08457254900003,Schwachhausen,Bürgerpark,POINT (8.824889582000026 53.08457254900003)
9894,11,2024,11,1,13,3,5,3,1,0,0,0,0,1,0,1,8.824454838000065,53.08433993400007,Schwachhausen,Barkhof,POINT (8.824454838000065 53.08433993400007)
9895,11,2024,11,7,18,3,5,3,1,1,0,0,0,0,2,0,8.876527641000052,53.08103939700004,Vahr,Gartenstadt Vahr,POINT (8.876527641000052 53.08103939700004)
9896,11,2024,11,6,8,3,5,2,1,1,0,0,0,0,0,1,8.788161626000033,53.07646757400005,Neustadt,Alte Neustadt,POINT (8.788161626000033 53.07646757400005)
9897,12,2024,11,5,15,3,5,1,1,1,0,0,0,0,0,0,8.600120656000058,53.502383715000065,Wulsdorf,Geestemünde-Süd,POINT (8.600120656000058 53.502383715000065)
9898,11,2024,11,5,11,3,1,7,1,0,0,0,0,0,0,0,8.815308945000027,53.08471328500008,Findorff,Findorff-Bürgerweide,POINT (8.815308945000027 53.08471328500008)
9899,11,2024,11,5,13,3,5,3,1,1,0,0,0,0,0,1,8.821337800000038,53.06370532200003,Neustadt,Huckelriede,POINT (8.821337800000038 53.06370532200003)
9900,11,2024,11,5,19,3,6,4,1,0,1,0,0,0,2,1,8.85196079700006,53.09507637000007,Schwachhausen,Riensberg,POINT (8.85196079700006 53.09507637000007)
9901,11,2024,11,5,10,3,1,7,1,1,0,0,0,0,0,1,8.824702805000072,53.02794544900007,Obervieland,Kattenesch,POINT (8.824702805000072 53.02794544900007)
9902,11,2024,11,5,13,3,7,7,1,0,0,0,0,1,0,0,8.791311438000037,53.06511281600007,Neustadt,Neustadt,POINT (8.791311438000037 53.06511281600007)
9903,11,2024,11,5,8,3,5,3,1,1,0,0,0,0,0,1,8.880336274000058,53.082442842000034,Vahr,Neue Vahr Südwest,POINT (8.880336274000058 53.082442842000034)
9904,12,2024,11,4,12,3,5,2,1,0,0,0,0,1,0,1,8.597803874000022,53.50674024300008,Wulsdorf,Geestemünde-Süd,POINT (8.597803874000022 53.50674024300008)
9905,11,2024,11,4,16,3,0,7,1,0,0,0,0,0,2,1,8.830602249000037,53.07152420300008,Östliche Vorstadt,Steintor,POINT (8.830602249000037 53.07152420300008)
9906,11,2024,11,4,18,3,5,3,1,1,0,0,0,0,2,1,8.959506700000077,53.05741165900008,Osterholz,Tenever,POINT (8.959506700000077 53.05741165900008)
9907,11,2024,11,4,13,3,5,3,1,1,0,0,0,0,0,1,8.627642366000032,53.17133317000008,Vegesack,Vegesack,POINT (8.627642366000032 53.17133317000008)
9908,11,2024,11,3,7,3,1,1,1,1,0,0,0,0,0,0,8.859647817000052,53.06633272400006,Hemelingen,Hastedt,POINT (8.859647817000052 53.06633272400006)
9909,11,2024,11,3,9,3,6,4,1,0,1,0,0,0,0,0,8.854777961000025,53.06773453000005,Östliche Vorstadt,Peterswerder,POINT (8.854777961000025 53.06773453000005)
9910,11,2024,11,3,15,3,5,3,1,1,0,0,0,0,0,0,8.583535011000038,53.214343677000045,Blumenthal,Lüssum-Bockhorn,POINT (8.583535011000038 53.214343677000045)
9911,12,2024,11,2,15,2,5,3,1,1,0,0,0,0,0,1,8.569039841000063,53.551615508000054,Mitte,Weddewarden,POINT (8.569039841000063 53.551615508000054)
9912,11,2024,11,2,13,3,5,3,1,1,0,0,0,0,0,0,8.87889870400005,53.06493191100003,Hemelingen,Hastedt,POINT (8.87889870400005 53.06493191100003)
9913,11,2024,11,2,20,3,5,3,1,1,0,0,0,0,2,1,8.840065462000041,53.10362956200004,Schwachhausen,Neu-Schwachhausen,POINT (8.840065462000041 53.10362956200004)
9914,11,2024,11,2,9,3,5,3,1,1,0,0,0,0,0,0,8.798192741000037,53.06930403700005,Neustadt,Alte Neustadt,POINT (8.798192741000037 53.06930403700005)
9915,11,2024,11,2,17,3,5,3,1,1,0,0,0,0,2,1,8.739113204000034,53.13519768800006,Gröpelingen,Oslebshausen,POINT (8.739113204000034 53.13519768800006)
9916,11,2024,11,2,16,3,1,5,1,1,0,0,0,0,0,0,8.871555882000052,53.06438618300007,Hemelingen,Hastedt,POINT (8.871555882000052 53.06438618300007)
9917,12,2024,11,1,20,3,0,1,1,0,0,0,0,0,2,0,8.579444541000044,53.554133808000074,Lehe,Königsheide,POINT (8.579444541000044 53.554133808000074)
9918,11,2024,11,1,17,3,0,7,1,0,0,0,0,0,2,0,8.792104229000074,53.07301594100005,Neustadt,Alte Neustadt,POINT (8.792104229000074 53.07301594100005)
9919,11,2024,11,1,18,3,5,2,1,1,0,0,0,0,2,0,8.876063616000067,53.08213572900007,Vahr,Neue Vahr Südwest,POINT (8.876063616000067 53.08213572900007)
9920,11,2024,11,7,11,3,4,6,1,0,0,0,0,0,0,0,8.712616597000022,53.04465143600004,Huchting,Sodenmatt,POINT (8.712616597000022 53.04465143600004)
9921,11,2024,11,6,7,3,3,2,1,1,0,0,0,0,0,0,8.876519847000054,53.08147007600007,Vahr,Neue Vahr Südwest,POINT (8.876519847000054 53.08147007600007)
9922,11,2024,11,6,14,3,5,3,1,1,0,0,0,0,0,0,8.713825738000025,53.14013875000006,Burglesum,Burg-Grambke,POINT (8.713825738000025 53.14013875000006)
9923,11,2024,11,6,16,3,5,3,1,1,0,0,0,0,1,0,8.878632862000075,53.10135279900004,Horn-Lehe,Lehe,POINT (8.878632862000075 53.10135279900004)
9924,12,2024,11,5,0,3,8,1,1,0,0,0,0,0,2,1,8.586494278000032,53.540138211000055,Geestemünde,Buschkämpen,POINT (8.586494278000032 53.540138211000055)
9925,11,2024,11,5,20,3,5,2,1,1,0,0,0,0,2,0,8.818323147000058,53.082791145000044,Schwachhausen,Barkhof,POINT (8.818323147000058 53.082791145000044)
9926,11,2024,2,6,15,3,6,7,1,0,1,0,0,0,0,1,8.810487401000046,53.06273603300008,Neustadt,Buntentor,POINT (8.810487401000046 53.06273603300008)
9927,11,2024,3,6,18,3,6,7,1,0,1,0,0,0,1,0,8.83132368300005,53.03391641800005,Obervieland,Kattenturm,POINT (8.83132368300005 53.03391641800005)
9928,11,2024,4,2,8,3,7,7,1,0,0,0,0,1,0,0,8.76191063300007,53.11827215200003,Gröpelingen,Gröpelingen,POINT (8.76191063300007 53.11827215200003)
9929,11,2024,4,1,14,2,0,7,1,0,0,0,0,0,0,1,8.908489064000037,53.08305016800006,unbekannt,unbekannt,POINT (8.908489064000037 53.08305016800006)
9930,11,2024,4,3,17,3,7,7,1,0,0,0,0,1,0,0,8.801432848000047,53.10242758900006,Walle,Osterfeuerberg,POINT (8.801432848000047 53.10242758900006)
9931,11,2024,5,4,15,3,0,7,1,0,0,0,0,0,0,0,8.85866697800003,53.100767620000056,Horn-Lehe,Lehe,POINT (8.85866697800003 53.100767620000056)
9932,11,2024,5,4,17,3,2,6,1,1,0,0,0,0,0,0,8.849365308000074,53.09881811100007,Schwachhausen,Neu-Schwachhausen,POINT (8.849365308000074 53.09881811100007)
9933,11,2024,5,5,6,3,5,2,1,1,0,0,0,0,0,0,8.71965407600004,53.04398268500006,Huchting,Sodenmatt,POINT (8.71965407600004 53.04398268500006)
9934,11,2024,6,2,12,3,4,6,1,0,0,0,0,0,0,0,8.81017859900004,53.03324557700006,Obervieland,Kattenesch,POINT (8.81017859900004 53.03324557700006)
9935,11,2024,6,4,23,2,0,7,1,0,0,0,0,0,2,0,8.822590726000044,53.09535860300008,Schwachhausen,Bürgerpark,POINT (8.822590726000044 53.09535860300008)
9936,11,2024,6,4,20,3,4,6,1,0,0,0,0,1,1,0,8.80711517800006,53.07269377500006,Mitte,Altstadt,POINT (8.80711517800006 53.07269377500006)
9937,11,2024,6,1,1,3,0,7,1,0,0,0,0,0,2,1,8.826888753000048,53.05876841000003,Neustadt,Huckelriede,POINT (8.826888753000048 53.05876841000003)
9938,11,2024,7,2,15,3,3,6,1,0,0,0,0,1,0,1,8.88491868500006,53.10565856100004,Horn-Lehe,Lehesterdeich,POINT (8.88491868500006 53.10565856100004)
9939,11,2024,7,6,17,3,0,7,1,0,0,0,0,0,0,0,8.83626640500006,53.09946718800006,Schwachhausen,Neu-Schwachhausen,POINT (8.83626640500006 53.09946718800006)
9940,12,2024,7,6,19,3,0,1,1,0,0,0,0,0,0,1,8.579501470000025,53.57864808200003,Lehe,Königsheide,POINT (8.579501470000025 53.57864808200003)
9941,11,2024,7,5,19,3,3,6,1,0,0,0,0,0,0,0,8.839005622000059,53.10265232300003,Schwachhausen,Neu-Schwachhausen,POINT (8.839005622000059 53.10265232300003)
9942,11,2024,7,4,8,3,5,2,1,0,0,0,0,1,0,0,8.779906142000073,53.06842747800005,Neustadt,Hohentor,POINT (8.779906142000073 53.06842747800005)
9943,11,2024,8,6,13,3,4,6,1,0,0,0,0,0,0,0,8.85744796800003,53.101315975000034,Horn-Lehe,Lehe,POINT (8.85744796800003 53.101315975000034)
9944,11,2024,8,6,22,3,7,7,1,0,0,0,0,0,2,0,8.829274113000054,53.06865194900007,Östliche Vorstadt,Steintor,POINT (8.829274113000054 53.06865194900007)
9945,11,2024,8,2,16,2,0,7,1,0,0,0,0,0,0,0,8.824668830000064,53.08491334800004,Schwachhausen,Bürgerpark,POINT (8.824668830000064 53.08491334800004)
9946,11,2024,8,2,8,3,0,7,1,0,1,0,0,0,0,0,8.893559337000056,53.07774250300008,Vahr,Neue Vahr Südost,POINT (8.893559337000056 53.07774250300008)
9947,11,2024,9,6,17,3,4,6,1,0,0,0,0,1,0,0,8.758183540000061,53.09271479900008,Woltmershausen,Rablinghausen,POINT (8.758183540000061 53.09271479900008)
9948,11,2024,9,6,12,3,5,3,1,1,0,0,0,0,0,0,8.831433076000053,53.04083164600007,Obervieland,Kattenturm,POINT (8.831433076000053 53.04083164600007)
9949,11,2024,10,6,14,3,0,7,1,0,1,0,0,0,0,0,8.814845364000064,53.09637619200004,Findorff,Weidedamm,POINT (8.814845364000064 53.09637619200004)
9950,11,2024,10,5,15,3,3,6,1,0,0,0,0,0,0,0,8.824533032000033,53.056920982000065,Neustadt,Huckelriede,POINT (8.824533032000033 53.056920982000065)
9951,11,2024,10,6,16,2,6,7,1,0,1,0,0,0,0,0,8.864662215000067,53.06015452100007,Hemelingen,Hastedt,POINT (8.864662215000067 53.06015452100007)
9952,11,2024,10,7,15,3,0,7,1,0,0,0,0,0,0,1,8.813862045000064,53.07115764000008,Mitte,Altstadt,POINT (8.813862045000064 53.07115764000008)
9953,12,2024,11,1,17,3,5,2,1,1,0,0,0,0,1,1,8.59323738300003,53.551143506000074,Geestemünde,Buschkämpen,POINT (8.59323738300003 53.551143506000074)
9954,11,2024,11,4,18,2,0,7,1,0,0,0,0,1,1,1,8.938925075000043,53.06721885800005,Osterholz,Ellenerbrok-Schevemoor,POINT (8.938925075000043 53.06721885800005)
9955,11,2024,12,1,15,3,0,7,1,0,0,0,0,1,0,0,8.857489330000021,53.061030292000055,Hemelingen,Hastedt,POINT (8.857489330000021 53.061030292000055)
9956,11,2024,12,5,17,3,1,5,1,1,0,0,0,0,2,1,8.81618744800005,53.04938632900007,Neustadt,Huckelriede,POINT (8.81618744800005 53.04938632900007)