,UKREIS,UJAHR,UMONAT,UWOCHENTAG,USTUNDE,UKATEGORIE,UART,UTYP1,IstRad,IstPKW,IstFuss,IstKrad,IstGkfz,IstSonstig,ULICHTVERH,STRZUSTAND,longitude,latitude,Stadtteil,Ortsteil,geometry
9957,11,2024,12,2,16,3,0,7,1,0,0,0,0,0,1,1,8.903595034000034,53.08111284900008,Vahr,Neue Vahr Südost,POINT (8.903595034000034 53.08111284900008)
9958,11,2024,12,6,14,3,3,6,1,0,0,0,0,0,0,1,8.843169041000067,53.05638714300005,Obervieland,Habenhausen,POINT (8.843169041000067 53.05638714300005)
9959,12,2025,5,7,10,3,5,2,1,1,0,0,0,0,0,0,8.575272666000046,53.54768402500008,Mitte,Weddewarden,POINT (8.575272666000046 53.54768402500008)
9960,11,2025,10,2,16,3,5,3,1,1,0,0,0,0,0,1,8.814799246000064,53.04093970200006,Obervieland,Kattenturm,POINT (8.814799246000064 53.04093970200006)
9961,11,2025,4,2,9,3,5,2,1,1,0,0,0,0,0,0,8.816023702000052,53.04311133500005,Obervieland,Kattenturm,POINT (8.816023702000052 53.04311133500005)
9962,11,2025,11,6,11,3,5,3,1,1,0,0,0,0,0,1,8.816030258000069,53.04312333200005,Obervieland,Kattenturm,POINT (8.816030258000069 53.04312333200005)
9963,12,2025,9,5,11,3,0,1,1,0,0,0,0,0,0,0,8.586044487000038,53.536982082000065,Geestemünde,Buschkämpen,POINT (8.586044487000038 53.536982082000065)
9964,11,2025,11,4,15,3,0,6,1,0,0,0,0,0,0,1,8.812950367000042,53.037666450000074,Obervieland,Kattenturm,POINT (8.812950367000042 53.037666450000074)
9965,11,2025,2,6,14,2,0,7,1,1,0,0,0,0,0,0,8.864051318000065,53.10630755700004,Horn-Lehe,Lehe,POINT (8.864051318000065 53.10630755700004)
9966,11,2025,1,5,16,3,3,6,1,1,0,0,0,0,0,1,8.59375660400002,53.207183791000034,Blumenthal,Lüssum-Bockhorn,POINT (8.59375660400002 53.207183791000034)
9967,11,2025,1,4,7,3,5,2,1,1,0,0,0,0,2,1,8.758865683000067,53.116095089000055,Gröpelingen,Lindenhof,POINT (8.758865683000067 53.116095089000055)
9968,12,2025,3,7,5,2,0,1,1,0,0,0,0,0,2,1,8.595217939000065,53.57178533000007,Lehe,Königsheide,POINT (8.595217939000065 53.57178533000007)
9969,11,2025,1,4,9,3,5,3,1,1,0,0,0,0,0,1,8.85135430300005,53.08540661600006,Schwachhausen,Radio Bremen,POINT (8.85135430300005 53.08540661600006)
9970,12,2025,2,2,16,3,5,3,1,1,0,0,0,0,0,0,8.606477941000037,53.502222422000045,Wulsdorf,Geestemünde-Süd,POINT (8.606477941000037 53.502222422000045)
9971,11,2025,3,6,8,3,1,7,1,1,0,0,0,0,0,0,8.928673157000048,53.06066137500005,Osterholz,Ellener Feld,POINT (8.928673157000048 53.06066137500005)
9972,11,2025,3,5,13,3,5,3,1,1,0,0,0,0,0,0,8.819036568000058,53.077908808000075,Mitte,Ostertor,POINT (8.819036568000058 53.077908808000075)
9973,11,2025,1,3,10,3,0,7,1,1,0,0,0,0,0,0,8.933997262000048,53.068442669000035,Osterholz,Ellener Feld,POINT (8.933997262000048 53.068442669000035)
9974,11,2025,3,4,18,3,0,7,1,0,0,0,0,0,0,0,8.786493190000044,53.10316196600007,Walle,Walle,POINT (8.786493190000044 53.10316196600007)
9975,12,2025,3,3,15,3,5,3,1,1,0,0,0,0,0,0,8.597947344000033,53.58091495600007,Lehe,Königsheide,POINT (8.597947344000033 53.58091495600007)
9976,11,2025,1,2,13,3,0,7,1,0,0,0,0,0,0,1,8.933872921000045,53.06815827500003,Osterholz,Ellener Feld,POINT (8.933872921000045 53.06815827500003)
9977,11,2025,2,2,20,3,0,7,1,0,0,0,0,0,2,0,8.820241803000044,53.08106549900003,Mitte,Ostertor,POINT (8.820241803000044 53.08106549900003)
9978,11,2025,1,4,11,3,4,2,1,1,0,0,0,0,0,1,8.879691672000035,53.11255217100006,Horn-Lehe,Lehesterdeich,POINT (8.879691672000035 53.11255217100006)
9979,11,2025,3,5,13,3,2,2,1,1,0,0,0,0,0,0,8.619263663000027,53.18209643700004,Vegesack,Fähr-Lobbendorf,POINT (8.619263663000027 53.18209643700004)
9980,11,2025,1,2,13,3,5,2,1,1,0,0,0,0,0,0,8.762994831000071,53.06002091000005,Huchting,Grolland,POINT (8.762994831000071 53.06002091000005)
9981,12,2025,2,6,11,3,5,3,1,1,0,0,0,0,0,0,8.576935777000074,53.55255668800004,Mitte,Weddewarden,POINT (8.576935777000074 53.55255668800004)
9982,11,2025,3,6,18,3,2,7,1,0,0,0,0,0,2,0,8.851086507000048,53.08526557700003,Schwachhausen,Radio Bremen,POINT (8.851086507000048 53.08526557700003)
9983,11,2025,1,3,9,3,5,3,1,1,0,0,0,0,1,0,8.616529791000062,53.18415188800003,Vegesack,Fähr-Lobbendorf,POINT (8.616529791000062 53.18415188800003)
9984,12,2025,1,2,7,3,5,3,1,1,0,0,0,0,0,1,8.590978256000028,53.54089191500003,Geestemünde,Buschkämpen,POINT (8.590978256000028 53.54089191500003)
9985,12,2025,1,6,14,3,5,2,1,0,0,0,0,1,0,0,8.58971615300004,53.526910505000046,Geestemünde,Buschkämpen,POINT (8.58971615300004 53.526910505000046)
9986,11,2025,3,4,13,3,5,3,1,1,0,0,0,0,0,0,8.825490284000068,53.078938246000064,Östliche Vorstadt,Fesenfeld,POINT (8.825490284000068 53.078938246000064)
9987,11,2025,3,7,15,3,0,7,1,1,0,0,0,0,0,0,8.805277414000045,53.06573602200007,Neustadt,Buntentor,POINT (8.805277414000045 53.06573602200007)
9988,11,2025,3,6,11,3,5,2,1,1,0,0,0,0,0,0,8.80823128700007,53.094661142000064,Findorff,Weidedamm,POINT (8.80823128700007 53.094661142000064)
9989,11,2025,2,3,14,3,5,2,1,1,0,0,0,0,0,0,8.798156896000023,53.06366010100004,Neustadt,Gartenstadt Süd,POINT (8.798156896000023 53.06366010100004)
9990,11,2025,3,4,8,3,5,2,1,1,0,0,0,0,0,0,8.796601223000039,53.08244953800005,Mitte,Altstadt,POINT (8.796601223000039 53.08244953800005)
9991,11,2025,3,3,10,3,4,6,1,1,0,0,0,0,0,0,8.56978659500004,53.19410206300006,Blumenthal,Blumenthal,POINT (8.56978659500004 53.19410206300006)
9992,11,2025,1,5,16,3,5,2,1,1,0,0,0,0,1,0,8.729996974000073,53.04000964700003,Huchting,Kirchhuchting,POINT (8.729996974000073 53.04000964700003)
9993,11,2025,3,2,12,3,1,5,1,1,0,0,0,0,0,0,8.757724436000046,53.09150058200004,Woltmershausen,Rablinghausen,POINT (8.757724436000046 53.09150058200004)
9994,12,2025,1,4,10,3,5,3,1,1,0,0,0,0,0,1,8.62130492700004,53.59057166100007,Leherheide,Fehmoor,POINT (8.62130492700004 53.59057166100007)
9995,11,2025,2,5,6,3,2,2,1,1,0,0,0,0,0,0,8.807429357000046,53.094381730000066,Findorff,Regensburger Str.,POINT (8.807429357000046 53.094381730000066)
9996,11,2025,2,6,16,3,0,1,1,1,0,0,0,0,0,0,8.814104945000054,53.07784724600003,Mitte,Bahnhofsvorstadt,POINT (8.814104945000054 53.07784724600003)
9997,11,2025,2,5,13,3,5,3,1,0,0,0,0,1,0,1,8.867752558000063,53.07271723100007,Hemelingen,Hastedt,POINT (8.867752558000063 53.07271723100007)
9998,11,2025,1,6,7,3,5,3,1,0,0,0,0,1,1,2,8.598549663000028,53.18174928800005,Vegesack,Fähr-Lobbendorf,POINT (8.598549663000028 53.18174928800005)
9999,11,2025,3,3,14,3,5,3,1,1,0,0,0,0,0,0,8.794865229000038,53.093940229000054,Walle,Westend,POINT (8.794865229000038 53.093940229000054)
10000,11,2025,2,3,8,3,5,3,1,1,0,0,0,0,0,0,8.856932839000024,53.07267401300004,Hemelingen,Hastedt,POINT (8.856932839000024 53.07267401300004)
10001,11,2025,2,7,14,3,5,3,1,1,0,0,0,0,0,0,8.788090474000057,53.06290493200004,Neustadt,Südervorstadt,POINT (8.788090474000057 53.06290493200004)
10002,11,2025,1,6,13,3,1,5,1,1,0,0,0,0,0,0,8.806593328000076,53.09468399700006,Findorff,Regensburger Str.,POINT (8.806593328000076 53.09468399700006)
10003,11,2025,1,5,8,3,1,7,1,1,0,0,0,0,0,1,8.893287111000063,53.04710363300006,Hemelingen,Hemelingen,POINT (8.893287111000063 53.04710363300006)
10004,12,2025,1,6,15,3,5,3,1,1,0,0,0,0,0,1,8.603900710000062,53.57419975700003,Lehe,Königsheide,POINT (8.603900710000062 53.57419975700003)
10005,12,2025,3,5,14,3,6,7,1,0,1,0,0,0,0,0,8.591136582000047,53.53215069500004,Geestemünde,Buschkämpen,POINT (8.591136582000047 53.53215069500004)
10006,11,2025,1,2,12,3,0,7,1,0,0,0,0,0,0,1,8.812924312000064,53.073998936000066,Mitte,Altstadt,POINT (8.812924312000064 53.073998936000066)
10007,11,2025,1,6,9,2,0,1,1,0,0,0,0,0,0,0,8.619439774000057,53.184110866000026,Vegesack,Aumund-Hammersbeck,POINT (8.619439774000057 53.184110866000026)
10008,11,2025,2,2,16,3,5,3,1,1,0,0,0,0,1,0,8.84702595400006,53.04824256300003,Obervieland,Habenhausen,POINT (8.84702595400006 53.04824256300003)
10009,11,2025,1,4,7,3,5,3,1,1,0,0,0,0,2,1,8.944073231000061,53.06441866200004,Osterholz,Ellenerbrok-Schevemoor,POINT (8.944073231000061 53.06441866200004)
10010,11,2025,1,5,18,3,5,3,1,1,0,0,0,0,2,1,8.90098275500003,53.08949489400004,Horn-Lehe,Horn,POINT (8.90098275500003 53.08949489400004)
10011,11,2025,2,2,17,3,5,3,1,0,0,0,0,1,0,1,8.571941296000034,53.18868536000008,Blumenthal,Blumenthal,POINT (8.571941296000034 53.18868536000008)
10012,11,2025,3,3,13,3,5,3,1,1,0,0,0,0,0,0,8.790257865000058,53.086093135000056,Walle,Überseestadt,POINT (8.790257865000058 53.086093135000056)
10013,11,2025,2,2,14,3,5,2,1,0,0,0,0,1,0,0,8.76753068000005,53.06117001400003,Huchting,Grolland,POINT (8.76753068000005 53.06117001400003)
10014,11,2025,3,2,17,3,0,7,1,0,0,0,0,0,0,0,8.776420320000057,53.09877301100005,Walle,Walle,POINT (8.776420320000057 53.09877301100005)
10015,11,2025,2,2,18,3,5,3,1,1,0,0,0,0,0,0,8.848695194000072,53.07148340800006,Östliche Vorstadt,Peterswerder,POINT (8.848695194000072 53.07148340800006)
10016,11,2025,3,1,15,3,5,3,1,1,0,0,0,0,0,0,8.765669906000028,53.08469301800005,Woltmershausen,Woltmershausen,POINT (8.765669906000028 53.08469301800005)
10017,11,2025,1,6,8,3,5,2,1,1,0,0,0,0,1,1,8.813042514000074,53.08092933300003,Mitte,Bahnhofsvorstadt,POINT (8.813042514000074 53.08092933300003)
10018,11,2025,1,2,13,3,5,2,1,1,0,0,0,0,0,0,8.92412209300005,53.07307761000004,Osterholz,Blockdiek,POINT (8.92412209300005 53.07307761000004)
10019,11,2025,3,6,7,3,5,3,1,1,0,0,0,0,0,0,8.878956248000065,53.08572716900005,Vahr,Neue Vahr Nord,POINT (8.878956248000065 53.08572716900005)
10020,11,2025,2,6,10,3,5,3,1,1,0,0,0,0,0,0,8.738474267000072,53.047256556000036,Huchting,Kirchhuchting,POINT (8.738474267000072 53.047256556000036)
10021,11,2025,3,3,10,3,5,3,1,1,0,0,0,0,0,0,8.751280866000059,53.110868577000076,Häfen,Industriehäfen,POINT (8.751280866000059 53.110868577000076)
10022,11,2025,1,6,23,3,2,6,1,1,0,0,0,0,2,1,8.835698942000022,53.07018969200004,Östliche Vorstadt,Peterswerder,POINT (8.835698942000022 53.07018969200004)
10023,11,2025,3,7,12,3,5,3,1,1,0,0,0,0,0,0,8.808530873000052,53.08290518600006,Mitte,Bahnhofsvorstadt,POINT (8.808530873000052 53.08290518600006)
10024,12,2025,3,3,6,3,5,2,1,1,0,0,0,0,1,0,8.597647745000074,53.57986189600007,Lehe,Königsheide,POINT (8.597647745000074 53.57986189600007)
10025,11,2025,2,4,14,3,5,3,1,1,0,0,0,0,0,0,8.77756161900004,53.08964576500006,Walle,Überseestadt,POINT (8.77756161900004 53.08964576500006)
10026,11,2025,2,6,10,3,6,7,1,0,1,0,0,0,0,0,8.827811625000038,53.07251426400006,Östliche Vorstadt,Steintor,POINT (8.827811625000038 53.07251426400006)
10027,11,2025,2,3,18,3,5,3,1,1,0,0,0,0,2,0,8.705483160000028,53.17429872900004,Burglesum,Burgdamm,POINT (8.705483160000028 53.17429872900004)
10028,11,2025,2,5,11,2,5,3,1,1,0,0,0,0,0,0,8.943468327000062,53.06273498200005,Osterholz,Ellenerbrok-Schevemoor,POINT (8.943468327000062 53.06273498200005)
10029,11,2025,3,3,16,3,5,3,1,1,0,0,0,0,0,0,8.603985400000056,53.17843147900004,Vegesack,Fähr-Lobbendorf,POINT (8.603985400000056 53.17843147900004)
10030,11,2025,3,6,11,3,5,2,1,1,0,0,0,0,0,0,8.931958232000056,53.05893160900007,Osterholz,Ellenerbrok-Schevemoor,POINT (8.931958232000056 53.05893160900007)
10031,11,2025,3,4,8,3,5,2,1,1,0,0,0,0,0,0,8.777860045000068,53.09510366400008,Walle,Steffensweg,POINT (8.777860045000068 53.09510366400008)
10032,11,2025,1,1,12,3,0,7,1,0,0,0,0,0,0,2,8.789511816000072,53.105898112000034,Walle,Hohweg,POINT (8.789511816000072 53.105898112000034)
10033,11,2025,3,6,12,3,5,3,1,1,0,0,0,0,0,0,8.861101381000026,53.08847058400005,Schwachhausen,Radio Bremen,POINT (8.861101381000026 53.08847058400005)
10034,11,2025,2,4,17,3,5,3,1,1,0,0,0,0,2,1,8.90108764100006,53.106807511000056,Horn-Lehe,Lehesterdeich,POINT (8.90108764100006 53.106807511000056)
10035,11,2025,1,6,13,3,0,7,1,1,0,0,0,0,0,1,8.824539751000032,53.084184175000075,Schwachhausen,Barkhof,POINT (8.824539751000032 53.084184175000075)
10036,11,2025,1,6,8,3,5,3,1,1,0,0,0,0,0,0,8.883131083000023,53.06577526600006,Hemelingen,Sebaldsbrück,POINT (8.883131083000023 53.06577526600006)
10037,11,2025,1,4,16,3,0,7,1,0,0,0,0,0,0,0,8.869151797000029,53.07479577400005,Vahr,Gartenstadt Vahr,POINT (8.869151797000029 53.07479577400005)
10038,11,2025,2,6,14,3,3,2,1,1,0,0,0,0,0,0,8.959419062000052,53.04722058700003,Osterholz,Osterholz,POINT (8.959419062000052 53.04722058700003)
10039,11,2025,2,2,11,3,5,3,1,0,0,0,0,1,0,0,8.875134180000032,53.082427368000026,Schwachhausen,Radio Bremen,POINT (8.875134180000032 53.082427368000026)
10040,11,2025,2,5,17,3,5,6,1,0,0,0,0,0,1,0,8.79123005300005,53.091586472000074,Walle,Utbremen,POINT (8.79123005300005 53.091586472000074)
10041,11,2025,2,5,8,3,5,3,1,1,0,0,0,0,0,1,8.84626534900002,53.04755009400003,Obervieland,Habenhausen,POINT (8.84626534900002 53.04755009400003)
10042,11,2025,3,7,13,3,5,3,1,1,0,0,0,0,0,0,8.833781140000042,53.08185705600005,Schwachhausen,Schwachhausen,POINT (8.833781140000042 53.08185705600005)
10043,11,2025,2,4,13,3,2,3,1,0,0,0,0,0,0,1,8.806651286000033,53.07384211800007,Mitte,Altstadt,POINT (8.806651286000033 53.07384211800007)
10044,11,2025,2,6,12,2,0,2,1,0,0,0,1,0,0,0,8.59979338900007,53.17781756100004,Vegesack,Fähr-Lobbendorf,POINT (8.59979338900007 53.17781756100004)
10045,11,2025,2,1,13,3,5,3,1,1,0,0,0,0,0,0,8.835490463000042,53.09715020700003,Schwachhausen,Neu-Schwachhausen,POINT (8.835490463000042 53.09715020700003)
10046,12,2025,2,5,13,3,5,3,1,0,0,0,0,1,0,0,8.588326757000061,53.57480459700008,Lehe,Königsheide,POINT (8.588326757000061 53.57480459700008)
10047,11,2025,1,5,8,3,5,3,1,1,0,0,0,0,0,0,8.790438943000026,53.092129542000066,Walle,Westend,POINT (8.790438943000026 53.092129542000066)
10048,11,2025,1,5,9,3,5,3,1,1,0,0,0,0,0,0,8.791792136000026,53.09050872300003,Walle,Utbremen,POINT (8.791792136000026 53.09050872300003)
10049,11,2025,1,4,6,3,5,3,1,1,0,0,0,0,2,0,8.914010605000044,53.06530065100003,Hemelingen,Sebaldsbrück,POINT (8.914010605000044 53.06530065100003)
10050,11,2025,2,1,14,3,0,7,1,1,0,0,0,0,0,0,8.841232600000069,53.07257182800004,Östliche Vorstadt,Peterswerder,POINT (8.841232600000069 53.07257182800004)
10051,11,2025,1,4,12,3,5,3,1,1,0,0,0,0,0,0,8.84147421800003,53.035616987000026,Obervieland,Arsten,POINT (8.84147421800003 53.035616987000026)
10052,11,2025,1,2,7,3,7,1,1,0,0,0,0,0,2,1,8.803890601000035,53.08517368300005,Mitte,Bahnhofsvorstadt,POINT (8.803890601000035 53.08517368300005)
10053,11,2025,2,3,13,3,5,3,1,1,0,0,0,0,0,0,8.825205932000074,53.08464069000007,Schwachhausen,Bürgerpark,POINT (8.825205932000074 53.08464069000007)
10054,11,2025,1,7,11,3,5,3,1,1,0,0,0,0,0,1,8.739492666000046,53.04880668800007,Huchting,Kirchhuchting,POINT (8.739492666000046 53.04880668800007)
10055,11,2025,3,3,14,3,5,3,1,1,0,0,0,0,0,0,8.891591103000053,53.06089839800006,Hemelingen,Sebaldsbrück,POINT (8.891591103000053 53.06089839800006)
10056,12,2025,1,3,11,3,0,1,1,0,0,0,0,0,0,1,8.613495294000074,53.59414195700003,Leherheide,Fehmoor,POINT (8.613495294000074 53.59414195700003)
10057,11,2025,1,3,17,3,0,7,1,1,0,0,0,0,2,0,8.783012295000049,53.09942176100003,Walle,Walle,POINT (8.783012295000049 53.09942176100003)
10058,11,2025,2,6,13,3,5,3,1,1,0,0,0,0,0,0,8.93320000400007,53.08476163800003,unbekannt,unbekannt,POINT (8.93320000400007 53.08476163800003)
10059,11,2025,2,3,13,3,6,4,1,0,1,0,0,0,0,0,8.755969194000045,53.118646924000075,Gröpelingen,Ohlenhof,POINT (8.755969194000045 53.118646924000075)
10060,11,2025,2,6,19,3,4,7,1,1,0,0,0,0,2,0,8.78886467700005,53.10550043500007,Walle,Osterfeuerberg,POINT (8.78886467700005 53.10550043500007)
10061,11,2025,1,4,20,3,5,3,1,0,0,0,1,0,2,1,8.78518659100007,53.08857216100006,Walle,Überseestadt,POINT (8.78518659100007 53.08857216100006)
10062,11,2025,1,2,11,3,0,7,1,0,0,0,0,0,0,1,8.885719643000073,53.05909249300004,Hemelingen,Hemelingen,POINT (8.885719643000073 53.05909249300004)
10063,11,2025,1,5,16,3,5,3,1,1,0,0,0,0,1,0,8.577041791000056,53.18843736000008,Blumenthal,Blumenthal,POINT (8.577041791000056 53.18843736000008)
10064,11,2025,2,5,8,3,5,3,1,0,0,0,0,1,0,0,8.783422949000055,53.07483631100007,Woltmershausen,Woltmershausen,POINT (8.783422949000055 53.07483631100007)
10065,12,2025,1,2,11,2,5,2,1,1,0,0,0,0,0,1,8.579758446000028,53.54756487700007,Mitte,Weddewarden,POINT (8.579758446000028 53.54756487700007)
10066,11,2025,2,2,21,3,5,2,1,0,0,0,1,0,2,0,8.914069116000064,53.06530043500004,Hemelingen,Sebaldsbrück,POINT (8.914069116000064 53.06530043500004)
10067,11,2025,3,7,15,3,5,2,1,1,0,0,0,0,0,0,8.885800686000039,53.09975319500006,Horn-Lehe,Lehesterdeich,POINT (8.885800686000039 53.09975319500006)
10068,12,2025,3,1,15,3,1,5,1,1,0,0,0,0,0,0,8.586092737000058,53.56118278200006,Lehe,Königsheide,POINT (8.586092737000058 53.56118278200006)
10069,11,2025,2,6,19,3,5,3,1,1,0,0,0,0,2,0,8.735699363000037,53.04430729300003,Huchting,Kirchhuchting,POINT (8.735699363000037 53.04430729300003)
10070,11,2025,3,6,8,3,5,3,1,1,0,0,0,0,0,0,8.808124551000049,53.094736037000075,Findorff,Weidedamm,POINT (8.808124551000049 53.094736037000075)
10071,12,2025,1,1,14,2,8,1,1,0,0,0,0,0,0,0,8.595232834000058,53.52015070400006,Geestemünde,Buschkämpen,POINT (8.595232834000058 53.52015070400006)
10072,11,2025,1,3,7,3,5,2,1,1,0,0,0,0,1,0,8.87517048500007,53.10141698800004,Horn-Lehe,Lehe,POINT (8.87517048500007 53.10141698800004)
10073,11,2025,1,1,15,3,4,6,1,1,0,0,0,0,0,0,8.803150286000061,53.06301397900006,Neustadt,Buntentor,POINT (8.803150286000061 53.06301397900006)
10074,11,2025,2,4,20,3,5,3,1,1,0,0,0,0,2,1,8.825160751000055,53.08415552500003,Schwachhausen,Barkhof,POINT (8.825160751000055 53.08415552500003)
10075,12,2025,1,5,12,3,5,3,1,1,0,0,0,0,0,1,8.600454583000044,53.527774442000066,Geestemünde,Buschkämpen,POINT (8.600454583000044 53.527774442000066)
10076,11,2025,3,3,15,3,3,6,1,0,0,0,0,0,0,0,8.869512263000047,53.07500105200006,Vahr,Gartenstadt Vahr,POINT (8.869512263000047 53.07500105200006)
10077,11,2025,1,6,18,3,5,3,1,1,0,0,0,0,2,0,8.820987613000057,53.08155558000004,Schwachhausen,Barkhof,POINT (8.820987613000057 53.08155558000004)
10078,11,2025,3,2,16,3,4,7,1,1,0,0,0,0,0,0,8.876328859000068,53.08133424500005,Vahr,Gartenstadt Vahr,POINT (8.876328859000068 53.08133424500005)
10079,11,2025,1,3,10,2,4,2,1,1,0,0,0,0,0,1,8.859138788000053,53.063707779000026,Hemelingen,Hastedt,POINT (8.859138788000053 53.063707779000026)
10080,11,2025,3,3,8,3,5,3,1,1,0,0,0,0,0,0,8.804583755000067,53.07548746000003,Mitte,Altstadt,POINT (8.804583755000067 53.07548746000003)
10081,11,2025,2,5,11,3,5,2,1,1,0,0,0,0,0,1,8.799469897000051,53.07016830200007,Neustadt,Alte Neustadt,POINT (8.799469897000051 53.07016830200007)
10082,11,2025,2,6,12,3,0,7,1,0,0,0,0,1,0,0,8.820017536000023,53.032154363000075,Obervieland,Kattenesch,POINT (8.820017536000023 53.032154363000075)
10083,11,2025,2,1,12,2,5,3,1,1,0,0,0,0,0,0,8.87067029800005,53.06705997100005,Hemelingen,Hastedt,POINT (8.87067029800005 53.06705997100005)
10084,11,2025,2,3,18,3,5,3,1,1,0,0,0,0,2,0,8.82796389300006,53.07987622200005,Schwachhausen,Gete,POINT (8.82796389300006 53.07987622200005)
10085,11,2025,3,4,17,3,5,3,1,1,0,0,0,0,0,0,8.787008142000047,53.082919495000056,Walle,Überseestadt,POINT (8.787008142000047 53.082919495000056)
10086,11,2025,3,4,14,3,0,7,1,1,0,0,0,0,0,0,8.850210967000066,53.094929249000074,Schwachhausen,Neu-Schwachhausen,POINT (8.850210967000066 53.094929249000074)
10087,11,2025,1,6,6,3,6,7,1,0,1,0,0,0,2,1,8.831847021000044,53.06865620500008,Östliche Vorstadt,Steintor,POINT (8.831847021000044 53.06865620500008)
10088,12,2025,1,6,5,3,0,7,1,0,0,0,0,0,2,2,8.597744568000053,53.507105513000056,Wulsdorf,Geestemünde-Süd,POINT (8.597744568000053 53.507105513000056)
10089,11,2025,3,4,17,3,5,3,1,1,0,0,0,0,0,0,8.801341103000027,53.07148033300007,Neustadt,Alte Neustadt,POINT (8.801341103000027 53.07148033300007)
10090,11,2025,7,2,12,3,5,2,1,1,0,0,0,0,0,0,8.875474259000043,53.082084276000046,Vahr,Gartenstadt Vahr,POINT (8.875474259000043 53.082084276000046)
10091,11,2025,8,7,15,3,5,2,1,0,0,0,0,0,0,0,8.810621352000055,53.061789204000036,Neustadt,Huckelriede,POINT (8.810621352000055 53.061789204000036)
10092,11,2025,7,6,11,3,3,6,1,1,0,0,0,0,0,0,8.83164847300003,53.07428549900004,Östliche Vorstadt,Steintor,POINT (8.83164847300003 53.07428549900004)
10093,11,2025,7,4,8,2,5,2,1,0,0,0,0,1,0,0,8.740468213000042,53.12062007900005,Häfen,Industriehäfen,POINT (8.740468213000042 53.12062007900005)
10094,11,2025,7,3,14,3,5,3,1,1,0,0,0,0,0,1,8.820530220000023,53.037946410000075,Obervieland,Kattenturm,POINT (8.820530220000023 53.037946410000075)
10095,12,2025,9,5,7,3,5,3,1,1,0,0,0,0,0,0,8.586715125000069,53.566369741000074,Lehe,Königsheide,POINT (8.586715125000069 53.566369741000074)
10096,11,2025,5,5,11,3,5,2,1,1,0,0,0,0,0,0,8.790976914000055,53.09156847400004,Walle,Westend,POINT (8.790976914000055 53.09156847400004)
10097,11,2025,10,4,7,3,5,3,1,1,0,0,0,0,0,1,8.909269619000042,53.05955333900005,Hemelingen,Sebaldsbrück,POINT (8.909269619000042 53.05955333900005)
10098,11,2025,8,4,11,2,9,7,1,0,0,0,0,0,0,0,8.694575886000052,53.16882422300006,Burglesum,Lesum,POINT (8.694575886000052 53.16882422300006)
10099,11,2025,6,3,17,3,5,2,1,1,0,0,0,0,0,0,8.783325410000032,53.06969800500008,Neustadt,Hohentor,POINT (8.783325410000032 53.06969800500008)
10100,11,2025,8,4,10,3,5,3,1,1,0,0,0,0,0,0,8.838195340000027,53.078876742000034,Schwachhausen,Gete,POINT (8.838195340000027 53.078876742000034)
10101,12,2025,6,3,15,3,1,5,1,1,0,0,0,0,0,0,8.596832021000068,53.53317956800004,Geestemünde,Buschkämpen,POINT (8.596832021000068 53.53317956800004)
10102,11,2025,9,3,12,3,5,3,1,1,0,0,0,0,0,0,8.820954111000049,53.03315672900004,Obervieland,Kattenesch,POINT (8.820954111000049 53.03315672900004)
10103,11,2025,8,7,18,3,0,6,1,0,0,0,0,1,0,0,8.858989348000023,53.08944089600004,Schwachhausen,Riensberg,POINT (8.858989348000023 53.08944089600004)
10104,11,2025,6,2,14,3,5,3,1,1,0,0,0,0,0,0,8.875914204000026,53.08175107500006,Vahr,Gartenstadt Vahr,POINT (8.875914204000026 53.08175107500006)
10105,11,2025,7,6,16,3,6,4,1,0,1,0,0,0,0,0,8.802505377000045,53.05824388500008,Neustadt,Huckelriede,POINT (8.802505377000045 53.05824388500008)
10106,11,2025,10,1,17,3,5,3,1,1,0,0,0,0,0,1,8.756760404000033,53.110482845000035,Walle,Überseestadt,POINT (8.756760404000033 53.110482845000035)
10107,11,2025,9,5,15,3,5,3,1,1,0,0,0,0,0,0,8.798853130000055,53.056303623000076,Neustadt,Neuenland,POINT (8.798853130000055 53.056303623000076)
10108,11,2025,9,5,17,3,4,6,1,0,0,0,0,0,0,0,8.785362188000022,53.075012161000075,Neustadt,Hohentor,POINT (8.785362188000022 53.075012161000075)
10109,11,2025,7,7,12,2,5,2,1,1,0,0,0,0,0,0,8.698030101000029,53.16837079600003,Burglesum,Lesum,POINT (8.698030101000029 53.16837079600003)
10110,12,2025,5,3,18,3,5,3,1,1,0,0,0,0,0,0,8.590705452000066,53.540786163000064,Geestemünde,Buschkämpen,POINT (8.590705452000066 53.540786163000064)
10111,12,2025,9,6,17,3,5,3,1,1,0,0,0,0,0,0,8.61306862400005,53.59454008100005,Leherheide,Fehmoor,POINT (8.61306862400005 53.59454008100005)