,UKREIS,UJAHR,UMONAT,UWOCHENTAG,USTUNDE,UKATEGORIE,UART,UTYP1,IstRad,IstPKW,IstFuss,IstKrad,IstGkfz,IstSonstig,ULICHTVERH,STRZUSTAND,longitude,latitude,Stadtteil,Ortsteil,geometry
10112,11,2025,9,2,16,3,5,3,1,1,0,0,0,0,0,0,8.715802032000056,53.04529765600006,Huchting,Sodenmatt,POINT (8.715802032000056 53.04529765600006)
10113,11,2025,6,4,16,3,1,7,1,1,0,0,0,0,0,0,8.823110643000064,53.07944964500007,Mitte,Ostertor,POINT (8.823110643000064 53.07944964500007)
10114,11,2025,9,3,17,3,5,2,1,1,0,0,0,0,0,0,8.825104389000046,53.08418684000003,Schwachhausen,Barkhof,POINT (8.825104389000046 53.08418684000003)
10115,11,2025,6,2,8,3,5,2,1,0,0,0,0,1,0,0,8.84163649200002,53.08842184700006,Schwachhausen,Schwachhausen,POINT (8.84163649200002 53.08842184700006)
10116,11,2025,8,5,11,3,5,3,1,0,0,1,0,0,0,0,8.75888055300004,53.11616787600008,Gröpelingen,Ohlenhof,POINT (8.75888055300004 53.11616787600008)
10117,11,2025,5,5,16,3,1,7,1,1,0,0,0,0,0,0,8.842134755000075,53.03763484800004,Obervieland,Arsten,POINT (8.842134755000075 53.03763484800004)
10118,11,2025,5,5,16,3,0,3,1,0,0,0,0,1,0,1,8.849991615000022,53.09473940600003,Schwachhausen,Neu-Schwachhausen,POINT (8.849991615000022 53.09473940600003)
10119,11,2025,6,4,18,3,0,2,1,0,0,0,0,0,0,0,8.800629039000057,53.07800178400004,Mitte,Altstadt,POINT (8.800629039000057 53.07800178400004)
10120,11,2025,9,3,9,3,8,2,1,1,0,0,0,0,0,1,8.779542442000036,53.094970387000046,Walle,Steffensweg,POINT (8.779542442000036 53.094970387000046)
10121,11,2025,5,4,7,3,5,3,1,1,0,0,0,0,0,0,8.937794083000028,53.06877714400008,Osterholz,Ellenerbrok-Schevemoor,POINT (8.937794083000028 53.06877714400008)
10122,11,2025,4,7,14,3,3,2,1,1,0,0,0,0,0,0,8.81159468200002,53.08165217900006,Mitte,Bahnhofsvorstadt,POINT (8.81159468200002 53.08165217900006)
10123,11,2025,8,6,10,3,5,3,1,1,0,0,0,0,0,0,8.890525387000025,53.06564800400008,Hemelingen,Sebaldsbrück,POINT (8.890525387000025 53.06564800400008)
10124,11,2025,9,3,12,3,5,2,1,1,0,0,0,0,0,0,8.788872167000022,53.072759648000044,Neustadt,Alte Neustadt,POINT (8.788872167000022 53.072759648000044)
10125,11,2025,7,6,11,3,5,3,1,1,0,0,0,0,0,0,8.894315877000054,53.09616420000003,Horn-Lehe,Lehesterdeich,POINT (8.894315877000054 53.09616420000003)
10126,11,2025,9,4,14,3,5,3,1,1,0,0,0,0,0,0,8.875939603000063,53.101273624000044,Horn-Lehe,Lehe,POINT (8.875939603000063 53.101273624000044)
10127,11,2025,9,7,17,3,6,4,1,0,1,0,0,0,0,0,8.804506100000026,53.075472439000066,Mitte,Altstadt,POINT (8.804506100000026 53.075472439000066)
10128,11,2025,6,4,14,3,5,2,1,1,0,0,0,0,0,0,8.898924986000054,53.12753776900007,unbekannt,Borgfeld,POINT (8.898924986000054 53.12753776900007)
10129,11,2025,8,5,17,2,5,2,1,1,0,0,0,0,0,0,8.852873381000052,53.073563970000066,Östliche Vorstadt,Hulsberg,POINT (8.852873381000052 53.073563970000066)
10130,11,2025,6,5,16,3,5,3,1,0,0,0,0,1,0,0,8.914368186000047,53.059500107000076,Hemelingen,Sebaldsbrück,POINT (8.914368186000047 53.059500107000076)
10131,11,2025,6,4,16,3,4,6,1,0,0,0,0,0,0,0,8.702892147000057,53.15380461500007,Burglesum,Burg-Grambke,POINT (8.702892147000057 53.15380461500007)
10132,11,2025,5,6,16,3,5,3,1,1,0,0,0,0,0,0,8.844868442000063,53.04579133300007,Obervieland,Habenhausen,POINT (8.844868442000063 53.04579133300007)
10133,11,2025,8,2,16,3,5,2,1,1,0,0,0,0,0,0,8.886051315000032,53.10974609800007,Horn-Lehe,Lehesterdeich,POINT (8.886051315000032 53.10974609800007)
10134,12,2025,9,5,15,3,5,3,1,1,0,0,0,0,0,0,8.60883565100005,53.58689056500003,Leherheide,Fehmoor,POINT (8.60883565100005 53.58689056500003)
10135,11,2025,5,3,17,3,5,2,1,1,0,0,0,0,0,0,8.776475822000066,53.096920726000064,Walle,Steffensweg,POINT (8.776475822000066 53.096920726000064)
10136,11,2025,8,1,11,3,5,2,1,1,0,0,0,0,0,0,8.786990261000028,53.06221641500008,Neustadt,Neuenland,POINT (8.786990261000028 53.06221641500008)
10137,11,2025,4,7,13,3,5,2,1,1,0,0,0,0,0,0,8.838012830000025,53.06789376300003,Östliche Vorstadt,Peterswerder,POINT (8.838012830000025 53.06789376300003)
10138,12,2025,6,5,16,3,0,1,1,0,0,0,0,0,0,0,8.58210371000007,53.58531029400007,Lehe,Königsheide,POINT (8.58210371000007 53.58531029400007)
10139,11,2025,8,4,7,3,5,3,1,1,0,0,0,0,0,0,8.577324585000042,53.201625129000035,Blumenthal,Lüssum-Bockhorn,POINT (8.577324585000042 53.201625129000035)
10140,11,2025,5,3,7,3,5,2,1,0,0,0,0,0,0,0,8.838401227000077,53.08760094300004,Schwachhausen,Schwachhausen,POINT (8.838401227000077 53.08760094300004)
10141,11,2025,5,5,13,3,4,6,1,1,0,0,0,0,0,1,8.696822172000054,53.174664792000044,Burglesum,Lesum,POINT (8.696822172000054 53.174664792000044)
10142,11,2025,8,5,9,2,5,3,1,1,0,0,0,0,0,0,8.865905207000026,53.07644762600006,Vahr,Gartenstadt Vahr,POINT (8.865905207000026 53.07644762600006)
10143,11,2025,6,2,7,3,3,2,1,1,0,0,0,0,0,0,8.876210342000036,53.10133109900005,Horn-Lehe,Lehe,POINT (8.876210342000036 53.10133109900005)
10144,11,2025,4,6,12,3,5,2,1,0,0,0,0,1,0,0,8.799469897000051,53.07016830200007,Neustadt,Alte Neustadt,POINT (8.799469897000051 53.07016830200007)
10145,11,2025,7,7,14,3,5,7,1,1,0,0,0,0,0,0,8.808473504000062,53.061322818000065,Neustadt,Huckelriede,POINT (8.808473504000062 53.061322818000065)
10146,12,2025,7,1,17,3,1,5,1,1,0,0,0,0,0,0,8.584037684000066,53.54076533500006,Mitte,Weddewarden,POINT (8.584037684000066 53.54076533500006)
10147,11,2025,5,4,19,3,5,3,1,1,0,0,0,0,0,0,8.851537024000038,53.06508543500007,Östliche Vorstadt,Peterswerder,POINT (8.851537024000038 53.06508543500007)
10148,11,2025,9,5,13,3,5,2,1,1,0,0,0,0,0,0,8.634478390000027,53.173079862000066,Vegesack,Vegesack,POINT (8.634478390000027 53.173079862000066)
10149,11,2025,6,3,14,2,3,6,1,1,0,0,0,0,0,0,8.70956095400004,53.05610965600005,Huchting,Mittelshuchting,POINT (8.70956095400004 53.05610965600005)
10150,11,2025,9,6,15,3,5,2,1,1,0,0,0,0,2,0,8.802909106000072,53.10137764600006,Findorff,Weidedamm,POINT (8.802909106000072 53.10137764600006)
10151,11,2025,4,6,12,3,5,2,1,1,0,0,0,0,0,0,8.867091472000027,53.062096249000035,Hemelingen,Hastedt,POINT (8.867091472000027 53.062096249000035)
10152,11,2025,7,4,21,3,0,7,1,0,0,0,0,1,2,1,8.801071867000076,53.06447322500003,Neustadt,Buntentor,POINT (8.801071867000076 53.06447322500003)
10153,12,2025,9,5,16,3,5,2,1,1,0,0,0,0,0,0,8.57946417200003,53.549404785000036,Mitte,Weddewarden,POINT (8.57946417200003 53.549404785000036)
10154,11,2025,7,2,8,3,5,3,1,1,0,0,0,0,0,0,8.618777694000073,53.177562856000065,Vegesack,Vegesack,POINT (8.618777694000073 53.177562856000065)
10155,12,2025,10,2,11,3,5,2,1,0,0,0,0,1,0,0,8.589430936000042,53.53136194000007,Geestemünde,Buschkämpen,POINT (8.589430936000042 53.53136194000007)
10156,11,2025,4,6,18,3,6,7,1,0,1,0,0,0,0,0,8.810712327000033,53.08686963000008,Findorff,Findorff-Bürgerweide,POINT (8.810712327000033 53.08686963000008)
10157,11,2025,9,6,5,3,0,7,1,0,1,0,0,0,1,0,8.92340613600004,53.05944177100008,Osterholz,Ellener Feld,POINT (8.92340613600004 53.05944177100008)
10158,11,2025,5,3,17,2,6,4,1,0,1,0,0,0,0,0,8.556619427000044,53.19786931600004,Blumenthal,Lüssum-Bockhorn,POINT (8.556619427000044 53.19786931600004)
10159,11,2025,5,3,17,3,0,7,1,1,0,0,0,0,0,1,8.831846813000027,53.081027411000036,Schwachhausen,Gete,POINT (8.831846813000027 53.081027411000036)
10160,12,2025,9,3,14,3,5,3,1,1,0,0,0,0,0,0,8.592705902000034,53.56707094300003,Lehe,Königsheide,POINT (8.592705902000034 53.56707094300003)
10161,11,2025,4,4,17,3,5,3,1,1,0,0,0,0,0,1,8.703486661000056,53.098556862000066,unbekannt,Seehausen,POINT (8.703486661000056 53.098556862000066)
10162,11,2025,10,5,14,3,2,6,1,0,0,0,0,0,0,1,8.874334697000052,53.071765749000065,Vahr,Gartenstadt Vahr,POINT (8.874334697000052 53.071765749000065)
10163,11,2025,6,4,12,3,5,3,1,1,0,0,0,0,0,0,8.91174787400007,53.04443924700007,Hemelingen,Arbergen,POINT (8.91174787400007 53.04443924700007)
10164,11,2025,9,6,21,3,0,7,1,0,1,0,0,0,2,1,8.81675858400007,53.07237684900008,Mitte,Ostertor,POINT (8.81675858400007 53.07237684900008)
10165,11,2025,6,5,8,3,5,3,1,1,0,0,0,0,0,0,8.937698014000034,53.06869769900004,Osterholz,Ellenerbrok-Schevemoor,POINT (8.937698014000034 53.06869769900004)
10166,11,2025,8,4,15,3,0,3,1,1,0,0,0,0,0,0,8.627953985000033,53.17191698100004,Vegesack,Vegesack,POINT (8.627953985000033 53.17191698100004)
10167,11,2025,5,2,22,3,4,7,1,0,1,0,0,0,2,0,8.74805635100006,53.12656859400005,Gröpelingen,Ohlenhof,POINT (8.74805635100006 53.12656859400005)
10168,11,2025,6,4,6,3,5,3,1,1,0,0,0,0,0,0,8.824431970000035,53.08448933000005,Schwachhausen,Barkhof,POINT (8.824431970000035 53.08448933000005)
10169,11,2025,4,3,14,3,5,3,1,1,0,0,0,0,0,0,8.713864701000034,53.13931475700008,Burglesum,Burg-Grambke,POINT (8.713864701000034 53.13931475700008)
10170,11,2025,5,7,14,3,4,6,1,0,0,0,0,0,0,0,8.81816456100006,53.02805310800005,Obervieland,Kattenesch,POINT (8.81816456100006 53.02805310800005)
10171,11,2025,9,5,19,3,5,2,1,1,0,0,0,0,0,0,8.848868078000066,53.06791364000003,Östliche Vorstadt,Peterswerder,POINT (8.848868078000066 53.06791364000003)
10172,11,2025,4,7,17,3,3,7,1,1,0,0,0,0,0,0,8.690149362000056,53.16921724300005,Burglesum,Lesum,POINT (8.690149362000056 53.16921724300005)
10173,11,2025,5,6,17,3,5,3,1,1,0,0,0,0,0,0,8.761262404000036,53.123332522000055,Gröpelingen,Ohlenhof,POINT (8.761262404000036 53.123332522000055)
10174,11,2025,7,7,14,3,5,3,1,1,0,0,0,0,0,0,8.823629765000021,53.04414548700004,Obervieland,Kattenturm,POINT (8.823629765000021 53.04414548700004)
10175,12,2025,5,5,19,2,0,1,1,0,0,0,0,0,0,1,8.585904380000045,53.559375601000056,Lehe,Königsheide,POINT (8.585904380000045 53.559375601000056)
10176,11,2025,9,3,16,3,5,3,1,1,0,0,0,0,0,0,8.883413098000062,53.11056442100005,Horn-Lehe,Lehesterdeich,POINT (8.883413098000062 53.11056442100005)
10177,11,2025,5,5,23,3,5,2,1,1,0,0,0,0,2,0,8.803763721000053,53.08026346200006,Mitte,Altstadt,POINT (8.803763721000053 53.08026346200006)
10178,11,2025,8,7,11,3,0,2,1,1,0,0,0,0,0,0,8.785567266000044,53.070927511000036,Neustadt,Hohentor,POINT (8.785567266000044 53.070927511000036)
10179,11,2025,5,6,13,2,3,6,1,0,0,0,0,0,0,0,8.836395130000028,53.07487766300005,Östliche Vorstadt,Fesenfeld,POINT (8.836395130000028 53.07487766300005)
10180,11,2025,9,2,18,3,5,3,1,0,0,0,0,0,0,0,8.889722249000044,53.09873998300003,Horn-Lehe,Lehesterdeich,POINT (8.889722249000044 53.09873998300003)
10181,11,2025,6,3,16,3,5,3,1,1,0,0,0,0,0,1,8.740882214000067,53.13317710600006,Gröpelingen,Oslebshausen,POINT (8.740882214000067 53.13317710600006)
10182,11,2025,5,5,16,3,4,6,1,0,0,0,0,0,0,0,8.582460838000031,53.18239698200006,Blumenthal,Blumenthal,POINT (8.582460838000031 53.18239698200006)
10183,12,2025,5,2,17,3,0,1,1,0,0,0,0,0,0,0,8.593675433000044,53.49494575300008,Fischereihafen,Geestemünde-Süd,POINT (8.593675433000044 53.49494575300008)
10184,12,2025,10,3,6,3,5,2,1,0,0,0,0,1,2,1,8.592816627000047,53.55883848000008,Lehe,Königsheide,POINT (8.592816627000047 53.55883848000008)
10185,11,2025,9,2,16,3,5,3,1,1,0,0,0,0,0,0,8.943800131000046,53.037995428000045,Hemelingen,Mahndorf,POINT (8.943800131000046 53.037995428000045)
10186,11,2025,4,4,11,3,4,2,1,1,0,0,0,0,0,0,8.806368723000048,53.07341263700005,Mitte,Altstadt,POINT (8.806368723000048 53.07341263700005)
10187,12,2025,4,1,15,3,3,6,1,0,0,0,0,0,0,0,8.589220856000054,53.579331238000066,Lehe,Königsheide,POINT (8.589220856000054 53.579331238000066)
10188,12,2025,4,4,17,3,5,3,1,0,0,0,0,0,0,0,8.615977219000058,53.532085162000044,Geestemünde,Buschkämpen,POINT (8.615977219000058 53.532085162000044)
10189,11,2025,9,4,7,3,2,6,1,1,0,0,0,0,0,1,8.863968687000067,53.09346373100004,Horn-Lehe,Horn,POINT (8.863968687000067 53.09346373100004)
10190,11,2025,9,1,14,3,2,6,1,1,0,0,0,0,0,0,8.803584840000042,53.09297367000005,Findorff,Findorff-Bürgerweide,POINT (8.803584840000042 53.09297367000005)
10191,11,2025,9,2,0,3,0,7,1,0,0,0,0,0,2,0,8.86259995200004,53.099450492000074,Horn-Lehe,Lehe,POINT (8.86259995200004 53.099450492000074)
10192,11,2025,4,5,14,3,5,2,1,0,0,0,0,1,0,0,8.809915573000069,53.09570495000003,Findorff,Weidedamm,POINT (8.809915573000069 53.09570495000003)
10193,11,2025,8,4,14,3,5,2,1,1,0,0,0,0,0,0,8.853536404000067,53.06487235000003,Hemelingen,Hastedt,POINT (8.853536404000067 53.06487235000003)
10194,12,2025,8,4,20,3,5,3,1,1,0,0,0,0,0,0,8.538440446000038,53.59817354100005,Weddewarden,Speckenbüttel,POINT (8.538440446000038 53.59817354100005)
10195,11,2025,6,4,17,3,0,7,1,0,0,0,0,0,0,0,8.815806642000041,53.08268308700008,Mitte,Bahnhofsvorstadt,POINT (8.815806642000041 53.08268308700008)
10196,11,2025,8,4,17,3,5,3,1,1,0,0,0,0,0,0,8.714037312000073,53.14086708800005,Burglesum,Burg-Grambke,POINT (8.714037312000073 53.14086708800005)
10197,11,2025,8,1,16,3,0,7,1,0,0,0,0,0,0,0,8.618696674000034,53.17683395700004,Vegesack,Vegesack,POINT (8.618696674000034 53.17683395700004)
10198,11,2025,6,7,17,3,1,5,1,1,0,0,0,0,0,0,8.704343040000026,53.15567174200004,Burglesum,Burg-Grambke,POINT (8.704343040000026 53.15567174200004)
10199,11,2025,5,3,7,3,5,2,1,1,0,0,0,0,0,0,8.865896983000027,53.10623398000007,Horn-Lehe,Lehe,POINT (8.865896983000027 53.10623398000007)
10200,11,2025,5,5,13,3,4,6,1,0,0,0,0,1,0,0,8.848646346000066,53.05058732200007,Obervieland,Habenhausen,POINT (8.848646346000066 53.05058732200007)
10201,11,2025,9,4,15,3,3,3,1,1,0,0,0,0,0,0,8.875298255000075,53.061770556000056,Hemelingen,Hastedt,POINT (8.875298255000075 53.061770556000056)
10202,11,2025,8,5,15,3,5,2,1,1,0,0,0,0,0,0,8.86292572700006,53.090345092000064,Schwachhausen,Riensberg,POINT (8.86292572700006 53.090345092000064)
10203,11,2025,4,2,10,3,5,7,1,0,1,0,0,0,0,0,8.840027680000048,53.10371386300005,Schwachhausen,Neu-Schwachhausen,POINT (8.840027680000048 53.10371386300005)
10204,11,2025,7,6,14,3,5,2,1,1,0,0,0,0,0,0,8.875649029000044,53.062136578000036,Hemelingen,Hastedt,POINT (8.875649029000044 53.062136578000036)
10205,12,2025,10,2,13,3,5,3,1,1,0,0,0,0,0,0,8.590927475000058,53.54141107400005,Geestemünde,Buschkämpen,POINT (8.590927475000058 53.54141107400005)
10206,11,2025,4,2,18,3,5,3,1,1,0,0,0,0,0,0,8.874445865000041,53.083213958000044,Schwachhausen,Radio Bremen,POINT (8.874445865000041 53.083213958000044)
10207,12,2025,8,2,9,3,5,3,1,0,0,0,0,1,0,0,8.613267424000071,53.59211680400006,Leherheide,Fehmoor,POINT (8.613267424000071 53.59211680400006)
10208,11,2025,7,7,14,3,1,7,1,1,0,0,0,0,0,0,8.80281482600003,53.06722712800007,Neustadt,Buntentor,POINT (8.80281482600003 53.06722712800007)
10209,12,2025,4,6,20,3,5,2,1,1,0,0,0,0,0,0,8.591897386000028,53.56825336300005,Lehe,Königsheide,POINT (8.591897386000028 53.56825336300005)
10210,11,2025,6,6,18,3,6,6,1,0,1,0,0,0,0,0,8.86686108300006,53.07207129100004,Hemelingen,Hastedt,POINT (8.86686108300006 53.07207129100004)
10211,11,2025,6,1,19,3,2,6,1,1,0,0,0,0,0,0,8.781485968000027,53.11320511300005,Walle,Hohweg,POINT (8.781485968000027 53.11320511300005)
10212,11,2025,6,2,20,3,0,3,1,1,0,0,0,0,0,0,8.943911616000037,53.03798694800008,Hemelingen,Mahndorf,POINT (8.943911616000037 53.03798694800008)
10213,11,2025,4,2,20,3,1,7,1,1,0,0,0,0,2,0,8.794023049000032,53.06358033400005,Neustadt,Südervorstadt,POINT (8.794023049000032 53.06358033400005)
10214,11,2025,8,5,16,3,2,6,1,1,0,0,0,0,0,0,8.823271271000067,53.03043889200006,Obervieland,Kattenesch,POINT (8.823271271000067 53.03043889200006)
10215,11,2025,10,1,12,3,5,2,1,1,0,0,0,0,0,0,8.776124862000074,53.09864934900003,Walle,Überseestadt,POINT (8.776124862000074 53.09864934900003)
10216,11,2025,7,3,6,3,0,3,1,1,0,0,0,0,0,0,8.856194936000065,53.082158969000034,Vahr,Gartenstadt Vahr,POINT (8.856194936000065 53.082158969000034)
10217,12,2025,9,3,15,3,5,3,1,1,0,0,0,0,0,0,8.58341677900006,53.55476370700006,Lehe,Königsheide,POINT (8.58341677900006 53.55476370700006)
10218,11,2025,7,5,5,3,0,7,1,0,0,0,0,0,1,0,8.805089619000057,53.072896178000065,Mitte,Altstadt,POINT (8.805089619000057 53.072896178000065)
10219,11,2025,10,4,6,3,5,3,1,1,0,0,0,0,2,1,8.818406032000041,53.07737061300003,Mitte,Ostertor,POINT (8.818406032000041 53.07737061300003)
10220,11,2025,8,6,15,3,6,4,1,0,1,0,0,0,0,0,8.854282603000058,53.06670196600004,Östliche Vorstadt,Peterswerder,POINT (8.854282603000058 53.06670196600004)
10221,11,2025,6,4,14,3,4,6,1,0,0,0,0,0,0,0,8.83451860100007,53.039273302000026,Obervieland,Kattenturm,POINT (8.83451860100007 53.039273302000026)
10222,11,2025,8,7,3,3,4,3,1,1,0,0,0,0,2,0,8.870299784000053,53.098515159000044,Horn-Lehe,Lehe,POINT (8.870299784000053 53.098515159000044)
10223,11,2025,6,7,14,3,2,6,1,0,0,0,0,0,0,0,8.834869741000034,53.07266592000008,Östliche Vorstadt,Steintor,POINT (8.834869741000034 53.07266592000008)
10224,11,2025,8,6,16,3,5,3,1,0,0,0,0,1,0,0,8.937914080000041,53.058604940000066,Osterholz,Osterholz,POINT (8.937914080000041 53.058604940000066)
10225,11,2025,5,3,7,3,5,3,1,1,0,0,0,0,0,0,8.913136361000056,53.05650237000003,Hemelingen,Sebaldsbrück,POINT (8.913136361000056 53.05650237000003)
10226,11,2025,4,6,7,3,2,6,1,1,0,0,0,0,0,0,8.772829087000048,53.09645556800007,Walle,Überseestadt,POINT (8.772829087000048 53.09645556800007)
10227,11,2025,6,6,11,3,0,7,1,1,0,0,0,0,0,0,8.548565686000074,53.19623299400007,Blumenthal,Lüssum-Bockhorn,POINT (8.548565686000074 53.19623299400007)
10228,11,2025,10,7,9,3,0,1,1,0,0,0,0,0,0,0,8.823118135000072,53.07324615600004,Mitte,Ostertor,POINT (8.823118135000072 53.07324615600004)
10229,11,2025,5,6,13,3,5,2,1,0,0,0,0,1,0,0,8.927566097000067,53.07248181300008,Osterholz,Ellener Feld,POINT (8.927566097000067 53.07248181300008)
10230,11,2025,5,4,7,3,4,2,1,1,0,0,0,0,0,0,8.758604589000072,53.088293184000065,Woltmershausen,Woltmershausen,POINT (8.758604589000072 53.088293184000065)
10231,11,2025,7,5,16,3,3,6,1,0,1,0,0,0,0,0,8.786694193000073,53.06942640500006,Neustadt,Neustadt,POINT (8.786694193000073 53.06942640500006)
10232,11,2025,9,5,14,3,5,3,1,1,0,0,0,0,0,0,8.878495353000062,53.10142760700006,Horn-Lehe,Lehe,POINT (8.878495353000062 53.10142760700006)
10233,11,2025,4,2,6,3,5,2,1,1,0,0,0,0,0,0,8.612535383000022,53.18799050000007,Vegesack,Aumund-Hammersbeck,POINT (8.612535383000022 53.18799050000007)
10234,11,2025,9,3,17,3,5,3,1,1,0,0,0,0,0,0,8.726392368000063,53.044924285000036,Huchting,Sodenmatt,POINT (8.726392368000063 53.044924285000036)
10235,11,2025,6,6,15,3,3,6,1,0,0,0,0,0,0,0,8.796028410000076,53.08390341100005,Mitte,Bahnhofsvorstadt,POINT (8.796028410000076 53.08390341100005)
10236,11,2025,4,4,16,3,0,4,1,0,1,0,0,0,0,0,8.569090050000057,53.195018565000055,Blumenthal,Lüssum-Bockhorn,POINT (8.569090050000057 53.195018565000055)
10237,11,2025,9,5,6,3,4,6,1,0,0,0,0,1,2,1,8.796967448000032,53.07639231700006,Neustadt,Alte Neustadt,POINT (8.796967448000032 53.07639231700006)
10238,11,2025,4,7,13,3,2,6,1,1,0,0,0,0,0,0,8.828505212000039,53.072293228000035,Östliche Vorstadt,Steintor,POINT (8.828505212000039 53.072293228000035)
10239,11,2025,5,7,13,2,5,3,1,1,0,0,0,0,0,0,8.592569831000048,53.18222134900003,Blumenthal,Blumenthal,POINT (8.592569831000048 53.18222134900003)
10240,11,2025,5,4,13,3,5,3,1,1,0,0,0,0,0,0,8.893609825000055,53.09837541200005,Horn-Lehe,Lehesterdeich,POINT (8.893609825000055 53.09837541200005)
10241,12,2025,6,4,14,3,5,2,1,1,0,0,0,0,0,0,8.58947900000004,53.506135175000054,Fischereihafen,Geestemünde-Süd,POINT (8.58947900000004 53.506135175000054)
10242,11,2025,8,2,9,3,2,6,1,1,0,0,0,0,0,0,8.821354057000065,53.08179695000007,Schwachhausen,Barkhof,POINT (8.821354057000065 53.08179695000007)
10243,11,2025,9,2,16,3,5,3,1,1,0,0,0,0,0,0,8.758954279000022,53.11927225100004,Gröpelingen,Ohlenhof,POINT (8.758954279000022 53.11927225100004)
10244,11,2025,9,2,16,3,0,1,1,1,0,0,0,0,0,0,8.885822983000025,53.057996253000056,Hemelingen,Hemelingen,POINT (8.885822983000025 53.057996253000056)
10245,12,2025,7,5,10,3,0,1,1,0,0,0,0,0,0,0,8.588477861000058,53.576685429000065,Lehe,Königsheide,POINT (8.588477861000058 53.576685429000065)
10246,11,2025,8,2,17,3,5,2,1,1,0,0,0,0,0,0,8.887923586000056,53.09695421100008,Horn-Lehe,Lehesterdeich,POINT (8.887923586000056 53.09695421100008)
10247,11,2025,8,4,6,3,4,6,1,1,0,0,0,0,0,0,8.774494924000066,53.101586259000044,Walle,Walle,POINT (8.774494924000066 53.101586259000044)
10248,11,2025,4,3,13,3,5,3,1,1,0,0,0,0,0,0,8.564604252000038,53.18595978600007,Blumenthal,Blumenthal,POINT (8.564604252000038 53.18595978600007)
10249,11,2025,5,4,18,3,1,7,1,1,0,0,0,0,0,0,8.627929625000036,53.172927892000075,Vegesack,Vegesack,POINT (8.627929625000036 53.172927892000075)
10250,12,2025,9,5,12,3,1,5,1,1,0,0,0,0,0,0,8.578818824000052,53.54624306100004,Mitte,Weddewarden,POINT (8.578818824000052 53.54624306100004)
10251,11,2025,9,1,16,3,5,3,1,1,0,0,0,0,0,0,8.763552451000066,53.10897734100007,Gröpelingen,Lindenhof,POINT (8.763552451000066 53.10897734100007)
10252,12,2025,7,6,14,3,0,1,1,0,0,0,0,0,0,0,8.597721859000046,53.585123758000066,Lehe,Königsheide,POINT (8.597721859000046 53.585123758000066)
10253,11,2025,8,7,16,3,5,3,1,1,0,0,0,0,0,0,8.677637637000032,53.17327794800008,Burglesum,Lesum,POINT (8.677637637000032 53.17327794800008)
10254,11,2025,7,4,17,2,0,7,1,0,0,0,0,0,0,1,8.79078134100007,53.09894943000006,Walle,Osterfeuerberg,POINT (8.79078134100007 53.09894943000006)
10255,11,2025,5,2,13,3,5,3,1,1,0,0,0,0,0,0,8.83160515000003,53.081112877000066,Schwachhausen,Gete,POINT (8.83160515000003 53.081112877000066)
10256,11,2025,6,1,11,3,1,7,1,1,0,0,0,0,0,0,8.944960335000076,53.06765654800006,Osterholz,Ellenerbrok-Schevemoor,POINT (8.944960335000076 53.06765654800006)
10257,11,2025,5,3,13,3,4,6,1,0,0,0,0,0,0,0,8.896454298000037,53.09588692300008,Horn-Lehe,Lehesterdeich,POINT (8.896454298000037 53.09588692300008)
10258,11,2025,8,6,15,3,4,6,1,1,0,0,0,0,0,0,8.782539231000044,53.066410673000064,Neustadt,Neuenland,POINT (8.782539231000044 53.066410673000064)
10259,11,2025,10,3,16,3,4,2,1,1,0,0,0,0,0,0,8.899425875000077,53.120830038000065,unbekannt,Borgfeld,POINT (8.899425875000077 53.120830038000065)
10260,12,2025,6,3,11,3,6,4,1,0,1,0,0,0,0,0,8.576532389000022,53.54626144800005,Mitte,Weddewarden,POINT (8.576532389000022 53.54626144800005)
10261,11,2025,4,6,20,3,0,7,1,0,0,0,0,0,2,0,8.728519788000028,53.178013726000074,Burglesum,Burgdamm,POINT (8.728519788000028 53.178013726000074)
10262,12,2025,8,4,23,3,1,1,1,1,0,0,0,0,2,0,8.601198754000052,53.53581257800005,Geestemünde,Buschkämpen,POINT (8.601198754000052 53.53581257800005)
10263,11,2025,6,3,17,3,5,2,1,1,0,0,0,0,0,0,8.87594566100006,53.08171945400005,Vahr,Gartenstadt Vahr,POINT (8.87594566100006 53.08171945400005)
10264,11,2025,9,3,12,3,1,6,1,0,0,0,1,0,0,1,8.810106306000023,53.07198299600003,Mitte,Altstadt,POINT (8.810106306000023 53.07198299600003)
10265,11,2025,9,6,18,3,5,3,1,0,0,1,0,0,0,0,8.809397452000042,53.088504353000076,Findorff,Findorff-Bürgerweide,POINT (8.809397452000042 53.088504353000076)
10266,12,2025,10,5,7,3,5,2,1,0,0,0,1,0,0,0,8.58993487600003,53.529393033000076,Geestemünde,Buschkämpen,POINT (8.58993487600003 53.529393033000076)
10267,11,2025,8,3,14,3,5,3,1,1,0,0,0,0,0,0,8.813085342000022,53.03016249600006,Obervieland,Kattenesch,POINT (8.813085342000022 53.03016249600006)