,UKREIS,UJAHR,UMONAT,UWOCHENTAG,USTUNDE,UKATEGORIE,UART,UTYP1,IstRad,IstPKW,IstFuss,IstKrad,IstGkfz,IstSonstig,ULICHTVERH,STRZUSTAND,longitude,latitude,Stadtteil,Ortsteil,geometry
10268,11,2025,4,2,1,3,5,3,1,1,0,0,0,0,2,0,8.77024153900004,53.07231851800003,Woltmershausen,Woltmershausen,POINT (8.77024153900004 53.07231851800003)
10269,11,2025,4,6,14,3,5,6,1,1,0,0,0,0,0,0,8.933769924000046,53.05882930200005,Osterholz,Osterholz,POINT (8.933769924000046 53.05882930200005)
10270,11,2025,4,5,16,3,5,3,1,0,0,0,0,1,0,0,8.827676455000073,53.07977576400003,Schwachhausen,Gete,POINT (8.827676455000073 53.07977576400003)
10271,12,2025,4,6,11,3,0,1,1,0,0,0,0,0,0,0,8.59400067300004,53.54959543400008,Geestemünde,Buschkämpen,POINT (8.59400067300004 53.54959543400008)
10272,11,2025,6,2,17,3,5,3,1,1,0,0,0,0,0,0,8.825104389000046,53.08418684000003,Schwachhausen,Barkhof,POINT (8.825104389000046 53.08418684000003)
10273,11,2025,8,2,20,3,5,3,1,1,0,0,0,0,0,0,8.850067255000056,53.074186859000065,Östliche Vorstadt,Hulsberg,POINT (8.850067255000056 53.074186859000065)
10274,11,2025,4,7,16,3,5,3,1,0,0,0,0,0,0,0,8.818860072000064,53.11673228700005,unbekannt,Blockland,POINT (8.818860072000064 53.11673228700005)
10275,11,2025,5,1,15,3,5,6,1,1,0,0,0,0,0,0,8.894537924000076,53.050839987000074,Hemelingen,Hemelingen,POINT (8.894537924000076 53.050839987000074)
10276,11,2025,9,4,19,3,5,3,1,1,0,0,0,0,1,0,8.945385394000027,53.06551633600003,Osterholz,Ellenerbrok-Schevemoor,POINT (8.945385394000027 53.06551633600003)
10277,11,2025,6,2,14,3,5,3,1,1,0,0,0,0,0,0,8.87067047000005,53.08974192000005,Schwachhausen,Radio Bremen,POINT (8.87067047000005 53.08974192000005)
10278,11,2025,8,7,13,3,4,6,1,0,0,0,0,0,0,0,8.71751831000006,53.141512198000044,Burglesum,Burg-Grambke,POINT (8.71751831000006 53.141512198000044)
10279,11,2025,9,3,20,3,0,3,1,1,0,0,0,0,2,1,8.847323122000034,53.085270011000034,Schwachhausen,Schwachhausen,POINT (8.847323122000034 53.085270011000034)
10280,11,2025,6,6,13,3,0,7,1,0,0,0,0,1,0,0,8.920139533000054,53.07714461200004,Osterholz,Blockdiek,POINT (8.920139533000054 53.07714461200004)
10281,12,2025,8,4,14,3,1,5,1,0,0,0,0,1,0,0,8.575045312000043,53.544847325000035,Mitte,Weddewarden,POINT (8.575045312000043 53.544847325000035)
10282,12,2025,4,5,18,3,5,3,1,1,0,0,0,0,0,0,8.637296137000021,53.51938548100003,Surheide,Schiffdorferdamm,POINT (8.637296137000021 53.51938548100003)
10283,11,2025,5,3,11,3,5,2,1,1,0,0,0,0,0,0,8.808618815000045,53.08320814600006,Mitte,Bahnhofsvorstadt,POINT (8.808618815000045 53.08320814600006)
10284,12,2025,7,4,20,3,5,3,1,1,0,0,0,0,0,0,8.599153561000037,53.531084777000046,Geestemünde,Buschkämpen,POINT (8.599153561000037 53.531084777000046)
10285,11,2025,5,3,14,3,0,7,1,0,0,0,0,0,0,1,8.834985610000047,53.09116159200005,Schwachhausen,Bürgerpark,POINT (8.834985610000047 53.09116159200005)
10286,11,2025,4,4,9,3,5,3,1,1,0,0,0,0,0,0,8.87613905400002,53.06261625700006,Hemelingen,Hastedt,POINT (8.87613905400002 53.06261625700006)
10287,11,2025,8,6,9,3,5,2,1,0,0,0,1,0,0,0,8.787602066000034,53.06982593100008,Neustadt,Neustadt,POINT (8.787602066000034 53.06982593100008)
10288,11,2025,4,6,14,3,5,3,1,1,0,0,0,0,0,0,8.764793437000037,53.117753339000046,Gröpelingen,Gröpelingen,POINT (8.764793437000037 53.117753339000046)
10289,11,2025,4,4,15,2,0,1,1,0,0,0,0,0,0,0,8.77305314800003,53.10074243500003,Walle,Überseestadt,POINT (8.77305314800003 53.10074243500003)
10290,11,2025,8,6,8,3,4,6,1,0,0,0,0,0,0,0,8.614645850000045,53.17607456800005,Vegesack,Vegesack,POINT (8.614645850000045 53.17607456800005)
10291,11,2025,5,4,18,3,5,2,1,1,0,0,0,0,0,0,8.873141308000072,53.06378210500003,Hemelingen,Hastedt,POINT (8.873141308000072 53.06378210500003)
10292,12,2025,9,2,13,3,5,3,1,1,0,0,0,0,0,0,8.600521251000032,53.57016950700006,Lehe,Königsheide,POINT (8.600521251000032 53.57016950700006)
10293,11,2025,9,3,15,3,3,3,1,0,0,0,0,1,0,1,8.837743763000049,53.08744401800004,Schwachhausen,Schwachhausen,POINT (8.837743763000049 53.08744401800004)
10294,11,2025,5,4,15,3,1,6,1,1,0,0,0,0,0,0,8.847647412000072,53.11280030100005,Horn-Lehe,Lehe,POINT (8.847647412000072 53.11280030100005)
10295,11,2025,4,4,16,3,5,3,1,1,0,0,0,0,0,0,8.818140262000043,53.077732508000054,Mitte,Ostertor,POINT (8.818140262000043 53.077732508000054)
10296,11,2025,7,6,7,3,5,3,1,0,0,0,0,0,0,0,8.912687076000054,53.05547241700003,Hemelingen,Sebaldsbrück,POINT (8.912687076000054 53.05547241700003)
10297,12,2025,9,2,9,3,5,2,1,0,0,0,0,0,0,0,8.585352509000074,53.54306294100007,Mitte,Weddewarden,POINT (8.585352509000074 53.54306294100007)
10298,11,2025,9,3,18,2,3,6,1,0,0,0,0,0,1,0,8.646776096000053,53.16142666600007,Vegesack,Grohn,POINT (8.646776096000053 53.16142666600007)
10299,11,2025,4,4,10,3,5,2,1,1,0,0,0,0,0,0,8.859176728000023,53.06374038200005,Hemelingen,Hastedt,POINT (8.859176728000023 53.06374038200005)
10300,11,2025,6,2,20,3,6,7,1,0,1,0,0,0,0,0,8.72840474000003,53.05462644500005,Huchting,Mittelshuchting,POINT (8.72840474000003 53.05462644500005)
10301,12,2025,9,2,15,3,5,3,1,0,0,1,0,0,0,0,8.578857392000032,53.57418970600003,Lehe,Königsheide,POINT (8.578857392000032 53.57418970600003)
10302,11,2025,5,3,18,3,5,2,1,1,0,0,0,0,1,0,8.862712330000022,53.07150650800003,Hemelingen,Hastedt,POINT (8.862712330000022 53.07150650800003)
10303,11,2025,7,4,18,3,4,6,1,1,0,0,0,0,0,0,8.741652746000057,53.12594116300005,Gröpelingen,Oslebshausen,POINT (8.741652746000057 53.12594116300005)
10304,12,2025,5,4,9,3,5,2,1,1,0,0,0,0,0,0,8.582126302000063,53.56381492500003,Lehe,Königsheide,POINT (8.582126302000063 53.56381492500003)
10305,11,2025,4,4,17,3,1,7,1,0,0,1,0,0,0,0,8.786511899000061,53.093109955000045,Walle,Westend,POINT (8.786511899000061 53.093109955000045)
10306,11,2025,4,6,10,3,5,3,1,1,0,0,0,0,0,0,8.84301298400004,53.08108755200004,Schwachhausen,Gete,POINT (8.84301298400004 53.08108755200004)
10307,11,2025,4,6,8,3,5,3,1,0,0,0,0,0,0,0,8.801718941000047,53.06790192500006,Neustadt,Südervorstadt,POINT (8.801718941000047 53.06790192500006)
10308,11,2025,4,4,8,3,5,3,1,1,0,0,0,0,0,0,8.85692632000007,53.072642821000045,Hemelingen,Hastedt,POINT (8.85692632000007 53.072642821000045)
10309,11,2025,8,6,12,3,6,7,1,0,1,0,0,0,0,0,8.628469259000042,53.16962164800003,Vegesack,Vegesack,POINT (8.628469259000042 53.16962164800003)
10310,11,2025,4,6,16,3,0,3,1,1,0,0,0,0,0,0,8.52405430400006,53.20289904800006,Blumenthal,Farge,POINT (8.52405430400006 53.20289904800006)
10311,11,2025,7,7,14,3,0,3,1,1,0,0,0,0,0,0,8.877187458000037,53.07186367400004,Vahr,Gartenstadt Vahr,POINT (8.877187458000037 53.07186367400004)
10312,11,2025,10,4,13,2,4,6,1,0,0,0,0,1,0,1,8.85066357900007,53.05354229900007,Obervieland,Habenhausen,POINT (8.85066357900007 53.05354229900007)
10313,11,2025,6,5,19,3,5,3,1,0,0,0,0,1,0,0,8.832217365000076,53.04030828600003,Obervieland,Kattenturm,POINT (8.832217365000076 53.04030828600003)
10314,11,2025,9,5,15,3,3,6,1,0,0,0,0,1,0,0,8.783180867000056,53.108441397000036,Walle,Hohweg,POINT (8.783180867000056 53.108441397000036)
10315,11,2025,9,3,14,3,5,3,1,1,0,0,0,0,0,0,8.785591685000043,53.07093190200004,Neustadt,Hohentor,POINT (8.785591685000043 53.07093190200004)
10316,12,2025,9,7,14,3,4,6,1,1,0,0,0,0,0,0,8.601420131000054,53.55435628500004,Lehe,Königsheide,POINT (8.601420131000054 53.55435628500004)
10317,11,2025,6,3,15,3,5,2,1,1,0,0,0,0,0,0,8.851856525000073,53.08867158400005,Schwachhausen,Riensberg,POINT (8.851856525000073 53.08867158400005)
10318,11,2025,9,4,18,3,5,3,1,1,0,0,0,0,0,0,8.84044095300004,53.07160330000005,Östliche Vorstadt,Peterswerder,POINT (8.84044095300004 53.07160330000005)
10319,11,2025,8,7,12,2,5,3,1,0,0,0,0,1,0,0,8.784803346000047,53.06007208600005,Neustadt,Neuenland,POINT (8.784803346000047 53.06007208600005)
10320,11,2025,7,2,11,3,5,7,1,1,0,0,0,0,0,0,8.819833402000029,53.038409383000044,Obervieland,Kattenturm,POINT (8.819833402000029 53.038409383000044)
10321,11,2025,4,4,10,3,5,3,1,1,0,0,0,0,0,0,8.837350983000022,53.03786254800008,Obervieland,Arsten,POINT (8.837350983000022 53.03786254800008)
10322,11,2025,5,6,12,3,3,6,1,0,0,0,0,0,0,0,8.88196232200005,53.10319196200004,Horn-Lehe,Lehesterdeich,POINT (8.88196232200005 53.10319196200004)
10323,11,2025,5,4,8,3,5,2,1,1,0,0,0,0,0,0,8.69870473100002,53.168265646000066,Burglesum,Lesum,POINT (8.69870473100002 53.168265646000066)
10324,11,2025,6,7,10,3,5,3,1,1,0,0,0,0,0,0,8.886753162000048,53.07931093900004,Vahr,Neue Vahr Südwest,POINT (8.886753162000048 53.07931093900004)
10325,11,2025,8,4,16,3,5,2,1,1,0,0,0,0,0,0,8.89373572900007,53.11185191700008,Horn-Lehe,Lehesterdeich,POINT (8.89373572900007 53.11185191700008)
10326,11,2025,8,2,20,2,5,3,1,1,0,0,0,0,1,0,8.891009920000045,53.08620783200007,Vahr,Neue Vahr Nord,POINT (8.891009920000045 53.08620783200007)
10327,11,2025,8,2,15,3,5,3,1,1,0,0,0,0,0,0,8.83150815700003,53.08622365100007,Schwachhausen,Bürgerpark,POINT (8.83150815700003 53.08622365100007)
10328,11,2025,7,7,13,3,3,6,1,0,0,0,0,0,0,0,8.859043138000061,53.12456798100004,unbekannt,Blockland,POINT (8.859043138000061 53.12456798100004)
10329,11,2025,5,1,23,2,5,3,1,1,0,0,0,0,2,0,8.780349373000035,53.09289685500005,Walle,Steffensweg,POINT (8.780349373000035 53.09289685500005)
10330,11,2025,5,1,10,3,5,3,1,1,0,0,0,0,0,0,8.824591732000044,53.06891272200005,Mitte,Ostertor,POINT (8.824591732000044 53.06891272200005)
10331,11,2025,5,6,23,2,0,1,1,0,0,0,0,0,2,0,8.808606343000065,53.07494383900007,Mitte,Altstadt,POINT (8.808606343000065 53.07494383900007)
10332,11,2025,3,2,21,3,5,7,1,1,0,0,0,0,2,0,8.896648236000033,53.086075546000075,Vahr,Neue Vahr Nord,POINT (8.896648236000033 53.086075546000075)
10333,11,2025,8,3,20,3,5,3,1,0,0,0,0,0,1,0,8.902602638000076,53.10011053000005,unbekannt,unbekannt,POINT (8.902602638000076 53.10011053000005)
10334,11,2025,6,4,19,2,4,6,1,0,0,0,0,0,0,0,8.796399744000041,53.16130863600006,unbekannt,Blockland,POINT (8.796399744000041 53.16130863600006)
10335,11,2025,9,5,18,3,6,7,1,0,1,0,0,0,0,0,8.804954792000046,53.06174278100008,Neustadt,Buntentor,POINT (8.804954792000046 53.06174278100008)
10336,11,2025,4,3,17,3,0,6,1,1,0,0,0,0,0,0,8.899979947000077,53.04141383900003,Hemelingen,Hemelingen,POINT (8.899979947000077 53.04141383900003)
10337,11,2025,3,2,19,3,5,2,1,1,0,0,0,0,1,0,8.831544608000058,53.085901093000075,Schwachhausen,Bürgerpark,POINT (8.831544608000058 53.085901093000075)
10338,12,2025,5,4,8,3,6,4,1,0,1,0,0,0,0,0,8.573561133000055,53.54934286200006,Mitte,Weddewarden,POINT (8.573561133000055 53.54934286200006)
10339,12,2025,7,6,12,3,3,6,1,1,0,0,0,0,0,0,8.581620608000037,53.56077363900005,Lehe,Königsheide,POINT (8.581620608000037 53.56077363900005)
10340,11,2025,9,1,19,3,5,3,1,1,0,0,0,0,0,0,8.789521316000048,53.105926261000036,Walle,Hohweg,POINT (8.789521316000048 53.105926261000036)
10341,11,2025,5,4,6,3,6,3,1,0,1,0,0,0,0,0,8.863400692000027,53.068473804000064,Hemelingen,Hastedt,POINT (8.863400692000027 53.068473804000064)
10342,11,2025,8,3,18,3,5,2,1,0,0,0,1,0,0,0,8.959238931000073,53.04188816100003,Hemelingen,Mahndorf,POINT (8.959238931000073 53.04188816100003)
10343,11,2025,7,4,15,3,3,2,1,1,0,0,0,0,0,0,8.818579154000076,53.051882996000074,Neustadt,Huckelriede,POINT (8.818579154000076 53.051882996000074)
10344,12,2025,6,7,14,3,6,7,1,0,1,0,0,0,0,1,8.587852221000048,53.53991438500003,Geestemünde,Buschkämpen,POINT (8.587852221000048 53.53991438500003)
10345,11,2025,4,7,14,3,0,4,1,0,1,0,0,0,0,0,8.815331884000045,53.08470260400003,Findorff,Findorff-Bürgerweide,POINT (8.815331884000045 53.08470260400003)
10346,11,2025,5,5,11,3,5,3,1,1,0,0,0,0,0,0,8.62450642400006,53.17718388900005,Vegesack,Vegesack,POINT (8.62450642400006 53.17718388900005)
10347,11,2025,5,5,10,3,5,3,1,1,0,0,0,0,0,0,8.897614924000038,53.08048958200004,Vahr,Neue Vahr Südost,POINT (8.897614924000038 53.08048958200004)
10348,12,2025,10,3,14,3,5,3,1,1,0,0,0,0,0,0,8.590713663000031,53.54080465800007,Geestemünde,Buschkämpen,POINT (8.590713663000031 53.54080465800007)
10349,11,2025,10,1,14,3,5,3,1,1,0,0,0,0,0,1,8.825123338000026,53.08417631300006,Schwachhausen,Barkhof,POINT (8.825123338000026 53.08417631300006)
10350,11,2025,8,2,19,3,0,1,1,0,0,0,0,0,0,0,8.81722602900004,53.06585568100007,Neustadt,Huckelriede,POINT (8.81722602900004 53.06585568100007)
10351,11,2025,9,1,22,3,5,2,1,1,0,0,0,0,2,0,8.825203793000071,53.084342423000066,Schwachhausen,Bürgerpark,POINT (8.825203793000071 53.084342423000066)
10352,11,2025,6,2,15,2,0,7,1,0,0,0,0,0,0,0,8.658140976000027,53.17746596400008,Vegesack,Schönebeck,POINT (8.658140976000027 53.17746596400008)
10353,11,2025,5,3,14,3,5,3,1,1,0,0,0,0,0,0,8.87883667500006,53.10135425500005,Horn-Lehe,Lehe,POINT (8.87883667500006 53.10135425500005)
10354,11,2025,10,5,8,3,4,7,1,0,0,0,0,0,0,1,8.870446710000067,53.09427958800006,Horn-Lehe,Horn,POINT (8.870446710000067 53.09427958800006)
10355,11,2025,6,5,12,3,5,3,1,1,0,0,0,0,0,0,8.880336274000058,53.082442842000034,Vahr,Neue Vahr Südwest,POINT (8.880336274000058 53.082442842000034)
10356,11,2025,7,2,12,3,3,6,1,0,0,1,0,0,0,0,8.85340324300006,53.070766338000055,Östliche Vorstadt,Hulsberg,POINT (8.85340324300006 53.070766338000055)
10357,11,2025,7,4,13,3,5,3,1,1,0,0,0,0,0,0,8.814250719000029,53.08143990700006,Mitte,Bahnhofsvorstadt,POINT (8.814250719000029 53.08143990700006)
10358,11,2025,9,3,16,3,3,6,1,0,0,0,0,0,0,0,8.832815570000037,53.09379966400007,Schwachhausen,Neu-Schwachhausen,POINT (8.832815570000037 53.09379966400007)
10359,12,2025,10,4,15,3,5,3,1,1,0,0,0,0,0,0,8.580226719000052,53.54474952700008,Mitte,Weddewarden,POINT (8.580226719000052 53.54474952700008)
10360,11,2025,7,6,18,3,3,6,1,1,0,0,0,0,0,0,8.816800288000024,53.08391564800007,Schwachhausen,Barkhof,POINT (8.816800288000024 53.08391564800007)
10361,11,2025,8,5,16,3,4,6,1,0,0,0,0,0,0,0,8.848972513000035,53.065834875000064,Östliche Vorstadt,Peterswerder,POINT (8.848972513000035 53.065834875000064)
10362,11,2025,9,4,11,3,5,6,1,1,0,0,0,0,0,0,8.801388614000075,53.07157471100004,Neustadt,Alte Neustadt,POINT (8.801388614000075 53.07157471100004)
10363,11,2025,6,1,10,3,1,5,1,1,0,0,0,0,0,0,8.858463469000071,53.080445087000044,Vahr,Gartenstadt Vahr,POINT (8.858463469000071 53.080445087000044)
10364,12,2025,7,4,17,3,1,5,1,1,0,0,0,0,0,1,8.573171218000027,53.552967282000054,Mitte,Weddewarden,POINT (8.573171218000027 53.552967282000054)
10365,11,2025,9,7,2,3,0,1,1,0,0,0,0,0,2,1,8.572478400000023,53.18400907500006,Blumenthal,Blumenthal,POINT (8.572478400000023 53.18400907500006)
10366,12,2025,8,7,17,3,5,2,1,1,0,0,0,0,0,0,8.627210615000024,53.59077502900004,Leherheide,Fehmoor,POINT (8.627210615000024 53.59077502900004)
10367,12,2025,8,4,5,3,5,3,1,0,0,0,0,1,2,0,8.576979004000066,53.58643463100003,Lehe,Königsheide,POINT (8.576979004000066 53.58643463100003)
10368,11,2025,8,4,17,3,5,3,1,1,0,0,0,0,0,0,8.823530272000028,53.044129670000075,Obervieland,Kattenturm,POINT (8.823530272000028 53.044129670000075)
10369,11,2025,10,5,16,3,5,2,1,1,0,0,0,0,0,0,8.777063295000062,53.06358267000007,Neustadt,Neuenland,POINT (8.777063295000062 53.06358267000007)
10370,11,2025,9,4,14,3,5,3,1,1,0,0,0,0,0,0,8.792343372000062,53.056197077000036,Neustadt,Neuenland,POINT (8.792343372000062 53.056197077000036)
10371,12,2025,10,6,16,3,5,2,1,1,0,0,0,0,0,0,8.595532838000054,53.53574236000003,Geestemünde,Buschkämpen,POINT (8.595532838000054 53.53574236000003)
10372,11,2025,4,7,11,3,5,2,1,1,0,0,0,0,0,0,8.837372458000061,53.037851989000046,Obervieland,Arsten,POINT (8.837372458000061 53.037851989000046)
10373,11,2025,10,6,13,3,5,3,1,1,0,0,0,0,0,1,8.76307880500002,53.10783532900007,Walle,Überseestadt,POINT (8.76307880500002 53.10783532900007)
10374,11,2025,4,2,12,3,5,3,1,1,0,0,0,0,0,0,8.890682728000058,53.08616365300003,Vahr,Neue Vahr Nord,POINT (8.890682728000058 53.08616365300003)
10375,11,2025,8,2,14,3,0,7,1,0,0,0,0,0,0,0,8.81962788800007,53.07746585400008,Mitte,Ostertor,POINT (8.81962788800007 53.07746585400008)
10376,11,2025,7,2,10,3,3,6,1,1,0,0,0,0,0,1,8.825152200000048,53.084505397000044,Schwachhausen,Bürgerpark,POINT (8.825152200000048 53.084505397000044)
10377,11,2025,6,7,13,3,5,3,1,1,0,0,0,0,0,0,8.893650415000025,53.050365182000064,Hemelingen,Hemelingen,POINT (8.893650415000025 53.050365182000064)
10378,11,2025,9,6,15,3,5,3,1,1,0,0,0,0,0,0,8.807289720000028,53.08215454600003,Mitte,Bahnhofsvorstadt,POINT (8.807289720000028 53.08215454600003)
10379,11,2025,6,3,12,3,4,6,1,1,0,0,0,0,0,0,8.702271558000064,53.16920718400007,Burglesum,Burgdamm,POINT (8.702271558000064 53.16920718400007)
10380,11,2025,3,7,17,3,5,3,1,1,0,0,0,0,0,0,8.728648752000026,53.038875199000074,Huchting,Kirchhuchting,POINT (8.728648752000026 53.038875199000074)
10381,11,2025,5,6,19,3,5,2,1,1,0,0,0,0,0,0,8.878787936000037,53.07907501400007,Vahr,Neue Vahr Südwest,POINT (8.878787936000037 53.07907501400007)
10382,12,2025,5,5,16,3,5,2,1,1,0,0,0,0,0,0,8.593180372000063,53.55631375200005,Lehe,Königsheide,POINT (8.593180372000063 53.55631375200005)
10383,11,2025,8,2,11,3,5,2,1,1,0,0,0,0,0,0,8.793450113000063,53.073931911000045,Neustadt,Alte Neustadt,POINT (8.793450113000063 53.073931911000045)
10384,11,2025,9,5,6,3,5,7,1,1,0,0,0,0,2,0,8.759672063000039,53.12432049700004,Gröpelingen,Ohlenhof,POINT (8.759672063000039 53.12432049700004)
10385,11,2025,8,5,15,3,5,3,1,1,0,0,0,0,0,0,8.899079107000034,53.120473281000045,unbekannt,Borgfeld,POINT (8.899079107000034 53.120473281000045)
10386,11,2025,4,2,14,3,5,2,1,1,0,0,0,0,0,0,8.897563293000076,53.05872980300006,Hemelingen,Sebaldsbrück,POINT (8.897563293000076 53.05872980300006)
10387,11,2025,4,6,16,3,5,7,1,1,0,0,0,0,0,0,8.794118421000064,53.10269131300004,Walle,Osterfeuerberg,POINT (8.794118421000064 53.10269131300004)
10388,11,2025,6,6,12,3,1,5,1,1,0,0,0,0,0,1,8.849715158000038,53.04951963800005,Obervieland,Habenhausen,POINT (8.849715158000038 53.04951963800005)
10389,11,2025,4,4,9,3,0,7,1,0,0,0,0,1,0,0,8.887871225000026,53.10924444900007,Horn-Lehe,Lehesterdeich,POINT (8.887871225000026 53.10924444900007)
10390,11,2025,5,4,10,3,0,7,1,0,0,0,0,0,0,1,8.81221105700007,53.082946338000056,Mitte,Bahnhofsvorstadt,POINT (8.81221105700007 53.082946338000056)
10391,11,2025,8,3,17,3,2,6,1,1,0,0,0,0,0,0,8.772375084000032,53.07787556900007,Woltmershausen,Woltmershausen,POINT (8.772375084000032 53.07787556900007)
10392,11,2025,6,2,17,3,0,2,1,1,0,0,0,0,0,0,8.781636766000076,53.087603254000044,Walle,Überseestadt,POINT (8.781636766000076 53.087603254000044)
10393,11,2025,8,6,11,2,5,3,1,1,0,0,0,0,0,0,8.870737934000033,53.09138173000008,Horn-Lehe,Horn,POINT (8.870737934000033 53.09138173000008)
10394,11,2025,7,1,17,3,5,3,1,1,0,0,0,0,0,0,8.740927147000036,53.133122925000066,Gröpelingen,Oslebshausen,POINT (8.740927147000036 53.133122925000066)
10395,12,2025,7,5,20,3,5,3,1,1,0,0,0,0,1,0,8.612208268000074,53.58753681300004,Leherheide,Fehmoor,POINT (8.612208268000074 53.58753681300004)
10396,11,2025,7,2,8,3,4,6,1,0,0,0,0,0,0,0,8.733741945000077,53.04306918100008,Huchting,Kirchhuchting,POINT (8.733741945000077 53.04306918100008)
10397,11,2025,9,3,11,3,5,3,1,1,0,0,0,0,0,1,8.95591754000003,53.04758147000007,Osterholz,Osterholz,POINT (8.95591754000003 53.04758147000007)
10398,11,2025,7,5,17,3,1,5,1,0,0,0,0,1,0,0,8.832175904000053,53.086102002000075,Schwachhausen,Bürgerpark,POINT (8.832175904000053 53.086102002000075)
10399,11,2025,9,1,18,3,5,3,1,1,0,0,0,0,1,0,8.612382902000036,53.175066376000075,Vegesack,Vegesack,POINT (8.612382902000036 53.175066376000075)
10400,11,2025,8,1,17,3,4,6,1,0,0,0,0,1,0,0,8.903174071000024,53.099803946000065,unbekannt,unbekannt,POINT (8.903174071000024 53.099803946000065)
10401,11,2025,7,1,5,3,9,7,1,0,0,0,0,0,0,0,8.847447909000039,53.044063478000055,Obervieland,Habenhausen,POINT (8.847447909000039 53.044063478000055)
10402,11,2025,9,2,14,2,6,4,1,0,1,0,0,0,0,0,8.81028617000004,53.079719124000064,Mitte,Bahnhofsvorstadt,POINT (8.81028617000004 53.079719124000064)
10403,11,2025,9,1,11,3,5,2,1,1,0,0,0,0,0,0,8.775136297000074,53.107764848000045,Walle,Walle,POINT (8.775136297000074 53.107764848000045)
10404,11,2025,9,1,1,3,0,7,1,0,0,0,0,0,2,0,8.85329071600006,53.06427409300005,Hemelingen,Hastedt,POINT (8.85329071600006 53.06427409300005)
10405,11,2025,7,7,14,3,0,7,1,0,0,0,0,0,0,0,8.783293155000024,53.06971686900005,Neustadt,Hohentor,POINT (8.783293155000024 53.06971686900005)
10406,11,2025,4,4,8,2,5,3,1,1,0,0,0,0,0,0,8.825017647000038,53.084579983000026,Schwachhausen,Bürgerpark,POINT (8.825017647000038 53.084579983000026)
10407,12,2025,8,6,23,3,0,1,1,0,0,0,0,0,2,0,8.603079302000026,53.59481292100003,Leherheide,Fehmoor,POINT (8.603079302000026 53.59481292100003)
10408,11,2025,6,5,7,3,5,3,1,1,0,0,0,0,0,0,8.625544821000062,53.18127659400005,Vegesack,Aumund-Hammersbeck,POINT (8.625544821000062 53.18127659400005)
10409,11,2025,5,3,17,3,3,2,1,0,0,0,0,1,0,0,8.796830381000063,53.08922202400004,Walle,Utbremen,POINT (8.796830381000063 53.08922202400004)
10410,11,2025,6,7,11,3,1,5,1,1,0,0,0,0,0,0,8.876078929000073,53.06526361900006,Hemelingen,Hastedt,POINT (8.876078929000073 53.06526361900006)
10411,11,2025,5,2,11,3,0,1,1,0,0,0,0,0,0,0,8.602591571000062,53.18017506800004,Vegesack,Fähr-Lobbendorf,POINT (8.602591571000062 53.18017506800004)
10412,12,2025,9,2,10,3,5,3,1,1,0,0,0,0,0,1,8.61919133400005,53.592324604000055,Leherheide,Fehmoor,POINT (8.61919133400005 53.592324604000055)
10413,11,2025,9,4,11,3,5,2,1,1,0,0,0,0,0,0,8.739091244000065,53.051587906000066,Huchting,Kirchhuchting,POINT (8.739091244000065 53.051587906000066)
10414,11,2025,8,4,8,3,3,2,1,0,0,0,1,0,0,0,8.784001844000045,53.07556370600008,Woltmershausen,Woltmershausen,POINT (8.784001844000045 53.07556370600008)
10415,11,2025,9,3,13,3,5,2,1,1,0,0,0,0,0,0,8.802904454000043,53.07979420200007,Mitte,Altstadt,POINT (8.802904454000043 53.07979420200007)
10416,11,2025,8,6,21,3,5,3,1,1,0,0,0,0,1,0,8.878586148000068,53.07891043300003,Vahr,Gartenstadt Vahr,POINT (8.878586148000068 53.07891043300003)
10417,11,2025,4,7,12,3,1,7,1,1,0,0,0,0,0,0,8.907758085000069,53.12452910300004,unbekannt,Borgfeld,POINT (8.907758085000069 53.12452910300004)
10418,11,2025,9,6,13,3,5,3,1,0,0,0,0,1,0,0,8.777004330000068,53.106866395000054,Walle,Walle,POINT (8.777004330000068 53.106866395000054)
10419,11,2025,3,6,14,3,5,2,1,1,0,0,0,0,0,0,8.853494243000057,53.064803909000034,Hemelingen,Hastedt,POINT (8.853494243000057 53.064803909000034)
10420,12,2025,9,1,21,3,3,6,1,0,0,0,0,1,2,0,8.587782753000056,53.536245430000065,Geestemünde,Buschkämpen,POINT (8.587782753000056 53.536245430000065)
10421,11,2025,4,5,8,3,5,3,1,0,0,0,0,0,0,0,8.862892250000073,53.09031856400003,Schwachhausen,Riensberg,POINT (8.862892250000073 53.09031856400003)
10422,11,2025,3,6,12,3,5,3,1,1,0,0,0,0,0,0,8.820319513000072,53.07962391900003,Mitte,Ostertor,POINT (8.820319513000072 53.07962391900003)
10423,12,2025,8,3,17,3,5,3,1,1,0,0,0,0,0,0,8.594459440000037,53.54663603500006,Geestemünde,Buschkämpen,POINT (8.594459440000037 53.54663603500006)