,UKREIS,UJAHR,UMONAT,UWOCHENTAG,USTUNDE,UKATEGORIE,UART,UTYP1,IstRad,IstPKW,IstFuss,IstKrad,IstGkfz,IstSonstig,ULICHTVERH,STRZUSTAND,longitude,latitude,Stadtteil,Ortsteil,geometry
10424,11,2025,4,7,11,3,0,3,1,1,0,0,0,0,0,0,8.730437299000073,53.051541531000055,Huchting,Sodenmatt,POINT (8.730437299000073 53.051541531000055)
10425,12,2025,8,6,8,3,5,2,1,1,0,0,0,0,0,0,8.621119579000037,53.51904656200003,Geestemünde,Buschkämpen,POINT (8.621119579000037 53.51904656200003)
10426,11,2025,9,2,15,3,5,3,1,1,0,0,0,0,0,0,8.825164061000066,53.08451559500003,Schwachhausen,Bürgerpark,POINT (8.825164061000066 53.08451559500003)
10427,11,2025,10,1,10,3,0,7,1,0,0,0,0,0,0,0,8.859412933000044,53.046121276000065,Obervieland,Habenhausen,POINT (8.859412933000044 53.046121276000065)
10428,11,2025,8,2,15,3,3,2,1,1,0,0,0,0,0,0,8.743465909000065,53.12319341500006,Häfen,Industriehäfen,POINT (8.743465909000065 53.12319341500006)
10429,11,2025,8,6,12,3,5,2,1,1,0,0,0,0,0,0,8.619264400000077,53.18210112700007,Vegesack,Aumund-Hammersbeck,POINT (8.619264400000077 53.18210112700007)
10430,12,2025,10,6,16,3,0,1,1,0,0,0,0,0,0,0,8.592647207000027,53.515769170000056,Wulsdorf,Geestemünde-Süd,POINT (8.592647207000027 53.515769170000056)
10431,11,2025,7,6,15,3,5,3,1,1,0,0,0,0,0,0,8.851188213000057,53.08064789800005,Schwachhausen,Gete,POINT (8.851188213000057 53.08064789800005)
10432,11,2025,3,5,9,3,5,2,1,1,0,0,0,0,0,0,8.808546651000029,53.08291460400005,Mitte,Bahnhofsvorstadt,POINT (8.808546651000029 53.08291460400005)
10433,12,2025,4,5,15,3,5,2,1,1,0,0,0,0,0,0,8.598851857000056,53.50514694600008,Wulsdorf,Geestemünde-Süd,POINT (8.598851857000056 53.50514694600008)
10434,11,2025,5,4,9,3,5,7,1,1,0,0,0,0,0,0,8.848000763000073,53.105738820000056,Horn-Lehe,Lehe,POINT (8.848000763000073 53.105738820000056)
10435,11,2025,7,5,13,3,5,3,1,1,0,0,0,0,0,1,8.88619066800004,53.07897496900006,Vahr,Neue Vahr Südwest,POINT (8.88619066800004 53.07897496900006)
10436,11,2025,9,3,20,3,6,7,1,0,1,0,0,0,2,0,8.579929351000033,53.18295343900007,Blumenthal,Blumenthal,POINT (8.579929351000033 53.18295343900007)
10437,11,2025,4,4,18,3,5,2,1,1,0,0,0,0,0,0,8.71424184600005,53.137677342000075,Burglesum,Burg-Grambke,POINT (8.71424184600005 53.137677342000075)
10438,11,2025,9,6,13,2,5,3,1,1,0,0,0,0,0,0,8.794140519000052,53.10301303700004,Walle,Osterfeuerberg,POINT (8.794140519000052 53.10301303700004)
10439,11,2025,8,4,13,3,5,2,1,1,0,0,0,0,0,0,8.686289997000074,53.17032546100006,Burglesum,Lesum,POINT (8.686289997000074 53.17032546100006)
10440,11,2025,5,3,14,3,5,3,1,1,0,0,0,0,0,0,8.851696341000036,53.08002765500004,Schwachhausen,Gete,POINT (8.851696341000036 53.08002765500004)
10441,11,2025,4,5,12,3,1,5,1,1,0,0,0,0,0,0,8.796371860000022,53.06718693900007,Neustadt,Südervorstadt,POINT (8.796371860000022 53.06718693900007)
10442,11,2025,6,2,8,3,5,3,1,1,0,0,0,0,0,0,8.893098287000043,53.05001805300003,Hemelingen,Hemelingen,POINT (8.893098287000043 53.05001805300003)
10443,12,2025,8,5,17,3,5,3,1,1,0,0,0,0,0,0,8.591385331000026,53.54257759700005,Geestemünde,Buschkämpen,POINT (8.591385331000026 53.54257759700005)
10444,11,2025,6,2,16,3,5,3,1,1,0,0,0,0,0,0,8.718610597000065,53.17345389500008,Burglesum,Burgdamm,POINT (8.718610597000065 53.17345389500008)
10445,11,2025,5,6,7,3,5,3,1,1,0,0,0,0,0,0,8.825117955000053,53.08417930300004,Schwachhausen,Barkhof,POINT (8.825117955000053 53.08417930300004)
10446,11,2025,7,5,9,3,5,3,1,1,0,0,0,0,0,0,8.919355702000075,53.09216784200004,unbekannt,unbekannt,POINT (8.919355702000075 53.09216784200004)
10447,11,2025,3,5,7,3,4,6,1,1,0,0,0,0,0,0,8.851965213000028,53.05591834400008,Obervieland,Habenhausen,POINT (8.851965213000028 53.05591834400008)
10448,11,2025,4,3,13,3,5,7,1,1,0,0,0,0,0,0,8.86447147900003,53.07138151300006,Hemelingen,Hastedt,POINT (8.86447147900003 53.07138151300006)
10449,11,2025,6,4,17,3,5,2,1,1,0,0,0,0,0,1,8.84239658000007,53.106046579000065,Schwachhausen,Neu-Schwachhausen,POINT (8.84239658000007 53.106046579000065)
10450,11,2025,5,6,20,3,0,7,1,0,0,0,0,1,0,1,8.800915380000049,53.06172973900004,Neustadt,Gartenstadt Süd,POINT (8.800915380000049 53.06172973900004)
10451,11,2025,3,5,14,3,4,6,1,0,0,0,0,0,0,0,8.809372435000057,53.072056297000074,Mitte,Altstadt,POINT (8.809372435000057 53.072056297000074)
10452,11,2025,9,6,11,3,5,3,1,1,0,0,0,0,0,0,8.75010734600005,53.12587214400003,Gröpelingen,Ohlenhof,POINT (8.75010734600005 53.12587214400003)
10453,11,2025,7,2,10,3,3,6,1,0,0,0,0,0,0,0,8.854698515000052,53.07606290100006,Schwachhausen,Gete,POINT (8.854698515000052 53.07606290100006)
10454,11,2025,6,4,13,3,6,3,1,0,1,0,0,0,0,0,8.918118512000035,53.03979196800003,Hemelingen,Arbergen,POINT (8.918118512000035 53.03979196800003)
10455,11,2025,6,2,18,3,1,5,1,1,0,0,0,0,0,0,8.833072151000067,53.07815940000006,Östliche Vorstadt,Fesenfeld,POINT (8.833072151000067 53.07815940000006)
10456,11,2025,9,5,14,3,3,2,1,1,0,0,0,0,0,0,8.77629698000004,53.06323196200003,Neustadt,Neuenland,POINT (8.77629698000004 53.06323196200003)
10457,11,2025,8,7,10,3,3,2,1,1,0,0,0,0,0,0,8.82439911800003,53.084424693000074,Schwachhausen,Barkhof,POINT (8.82439911800003 53.084424693000074)
10458,11,2025,5,4,16,3,5,3,1,1,0,0,0,0,0,0,8.847173403000056,53.05025491600003,Obervieland,Habenhausen,POINT (8.847173403000056 53.05025491600003)
10459,11,2025,7,3,13,3,5,3,1,1,0,0,0,0,0,1,8.810975044000031,53.05757432000007,Neustadt,Huckelriede,POINT (8.810975044000031 53.05757432000007)
10460,11,2025,8,7,11,3,0,7,1,0,0,0,0,0,0,1,8.880639612000039,53.076739874000054,Vahr,Gartenstadt Vahr,POINT (8.880639612000039 53.076739874000054)
10461,11,2025,5,3,16,3,2,6,1,1,0,0,0,0,0,0,8.79723358900003,53.07248404900008,Neustadt,Alte Neustadt,POINT (8.79723358900003 53.07248404900008)
10462,11,2025,8,4,10,3,8,7,1,0,0,0,0,0,0,0,8.734635608000076,53.05193250800005,Huchting,Sodenmatt,POINT (8.734635608000076 53.05193250800005)
10463,11,2025,6,3,7,3,5,3,1,1,0,0,0,0,0,0,8.774069973000053,53.10133354800007,Walle,Walle,POINT (8.774069973000053 53.10133354800007)
10464,11,2025,8,4,14,3,5,2,1,1,0,0,0,0,0,0,8.850193624000042,53.06557429900005,Östliche Vorstadt,Peterswerder,POINT (8.850193624000042 53.06557429900005)
10465,11,2025,9,3,12,3,5,3,1,1,0,0,0,0,0,0,8.757590356000037,53.05834700500003,Huchting,Grolland,POINT (8.757590356000037 53.05834700500003)
10466,11,2025,4,3,16,3,5,3,1,1,0,0,0,0,0,0,8.811362065000026,53.09183207500007,Findorff,Findorff-Bürgerweide,POINT (8.811362065000026 53.09183207500007)
10467,11,2025,3,4,12,3,5,2,1,1,0,0,0,0,0,0,8.843456761000027,53.068897364000065,Östliche Vorstadt,Peterswerder,POINT (8.843456761000027 53.068897364000065)
10468,11,2025,9,3,17,3,6,3,1,0,1,0,0,0,0,0,8.797761937000075,53.083442871000045,Mitte,Bahnhofsvorstadt,POINT (8.797761937000075 53.083442871000045)
10469,11,2025,7,6,18,3,4,6,1,0,0,0,0,1,0,0,8.81535186800005,53.08895049700004,Schwachhausen,Bürgerpark,POINT (8.81535186800005 53.08895049700004)
10470,11,2025,9,4,11,3,5,2,1,1,0,0,0,0,0,0,8.878724981000062,53.07914025400004,Vahr,Neue Vahr Südwest,POINT (8.878724981000062 53.07914025400004)
10471,12,2025,5,4,23,3,5,3,1,1,0,0,0,0,2,0,8.592954270000064,53.556542723000064,Lehe,Königsheide,POINT (8.592954270000064 53.556542723000064)
10472,12,2025,8,5,11,3,0,1,1,0,0,0,0,0,0,0,8.584848520000037,53.530750226000066,Geestemünde,Buschkämpen,POINT (8.584848520000037 53.530750226000066)
10473,12,2025,3,5,16,3,5,2,1,1,0,0,0,0,0,0,8.603477534000035,53.523480111000026,Geestemünde,Buschkämpen,POINT (8.603477534000035 53.523480111000026)
10474,11,2025,8,4,13,3,5,2,1,1,0,0,0,0,0,0,8.909729539000068,53.03960892600003,Hemelingen,Arbergen,POINT (8.909729539000068 53.03960892600003)
10475,11,2025,9,5,16,3,0,7,1,1,0,0,0,0,0,1,8.841674090000026,53.07025607200006,Östliche Vorstadt,Peterswerder,POINT (8.841674090000026 53.07025607200006)
10476,11,2025,3,4,7,3,5,3,1,1,0,0,0,0,0,1,8.88426419800004,53.07179461800007,Vahr,Gartenstadt Vahr,POINT (8.88426419800004 53.07179461800007)
10477,11,2025,8,7,20,3,3,6,1,0,0,0,0,1,0,0,8.799636367000062,53.06925882300004,Neustadt,Alte Neustadt,POINT (8.799636367000062 53.06925882300004)
10478,11,2025,5,3,18,3,5,3,1,0,0,0,0,0,0,0,8.786173723000047,53.09109148600004,Walle,Steffensweg,POINT (8.786173723000047 53.09109148600004)
10479,11,2025,6,5,7,3,5,3,1,1,0,0,0,0,0,0,8.713062315000059,53.15315752600003,Burglesum,Burg-Grambke,POINT (8.713062315000059 53.15315752600003)
10480,11,2025,5,5,14,3,4,6,1,0,0,0,0,0,0,0,8.860869566000076,53.07907064900007,Vahr,Gartenstadt Vahr,POINT (8.860869566000076 53.07907064900007)
10481,11,2025,7,3,17,3,1,5,1,1,0,0,0,0,0,0,8.906463449000057,53.12472091400008,unbekannt,Borgfeld,POINT (8.906463449000057 53.12472091400008)
10482,11,2025,6,5,12,3,5,3,1,0,0,0,0,0,0,0,8.838630695000063,53.06919611400008,Östliche Vorstadt,Peterswerder,POINT (8.838630695000063 53.06919611400008)
10483,11,2025,9,3,9,3,0,7,1,0,0,0,0,0,0,0,8.632834337000077,53.18968116100007,Vegesack,Aumund-Hammersbeck,POINT (8.632834337000077 53.18968116100007)
10484,11,2025,5,6,13,3,5,3,1,1,0,0,0,0,0,0,8.890595822000023,53.10889485400003,Horn-Lehe,Lehesterdeich,POINT (8.890595822000023 53.10889485400003)
10485,11,2025,4,7,13,3,5,3,1,1,0,0,0,0,0,0,8.757821285000034,53.058480074000045,Huchting,Grolland,POINT (8.757821285000034 53.058480074000045)
10486,11,2025,4,6,22,3,0,7,1,0,0,0,0,1,2,0,8.702738116000035,53.16377537400007,Burglesum,Lesum,POINT (8.702738116000035 53.16377537400007)
10487,12,2025,9,4,10,3,5,2,1,1,0,0,0,0,0,1,8.59658971500005,53.52710464300003,Geestemünde,Buschkämpen,POINT (8.59658971500005 53.52710464300003)
10488,11,2025,5,4,7,2,3,6,1,0,0,0,0,0,0,0,8.837654727000029,53.08742200700004,Schwachhausen,Schwachhausen,POINT (8.837654727000029 53.08742200700004)
10489,11,2025,9,2,8,3,1,5,1,1,0,0,0,0,0,0,8.801984910000044,53.095060525000065,Findorff,Regensburger Str.,POINT (8.801984910000044 53.095060525000065)
10490,11,2025,7,2,16,3,5,2,1,1,0,0,0,0,0,0,8.945307609000054,53.065556309000044,Osterholz,Ellenerbrok-Schevemoor,POINT (8.945307609000054 53.065556309000044)
10491,11,2025,5,3,14,3,5,2,1,1,0,0,0,0,0,0,8.84721617300005,53.08704850600003,Schwachhausen,Riensberg,POINT (8.84721617300005 53.08704850600003)
10492,12,2025,4,2,14,3,4,6,1,0,0,0,0,0,0,0,8.590917765000029,53.58204984200006,Lehe,Königsheide,POINT (8.590917765000029 53.58204984200006)
10493,11,2025,8,7,0,3,0,7,1,1,0,0,0,0,2,0,8.811571098000059,53.08166433000008,Mitte,Bahnhofsvorstadt,POINT (8.811571098000059 53.08166433000008)
10494,11,2025,10,3,16,3,0,1,1,0,0,0,0,0,0,1,8.831944312000076,53.071070262000035,Östliche Vorstadt,Steintor,POINT (8.831944312000076 53.071070262000035)
10495,11,2025,8,1,18,3,0,6,1,0,0,0,0,0,0,0,8.849000975000024,53.06582883100003,Östliche Vorstadt,Peterswerder,POINT (8.849000975000024 53.06582883100003)
10496,11,2025,6,1,17,3,5,3,1,1,0,0,0,0,0,0,8.785184574000027,53.08860806200005,Walle,Überseestadt,POINT (8.785184574000027 53.08860806200005)
10497,11,2025,3,3,20,3,0,7,1,0,0,0,0,0,2,1,8.821014597000044,53.07273264100007,Mitte,Ostertor,POINT (8.821014597000044 53.07273264100007)
10498,11,2025,7,2,12,3,6,4,1,0,1,0,0,0,0,0,8.774916577000056,53.09096083400004,Walle,Überseestadt,POINT (8.774916577000056 53.09096083400004)
10499,11,2025,7,4,10,3,5,2,1,1,0,0,0,0,0,0,8.790537074000042,53.09613609100006,Walle,Westend,POINT (8.790537074000042 53.09613609100006)
10500,11,2025,4,6,16,3,0,2,1,1,0,0,0,0,0,0,8.867872887000033,53.06211543300003,Hemelingen,Hastedt,POINT (8.867872887000033 53.06211543300003)
10501,11,2025,3,3,15,3,0,3,1,1,0,0,0,0,0,0,8.699448980000057,53.16815481100008,Burglesum,Lesum,POINT (8.699448980000057 53.16815481100008)
10502,12,2025,6,2,11,3,5,2,1,1,0,0,0,0,0,0,8.594420783000032,53.54646344900004,Geestemünde,Buschkämpen,POINT (8.594420783000032 53.54646344900004)
10503,12,2025,8,5,8,3,5,3,1,1,0,0,0,0,0,0,8.572501136000028,53.54783541100005,Mitte,Weddewarden,POINT (8.572501136000028 53.54783541100005)
10504,11,2025,7,1,10,2,5,2,1,1,0,0,0,0,0,0,8.825185152000074,53.08433697700008,Schwachhausen,Bürgerpark,POINT (8.825185152000074 53.08433697700008)
10505,11,2025,8,3,9,3,5,2,1,1,0,0,0,0,0,0,8.848898542000029,53.067968069000074,Östliche Vorstadt,Peterswerder,POINT (8.848898542000029 53.067968069000074)
10506,11,2025,9,3,15,3,5,2,1,1,0,0,0,0,0,0,8.94952988600005,53.063173171000074,Osterholz,Ellenerbrok-Schevemoor,POINT (8.94952988600005 53.063173171000074)
10507,11,2025,8,3,15,3,5,2,1,1,0,0,0,0,0,0,8.958830526000042,53.04680532200007,Osterholz,Osterholz,POINT (8.958830526000042 53.04680532200007)
10508,11,2025,7,5,12,3,0,6,1,1,0,0,0,0,0,0,8.704024200000049,53.15565624800007,Burglesum,Burg-Grambke,POINT (8.704024200000049 53.15565624800007)
10509,11,2025,8,3,7,3,4,6,1,0,0,0,0,1,0,0,8.787495102000037,53.07552078500004,Neustadt,Alte Neustadt,POINT (8.787495102000037 53.07552078500004)
10510,11,2025,8,7,15,3,8,7,1,0,0,0,0,0,0,1,8.799177751000059,53.12883488800003,unbekannt,Blockland,POINT (8.799177751000059 53.12883488800003)
10511,11,2025,10,5,22,3,5,2,1,1,0,0,0,0,2,1,8.914069062000067,53.068238446000066,Hemelingen,Sebaldsbrück,POINT (8.914069062000067 53.068238446000066)
10512,11,2025,5,6,14,3,3,3,1,0,0,0,1,0,0,0,8.788164634000054,53.07642918500005,Neustadt,Alte Neustadt,POINT (8.788164634000054 53.07642918500005)
10513,11,2025,4,5,6,3,5,3,1,1,0,0,0,0,0,0,8.822605533000058,53.05428791400004,Neustadt,Huckelriede,POINT (8.822605533000058 53.05428791400004)
10514,11,2025,8,1,10,2,0,7,1,0,0,0,0,0,0,1,8.886371445000066,53.10026084800006,Horn-Lehe,Lehesterdeich,POINT (8.886371445000066 53.10026084800006)
10515,11,2025,10,5,14,3,5,2,1,1,0,0,0,0,0,1,8.789165063000041,53.07312724500008,Neustadt,Alte Neustadt,POINT (8.789165063000041 53.07312724500008)
10516,11,2025,8,5,15,3,6,4,1,0,1,0,0,0,0,0,8.92779633400005,53.07249729200004,Osterholz,Ellener Feld,POINT (8.92779633400005 53.07249729200004)
10517,11,2025,6,4,16,3,8,6,1,0,0,0,0,0,0,0,8.702921453000044,53.15380807000008,Burglesum,Burg-Grambke,POINT (8.702921453000044 53.15380807000008)
10518,11,2025,5,6,8,3,5,3,1,1,0,0,0,0,0,0,8.885458258000028,53.05803582600004,Hemelingen,Hemelingen,POINT (8.885458258000028 53.05803582600004)
10519,12,2025,5,6,12,3,5,2,1,1,0,0,0,0,0,0,8.59248825800006,53.49664954100007,Fischereihafen,Geestemünde-Süd,POINT (8.59248825800006 53.49664954100007)
10520,11,2025,6,3,18,3,5,3,1,1,0,0,0,0,0,0,8.879191688000049,53.07329091400004,Vahr,Gartenstadt Vahr,POINT (8.879191688000049 53.07329091400004)
10521,12,2025,9,3,14,2,5,3,1,1,0,0,0,0,0,1,8.589678116000073,53.529542581000044,Geestemünde,Buschkämpen,POINT (8.589678116000073 53.529542581000044)
10522,11,2025,4,4,13,3,4,2,1,1,0,0,0,0,0,0,8.87838535000003,53.07914125800005,Vahr,Gartenstadt Vahr,POINT (8.87838535000003 53.07914125800005)
10523,11,2025,9,2,6,3,5,3,1,1,0,0,0,0,1,0,8.617446165000047,53.17485011700006,Vegesack,Vegesack,POINT (8.617446165000047 53.17485011700006)
10524,11,2025,7,3,15,3,4,2,1,1,0,0,0,0,0,0,8.779107671000077,53.09423402500005,Walle,Steffensweg,POINT (8.779107671000077 53.09423402500005)
10525,11,2025,9,4,17,3,1,7,1,1,0,0,0,0,0,0,8.841228399000045,53.07865092900005,Schwachhausen,Gete,POINT (8.841228399000045 53.07865092900005)
10526,11,2025,6,4,17,3,2,6,1,1,0,0,0,0,0,0,8.860357280000073,53.07899091400003,Schwachhausen,Gete,POINT (8.860357280000073 53.07899091400003)
10527,11,2025,8,2,16,3,5,3,1,1,0,0,0,0,0,0,8.851500551000072,53.05049009700008,Obervieland,Habenhausen,POINT (8.851500551000072 53.05049009700008)
10528,12,2025,5,2,13,3,5,3,1,1,0,0,0,0,0,0,8.595001113000023,53.57206827300007,Lehe,Königsheide,POINT (8.595001113000023 53.57206827300007)
10529,11,2025,5,5,10,3,0,7,1,0,0,0,0,0,0,0,8.834243333000074,53.09020163400004,Schwachhausen,Bürgerpark,POINT (8.834243333000074 53.09020163400004)
10530,11,2025,8,2,20,3,5,2,1,1,0,0,0,0,1,0,8.78759012100005,53.069832484000074,Neustadt,Neustadt,POINT (8.78759012100005 53.069832484000074)
10531,11,2025,6,2,16,3,3,6,1,1,0,0,0,0,0,1,8.737212475000035,53.051754233000054,Huchting,Kirchhuchting,POINT (8.737212475000035 53.051754233000054)
10532,11,2025,5,2,8,3,5,2,1,1,0,0,0,0,0,0,8.769874644000026,53.09333066100004,Walle,Überseestadt,POINT (8.769874644000026 53.09333066100004)
10533,11,2025,8,4,17,3,5,2,1,1,0,0,0,0,0,0,8.772563060000039,53.09635017900007,Walle,Überseestadt,POINT (8.772563060000039 53.09635017900007)
10534,12,2025,10,7,18,3,0,1,1,0,0,0,0,0,1,0,8.570972203000053,53.54509294700006,Mitte,Weddewarden,POINT (8.570972203000053 53.54509294700006)
10535,11,2025,8,6,16,3,5,3,1,1,0,0,0,0,0,1,8.625366424000049,53.18134112700005,Vegesack,Aumund-Hammersbeck,POINT (8.625366424000049 53.18134112700005)
10536,11,2025,6,3,12,3,1,5,1,1,0,0,0,0,0,0,8.612835371000074,53.17484024000004,Vegesack,Vegesack,POINT (8.612835371000074 53.17484024000004)
10537,11,2025,5,4,14,3,1,5,1,1,0,0,0,0,0,0,8.788615599000025,53.06667341600007,Neustadt,Neustadt,POINT (8.788615599000025 53.06667341600007)
10538,12,2025,9,4,13,3,5,3,1,1,0,0,0,0,0,0,8.618636800000047,53.589412405000076,Leherheide,Fehmoor,POINT (8.618636800000047 53.589412405000076)
10539,11,2025,8,1,19,3,0,7,1,0,0,0,0,0,0,1,8.808985045000043,53.07476272300005,Mitte,Altstadt,POINT (8.808985045000043 53.07476272300005)
10540,11,2025,8,1,16,3,5,3,1,1,0,0,0,0,0,1,8.81516646800003,53.08477962300003,Findorff,Findorff-Bürgerweide,POINT (8.81516646800003 53.08477962300003)
10541,11,2025,3,1,13,3,5,2,1,1,0,0,0,0,0,0,8.791309027000068,53.091630456000075,Walle,Utbremen,POINT (8.791309027000068 53.091630456000075)
10542,11,2025,4,2,11,3,5,3,1,1,0,0,0,0,0,0,8.788858521000066,53.06328278700005,Neustadt,Südervorstadt,POINT (8.788858521000066 53.06328278700005)
10543,12,2025,8,4,16,3,0,1,1,0,0,0,0,0,0,0,8.57231026200003,53.548109863000036,Mitte,Weddewarden,POINT (8.57231026200003 53.548109863000036)
10544,11,2025,8,2,15,3,5,3,1,1,0,0,0,0,0,0,8.894614233000027,53.05985913300003,Hemelingen,Sebaldsbrück,POINT (8.894614233000027 53.05985913300003)
10545,11,2025,4,6,17,3,5,3,1,1,0,0,0,0,0,0,8.832546151000031,53.070872432000044,Östliche Vorstadt,Steintor,POINT (8.832546151000031 53.070872432000044)
10546,11,2025,7,3,16,3,5,3,1,1,0,0,0,0,0,0,8.713753674000031,53.14013840300004,Burglesum,Burg-Grambke,POINT (8.713753674000031 53.14013840300004)
10547,11,2025,9,1,19,3,0,7,1,0,0,0,0,0,0,0,8.802118423000024,53.09457297000006,Findorff,Regensburger Str.,POINT (8.802118423000024 53.09457297000006)
10548,11,2025,7,3,10,3,3,6,1,1,0,0,0,0,0,0,8.848109499000032,53.06652970700003,Östliche Vorstadt,Peterswerder,POINT (8.848109499000032 53.06652970700003)
10549,11,2025,8,1,17,3,2,6,1,1,0,0,0,0,0,0,8.57519032700003,53.19426930800006,Blumenthal,Lüssum-Bockhorn,POINT (8.57519032700003 53.19426930800006)
10550,11,2025,9,3,11,3,0,7,1,1,0,0,0,0,0,0,8.93699306600007,53.08889080200004,unbekannt,unbekannt,POINT (8.93699306600007 53.08889080200004)
10551,11,2025,10,6,7,3,5,3,1,1,0,0,0,0,2,0,8.780373801000053,53.09287054300006,Walle,Steffensweg,POINT (8.780373801000053 53.09287054300006)
10552,12,2025,4,3,9,3,5,2,1,0,0,0,0,1,0,0,8.585878148000063,53.55920071000003,Lehe,Königsheide,POINT (8.585878148000063 53.55920071000003)
10553,11,2025,6,6,14,3,5,3,1,1,0,0,0,0,0,0,8.561596633000022,53.20079524600004,Blumenthal,Lüssum-Bockhorn,POINT (8.561596633000022 53.20079524600004)
10554,11,2025,9,6,8,3,1,5,1,1,0,0,0,0,0,1,8.546926910000025,53.197024181000074,Blumenthal,Lüssum-Bockhorn,POINT (8.546926910000025 53.197024181000074)
10555,11,2025,4,7,20,3,4,6,1,0,0,0,0,1,1,0,8.634371768000051,53.19335915900007,Vegesack,Aumund-Hammersbeck,POINT (8.634371768000051 53.19335915900007)
10556,11,2025,5,6,19,2,9,6,1,0,0,0,0,0,0,0,8.822991540000032,53.07361317400006,Östliche Vorstadt,Steintor,POINT (8.822991540000032 53.07361317400006)
10557,11,2025,9,6,11,3,5,3,1,0,0,0,0,1,0,0,8.832182222000029,53.06863774700008,Östliche Vorstadt,Peterswerder,POINT (8.832182222000029 53.06863774700008)
10558,12,2025,4,4,15,3,3,6,1,0,0,0,0,1,0,0,8.587066984000046,53.53665618000008,Geestemünde,Buschkämpen,POINT (8.587066984000046 53.53665618000008)
10559,11,2025,7,7,18,3,1,7,1,1,0,0,0,0,0,0,8.711734551000063,53.055555490000074,Huchting,Mittelshuchting,POINT (8.711734551000063 53.055555490000074)
10560,11,2025,4,4,15,3,8,7,1,0,0,0,0,0,0,0,8.635980390000043,53.17872928700007,Vegesack,Schönebeck,POINT (8.635980390000043 53.17872928700007)
10561,11,2025,6,1,10,3,5,3,1,0,0,1,0,0,0,1,8.887990376000062,53.06674425300008,Hemelingen,Sebaldsbrück,POINT (8.887990376000062 53.06674425300008)
10562,11,2025,5,4,11,3,5,3,1,1,0,0,0,0,0,0,8.78699795700004,53.07545953700003,Neustadt,Alte Neustadt,POINT (8.78699795700004 53.07545953700003)
10563,11,2025,9,5,13,3,0,1,1,0,0,0,0,0,0,1,8.80187561300005,53.08495054900004,Mitte,Bahnhofsvorstadt,POINT (8.80187561300005 53.08495054900004)
10564,11,2025,7,7,13,3,5,3,1,0,0,0,0,1,0,0,8.641617731000053,53.16462502400003,Vegesack,Grohn,POINT (8.641617731000053 53.16462502400003)
10565,11,2025,9,3,14,3,5,2,1,1,0,0,0,0,0,1,8.843344555000044,53.07335408100005,Östliche Vorstadt,Hulsberg,POINT (8.843344555000044 53.07335408100005)
10566,11,2025,9,5,15,3,5,2,1,0,0,0,0,1,0,0,8.870503682000049,53.08986569900003,Schwachhausen,Radio Bremen,POINT (8.870503682000049 53.08986569900003)
10567,11,2025,3,4,8,3,5,3,1,1,0,0,0,0,0,1,8.940260425000076,53.08192133800003,unbekannt,unbekannt,POINT (8.940260425000076 53.08192133800003)
10568,11,2025,9,7,16,3,1,5,1,1,0,0,0,0,0,0,8.825545015000046,53.074217271000066,Östliche Vorstadt,Steintor,POINT (8.825545015000046 53.074217271000066)
10569,11,2025,10,4,9,3,4,6,1,0,0,0,0,1,0,1,8.627408557000024,53.170622036000054,Vegesack,Vegesack,POINT (8.627408557000024 53.170622036000054)
10570,11,2025,3,6,15,3,4,6,1,0,0,0,0,0,0,0,8.841584440000076,53.10564190300005,Schwachhausen,Neu-Schwachhausen,POINT (8.841584440000076 53.10564190300005)
10571,11,2025,6,1,10,3,5,3,1,1,0,0,0,0,0,0,8.90688282900004,53.071422118000044,Hemelingen,Sebaldsbrück,POINT (8.90688282900004 53.071422118000044)
10572,11,2025,6,3,20,2,5,3,1,0,0,0,0,0,0,0,8.762778560000072,53.05995776300006,Huchting,Grolland,POINT (8.762778560000072 53.05995776300006)
10573,11,2025,9,3,5,3,0,2,1,1,0,0,0,0,2,0,8.886295885000038,53.071549606000076,Hemelingen,Sebaldsbrück,POINT (8.886295885000038 53.071549606000076)
10574,11,2025,5,3,16,2,0,5,1,1,0,0,0,0,0,0,8.826175909000028,53.07296373600008,Östliche Vorstadt,Steintor,POINT (8.826175909000028 53.07296373600008)
10575,11,2025,9,6,15,3,6,7,1,0,1,0,0,0,0,0,8.794854651000037,53.065745734000075,Neustadt,Südervorstadt,POINT (8.794854651000037 53.065745734000075)
10576,12,2025,10,3,8,3,5,2,1,1,0,0,0,0,0,1,8.584406153000032,53.55634445100003,Lehe,Königsheide,POINT (8.584406153000032 53.55634445100003)
10577,11,2025,5,7,12,3,1,7,1,1,0,0,0,0,0,0,8.91989742000004,53.074362034000046,Osterholz,Blockdiek,POINT (8.91989742000004 53.074362034000046)