,UKREIS,UJAHR,UMONAT,UWOCHENTAG,USTUNDE,UKATEGORIE,UART,UTYP1,IstRad,IstPKW,IstFuss,IstKrad,IstGkfz,IstSonstig,ULICHTVERH,STRZUSTAND,longitude,latitude,Stadtteil,Ortsteil,geometry
10578,11,2025,5,7,15,3,5,3,1,1,0,0,0,0,0,0,8.902430003000063,53.04586782800004,Hemelingen,Hemelingen,POINT (8.902430003000063 53.04586782800004)
10579,11,2025,8,2,8,3,6,4,1,0,1,0,0,0,0,0,8.572820695000075,53.18146563800008,Blumenthal,Blumenthal,POINT (8.572820695000075 53.18146563800008)
10580,11,2025,9,2,14,3,0,3,1,1,0,0,0,0,0,0,8.791878774000054,53.08263646800003,Mitte,Altstadt,POINT (8.791878774000054 53.08263646800003)
10581,12,2025,6,6,7,2,0,1,1,0,0,0,0,0,0,1,8.586324002000026,53.53108315800006,Geestemünde,Buschkämpen,POINT (8.586324002000026 53.53108315800006)
10582,11,2025,9,3,12,3,5,3,1,1,0,0,0,0,0,0,8.680087140000069,53.16597975900004,Burglesum,Lesum,POINT (8.680087140000069 53.16597975900004)
10583,11,2025,6,2,9,3,5,2,1,1,0,0,0,0,0,0,8.878413317000025,53.070999811000036,Vahr,Gartenstadt Vahr,POINT (8.878413317000025 53.070999811000036)
10584,11,2025,9,3,9,3,0,7,1,0,0,0,0,0,0,0,8.816620741000065,53.084210592000034,Schwachhausen,Barkhof,POINT (8.816620741000065 53.084210592000034)
10585,11,2025,7,7,18,3,5,3,1,1,0,0,0,0,0,0,8.718734796000035,53.17155434300008,Burglesum,Burgdamm,POINT (8.718734796000035 53.17155434300008)
10586,11,2025,10,4,15,3,0,7,1,0,0,0,0,0,0,0,8.803496969000037,53.06681045600004,Neustadt,Buntentor,POINT (8.803496969000037 53.06681045600004)
10587,11,2025,4,3,19,3,5,3,1,1,0,0,0,0,0,0,8.855540355000073,53.067263652000065,Hemelingen,Hastedt,POINT (8.855540355000073 53.067263652000065)
10588,11,2025,4,3,16,3,1,7,1,1,0,0,0,0,0,0,8.73867481000002,53.05489980300007,Huchting,Mittelshuchting,POINT (8.73867481000002 53.05489980300007)
10589,12,2025,6,5,11,3,5,2,1,1,0,0,0,0,0,0,8.593367513000032,53.51464217900008,Wulsdorf,Geestemünde-Süd,POINT (8.593367513000032 53.51464217900008)
10590,12,2025,3,6,13,3,5,3,1,1,0,0,0,0,0,0,8.599441213000034,53.53025826100003,Geestemünde,Buschkämpen,POINT (8.599441213000034 53.53025826100003)
10591,11,2025,5,5,18,3,5,3,1,1,0,0,0,0,0,0,8.741578754000045,53.12386404800003,Häfen,Industriehäfen,POINT (8.741578754000045 53.12386404800003)
10592,11,2025,7,3,16,3,0,7,1,0,0,0,0,0,0,0,8.777244918000065,53.09918944800006,Walle,Walle,POINT (8.777244918000065 53.09918944800006)
10593,12,2025,3,6,8,3,5,3,1,1,0,0,0,0,0,0,8.594083974000057,53.56358289500008,Lehe,Königsheide,POINT (8.594083974000057 53.56358289500008)
10594,11,2025,7,2,13,3,5,3,1,1,0,0,0,0,0,0,8.569308926000076,53.19728202500005,Blumenthal,Lüssum-Bockhorn,POINT (8.569308926000076 53.19728202500005)
10595,11,2025,9,6,11,3,5,3,1,0,0,0,0,1,0,0,8.82077901200006,53.05127066400007,Neustadt,Huckelriede,POINT (8.82077901200006 53.05127066400007)
10596,11,2025,10,5,10,3,5,2,1,1,0,0,0,0,0,0,8.850528190000034,53.04151362400006,Obervieland,Habenhausen,POINT (8.850528190000034 53.04151362400006)
10597,11,2025,8,6,7,3,5,2,1,1,0,0,0,0,0,0,8.782931762000032,53.09407564700007,Walle,Steffensweg,POINT (8.782931762000032 53.09407564700007)
10598,11,2025,8,2,18,3,5,3,1,0,0,0,0,1,0,0,8.870440053000038,53.06704838500008,Hemelingen,Hastedt,POINT (8.870440053000038 53.06704838500008)
10599,12,2025,8,4,19,3,0,1,1,0,0,0,0,0,0,0,8.580592022000076,53.54206537200008,Mitte,Weddewarden,POINT (8.580592022000076 53.54206537200008)
10600,11,2025,8,6,18,3,0,7,1,0,0,0,0,0,0,0,8.60432968400005,53.17682393700005,Vegesack,Fähr-Lobbendorf,POINT (8.60432968400005 53.17682393700005)
10601,11,2025,3,6,15,3,2,6,1,1,0,0,0,0,0,0,8.622762334000072,53.18404643200006,Vegesack,Aumund-Hammersbeck,POINT (8.622762334000072 53.18404643200006)
10602,11,2025,8,5,20,3,5,3,1,1,0,0,0,0,2,0,8.914219460000027,53.12347536400006,unbekannt,Borgfeld,POINT (8.914219460000027 53.12347536400006)
10603,11,2025,5,1,18,3,5,3,1,0,0,1,0,0,0,0,8.768337092000024,53.09406175400005,Walle,Überseestadt,POINT (8.768337092000024 53.09406175400005)
10604,11,2025,6,2,13,3,5,3,1,1,0,0,0,0,0,0,8.852768914000023,53.10450439200008,Horn-Lehe,Lehe,POINT (8.852768914000023 53.10450439200008)
10605,11,2025,10,6,7,3,5,2,1,1,0,0,0,0,2,1,8.739068491000069,53.124505025000076,Häfen,Industriehäfen,POINT (8.739068491000069 53.124505025000076)
10606,11,2025,5,1,19,3,5,2,1,1,0,0,0,0,0,0,8.804490810000061,53.075469482000074,Mitte,Altstadt,POINT (8.804490810000061 53.075469482000074)
10607,12,2025,6,4,13,3,1,7,1,1,0,0,0,0,0,0,8.589371537000034,53.53811563000005,Geestemünde,Buschkämpen,POINT (8.589371537000034 53.53811563000005)
10608,11,2025,8,6,14,3,5,2,1,1,0,0,0,0,0,1,8.848832144000028,53.06784943800005,Östliche Vorstadt,Peterswerder,POINT (8.848832144000028 53.06784943800005)
10609,11,2025,10,7,10,3,4,6,1,1,0,0,0,0,0,0,8.839961181000035,53.15080377500004,unbekannt,Blockland,POINT (8.839961181000035 53.15080377500004)
10610,12,2025,8,6,18,3,1,5,1,0,0,0,0,1,0,0,8.584585880000077,53.55660857100003,Lehe,Königsheide,POINT (8.584585880000077 53.55660857100003)
10611,12,2025,5,5,7,3,5,3,1,1,0,0,0,0,0,0,8.601584333000062,53.50608807500004,Wulsdorf,Geestemünde-Süd,POINT (8.601584333000062 53.50608807500004)
10612,11,2025,7,6,7,3,1,7,1,1,0,0,0,0,0,0,8.819041004000042,53.050901784000075,Neustadt,Huckelriede,POINT (8.819041004000042 53.050901784000075)
10613,11,2025,7,3,18,2,5,2,1,1,0,0,0,0,0,0,8.709254110000074,53.15140142300004,Burglesum,Burg-Grambke,POINT (8.709254110000074 53.15140142300004)
10614,11,2025,9,6,14,3,0,7,1,0,0,0,0,0,0,0,8.712865098000066,53.05449356300005,Huchting,Mittelshuchting,POINT (8.712865098000066 53.05449356300005)
10615,11,2025,8,5,22,3,4,2,1,1,0,0,0,0,2,0,8.748826853000025,53.12489755900003,Gröpelingen,Ohlenhof,POINT (8.748826853000025 53.12489755900003)
10616,12,2025,7,3,16,3,5,3,1,1,0,0,0,0,0,0,8.601275261000069,53.563970968000035,Lehe,Königsheide,POINT (8.601275261000069 53.563970968000035)
10617,11,2025,8,7,18,3,5,3,1,1,0,0,0,0,0,0,8.825083131000042,53.084198653000044,Schwachhausen,Bürgerpark,POINT (8.825083131000042 53.084198653000044)
10618,12,2025,6,6,9,3,1,5,1,1,0,0,0,0,0,0,8.583449979000022,53.55498926900003,Lehe,Königsheide,POINT (8.583449979000022 53.55498926900003)
10619,11,2025,5,5,14,1,0,1,1,0,0,0,0,0,0,0,8.77989323600002,53.07598617600007,Woltmershausen,Woltmershausen,POINT (8.77989323600002 53.07598617600007)
10620,11,2025,9,6,15,3,5,3,1,1,0,0,0,0,0,0,8.919916241000067,53.073410961000036,Osterholz,Blockdiek,POINT (8.919916241000067 53.073410961000036)
10621,11,2025,9,3,5,3,5,3,1,0,0,0,0,1,2,1,8.837402421000036,53.037837256000046,Obervieland,Arsten,POINT (8.837402421000036 53.037837256000046)
10622,11,2025,5,5,14,3,5,3,1,1,0,0,0,0,0,0,8.909164218000058,53.07134570300008,Hemelingen,Sebaldsbrück,POINT (8.909164218000058 53.07134570300008)
10623,11,2025,5,5,10,3,0,3,1,1,0,0,0,0,0,0,8.940614917000062,53.077497066000035,unbekannt,unbekannt,POINT (8.940614917000062 53.077497066000035)
10624,11,2025,9,4,19,3,0,7,1,0,0,0,0,1,1,0,8.683743298000024,53.17832392400004,Burglesum,Lesum,POINT (8.683743298000024 53.17832392400004)
10625,11,2025,6,7,17,3,3,2,1,1,0,0,0,0,0,0,8.811868541000024,53.05978841600006,Neustadt,Huckelriede,POINT (8.811868541000024 53.05978841600006)
10626,12,2025,5,1,21,3,1,7,1,1,0,0,0,0,1,0,8.594794585000045,53.50789352800007,Wulsdorf,Geestemünde-Süd,POINT (8.594794585000045 53.50789352800007)
10627,12,2025,4,3,12,3,6,7,1,0,1,0,0,0,0,0,8.577580883000053,53.55784356200007,Lehe,Königsheide,POINT (8.577580883000053 53.55784356200007)
10628,11,2025,7,5,16,3,5,2,1,1,0,0,0,0,0,0,8.851497466000069,53.06509659300008,Östliche Vorstadt,Peterswerder,POINT (8.851497466000069 53.06509659300008)
10629,11,2025,9,6,13,3,5,3,1,1,0,0,0,0,0,0,8.94521295900006,53.05821187600003,Osterholz,Osterholz,POINT (8.94521295900006 53.05821187600003)
10630,11,2025,8,6,13,3,5,3,1,1,0,0,0,0,0,0,8.959411182000053,53.04721402000007,Osterholz,Osterholz,POINT (8.959411182000053 53.04721402000007)
10631,11,2025,3,6,22,3,0,1,1,0,0,0,0,0,2,0,8.892794211000023,53.05866086600008,Hemelingen,Sebaldsbrück,POINT (8.892794211000023 53.05866086600008)
10632,11,2025,5,7,13,3,0,7,1,0,0,0,0,0,0,0,8.647994746000052,53.17171052500004,Vegesack,Grohn,POINT (8.647994746000052 53.17171052500004)
10633,11,2025,4,7,15,3,5,3,1,0,0,0,0,1,0,0,8.709544635000043,53.16787104000008,Burglesum,Burgdamm,POINT (8.709544635000043 53.16787104000008)
10634,11,2025,9,2,18,3,1,5,1,1,0,0,0,0,0,1,8.561054847000037,53.189283927000076,Blumenthal,Blumenthal,POINT (8.561054847000037 53.189283927000076)
10635,11,2025,5,4,7,3,1,5,1,1,0,0,0,0,0,0,8.787556065000047,53.063309771000036,Neustadt,Neustadt,POINT (8.787556065000047 53.063309771000036)
10636,11,2025,6,4,22,3,0,1,1,0,0,0,0,0,2,0,8.826298800000075,53.07295026600008,Östliche Vorstadt,Steintor,POINT (8.826298800000075 53.07295026600008)
10637,12,2025,7,5,15,3,5,2,1,1,0,0,0,0,0,0,8.592703093000068,53.53525445000008,Geestemünde,Buschkämpen,POINT (8.592703093000068 53.53525445000008)
10638,11,2025,7,4,17,3,5,2,1,1,0,0,0,0,0,0,8.806208598000069,53.073806251000065,Mitte,Altstadt,POINT (8.806208598000069 53.073806251000065)
10639,12,2025,5,5,14,3,5,3,1,1,0,0,0,0,0,0,8.590717805000054,53.54081399100005,Geestemünde,Buschkämpen,POINT (8.590717805000054 53.54081399100005)
10640,11,2025,4,5,15,2,5,3,1,1,0,0,0,0,0,0,8.842347325000048,53.04623474600004,Obervieland,Habenhausen,POINT (8.842347325000048 53.04623474600004)
10641,11,2025,5,7,13,3,4,1,1,0,0,1,0,0,0,0,8.796508890000041,53.07112798300005,Neustadt,Alte Neustadt,POINT (8.796508890000041 53.07112798300005)
10642,11,2025,4,3,18,3,4,1,1,0,0,0,0,1,0,0,8.840644047000069,53.03579214800004,Obervieland,Arsten,POINT (8.840644047000069 53.03579214800004)
10643,11,2025,3,6,10,2,4,6,1,1,0,0,0,0,0,0,8.866289343000062,53.10349382100003,Horn-Lehe,Lehe,POINT (8.866289343000062 53.10349382100003)
10644,11,2025,5,2,14,3,1,5,1,1,0,0,0,0,0,0,8.75393520700004,53.12530156500003,Gröpelingen,Ohlenhof,POINT (8.75393520700004 53.12530156500003)
10645,11,2025,4,5,7,3,1,7,1,1,0,0,0,0,0,0,8.874662500000056,53.06523150600003,Hemelingen,Hastedt,POINT (8.874662500000056 53.06523150600003)
10646,11,2025,9,2,7,2,4,6,1,0,0,0,0,0,0,1,8.762187810000057,53.090311400000076,Woltmershausen,Woltmershausen,POINT (8.762187810000057 53.090311400000076)
10647,12,2025,8,1,11,3,5,2,1,1,0,0,0,0,0,0,8.58622024300007,53.53686769900003,Geestemünde,Buschkämpen,POINT (8.58622024300007 53.53686769900003)
10648,11,2025,5,3,14,3,5,3,1,1,0,0,0,0,0,0,8.746029643000043,53.09613874100006,Woltmershausen,Rablinghausen,POINT (8.746029643000043 53.09613874100006)
10649,11,2025,9,1,16,3,6,7,1,1,1,0,0,0,0,0,8.761962504000053,53.11456513500008,Gröpelingen,Gröpelingen,POINT (8.761962504000053 53.11456513500008)
10650,11,2025,7,2,9,3,3,2,1,1,0,0,0,0,0,0,8.853517583000041,53.06483712200003,Hemelingen,Hastedt,POINT (8.853517583000041 53.06483712200003)
10651,11,2025,5,2,15,3,5,3,1,0,0,1,0,0,0,1,8.799493574000053,53.069568659000026,Neustadt,Alte Neustadt,POINT (8.799493574000053 53.069568659000026)
10652,11,2025,5,7,16,3,5,3,1,1,0,0,0,0,0,0,8.949347127000067,53.063824769000064,Osterholz,Tenever,POINT (8.949347127000067 53.063824769000064)
10653,11,2025,9,4,17,3,5,3,1,1,0,0,0,0,0,0,8.902348876000076,53.11612546600003,unbekannt,Borgfeld,POINT (8.902348876000076 53.11612546600003)
10654,11,2025,10,4,15,3,5,3,1,1,0,0,0,0,0,0,8.762955867000073,53.08675365100004,Woltmershausen,Woltmershausen,POINT (8.762955867000073 53.08675365100004)
10655,12,2025,10,4,6,3,5,3,1,1,0,0,0,0,2,1,8.61017376600006,53.52987897400004,Geestemünde,Buschkämpen,POINT (8.61017376600006 53.52987897400004)
10656,11,2025,9,3,11,3,3,6,1,1,0,0,0,1,0,1,8.876384955000049,53.10141758600008,Horn-Lehe,Lehe,POINT (8.876384955000049 53.10141758600008)
10657,11,2025,6,5,18,3,5,3,1,0,0,0,1,0,0,0,8.631685550000043,53.18353844900008,Vegesack,Aumund-Hammersbeck,POINT (8.631685550000043 53.18353844900008)
10658,11,2025,9,7,13,3,1,6,1,1,0,0,0,0,0,0,8.88286110200005,53.069693709000035,Vahr,Gartenstadt Vahr,POINT (8.88286110200005 53.069693709000035)
10659,11,2025,4,3,15,3,5,3,1,1,0,0,0,0,0,0,8.817920123000022,53.052837913000076,Neustadt,Huckelriede,POINT (8.817920123000022 53.052837913000076)
10660,11,2025,7,3,16,3,5,2,1,1,0,0,0,0,0,0,8.728622984000026,53.038886243000036,Huchting,Kirchhuchting,POINT (8.728622984000026 53.038886243000036)
10661,11,2025,9,3,18,3,4,6,1,1,0,0,0,0,1,0,8.827596826000047,53.07480064600003,Östliche Vorstadt,Steintor,POINT (8.827596826000047 53.07480064600003)
10662,11,2025,3,5,7,3,5,2,1,1,0,0,0,0,0,0,8.944199465000054,53.03794386800007,Hemelingen,Mahndorf,POINT (8.944199465000054 53.03794386800007)
10663,11,2025,9,2,13,3,5,3,1,1,0,0,0,0,0,1,8.88664865000004,53.079183613000055,Vahr,Neue Vahr Südwest,POINT (8.88664865000004 53.079183613000055)
10664,11,2025,6,2,14,2,5,3,1,1,0,0,0,0,0,0,8.770444448000035,53.095482951000065,Walle,Überseestadt,POINT (8.770444448000035 53.095482951000065)
10665,11,2025,5,2,7,3,1,7,1,0,0,0,0,0,0,0,8.805513856000061,53.10049767700008,Findorff,Weidedamm,POINT (8.805513856000061 53.10049767700008)
10666,12,2025,10,5,11,3,5,3,1,1,0,0,0,0,0,0,8.60385585900002,53.53100116500008,Geestemünde,Buschkämpen,POINT (8.60385585900002 53.53100116500008)
10667,11,2025,6,7,19,3,5,3,1,1,0,0,0,0,0,0,8.809867559000054,53.09566881100005,Findorff,Weidedamm,POINT (8.809867559000054 53.09566881100005)
10668,11,2025,9,6,19,3,6,4,1,0,1,0,0,0,0,0,8.811769226000024,53.09087535300006,Findorff,Findorff-Bürgerweide,POINT (8.811769226000024 53.09087535300006)
10669,11,2025,3,4,8,3,5,3,1,1,0,0,0,0,0,0,8.784334219000073,53.08438557300008,Walle,Überseestadt,POINT (8.784334219000073 53.08438557300008)
10670,11,2025,8,3,19,3,5,3,1,0,0,0,0,1,0,0,8.824459201000025,53.08437520600006,Schwachhausen,Barkhof,POINT (8.824459201000025 53.08437520600006)
10671,11,2025,9,6,5,3,4,6,1,0,0,0,0,0,2,1,8.897863370000039,53.05932567800005,Hemelingen,Sebaldsbrück,POINT (8.897863370000039 53.05932567800005)
10672,11,2025,7,2,17,3,0,7,1,0,0,0,0,0,0,0,8.788431569000068,53.07053520000005,Neustadt,Hohentor,POINT (8.788431569000068 53.07053520000005)
10673,11,2025,5,4,15,3,5,2,1,1,0,0,0,0,0,0,8.785015398000041,53.10223061200003,Walle,Walle,POINT (8.785015398000041 53.10223061200003)
10674,11,2025,5,1,13,3,5,3,1,1,0,0,0,0,0,1,8.79955476200007,53.09461222400006,Findorff,Regensburger Str.,POINT (8.79955476200007 53.09461222400006)
10675,11,2025,8,6,20,3,6,4,1,0,1,0,0,0,1,0,8.902304769000068,53.12613962700004,unbekannt,Borgfeld,POINT (8.902304769000068 53.12613962700004)
10676,11,2025,10,5,19,3,5,2,1,1,0,0,0,0,1,0,8.80330839100003,53.080225778000056,Mitte,Altstadt,POINT (8.80330839100003 53.080225778000056)
10677,11,2025,9,1,14,3,0,7,1,0,1,0,0,0,0,0,8.798055808000072,53.066275715000074,Neustadt,Südervorstadt,POINT (8.798055808000072 53.066275715000074)
10678,12,2025,4,1,15,3,1,5,1,1,0,0,0,0,0,0,8.573074251000037,53.54350732100005,Mitte,Weddewarden,POINT (8.573074251000037 53.54350732100005)
10679,11,2025,7,4,17,2,5,3,1,1,0,0,0,0,0,0,8.804563893000022,53.08582024700007,Mitte,Bahnhofsvorstadt,POINT (8.804563893000022 53.08582024700007)
10680,11,2025,3,3,19,3,0,3,1,1,0,0,0,0,0,0,8.87045493900007,53.09850225200006,Horn-Lehe,Lehe,POINT (8.87045493900007 53.09850225200006)
10681,11,2025,3,4,7,3,5,3,1,0,0,0,0,1,0,0,8.808981749000054,53.06163893200005,Neustadt,Huckelriede,POINT (8.808981749000054 53.06163893200005)
10682,11,2025,9,4,7,3,5,2,1,1,0,0,0,0,0,0,8.946573559000058,53.05006400100007,Osterholz,Osterholz,POINT (8.946573559000058 53.05006400100007)
10683,11,2025,8,5,7,3,2,6,1,1,0,0,0,0,0,0,8.839017370000022,53.09008111900005,Schwachhausen,Neu-Schwachhausen,POINT (8.839017370000022 53.09008111900005)
10684,11,2025,6,7,2,3,0,1,1,0,0,0,0,0,2,0,8.59211532200004,53.20818860800006,Blumenthal,Lüssum-Bockhorn,POINT (8.59211532200004 53.20818860800006)
10685,11,2025,4,4,8,3,5,3,1,1,0,0,0,0,0,0,8.810895782000046,53.07191453300004,Mitte,Altstadt,POINT (8.810895782000046 53.07191453300004)
10686,11,2025,4,4,7,3,5,3,1,0,0,0,0,0,0,0,8.872722930000066,53.08013448000003,Vahr,Gartenstadt Vahr,POINT (8.872722930000066 53.08013448000003)
10687,11,2025,9,5,5,3,7,7,1,0,0,0,0,1,2,0,8.905285669000023,53.050634450000075,Hemelingen,Hemelingen,POINT (8.905285669000023 53.050634450000075)
10688,11,2025,9,7,17,3,5,2,1,1,0,0,0,0,0,0,8.740119789000062,53.048307101000034,Huchting,Kirchhuchting,POINT (8.740119789000062 53.048307101000034)
10689,11,2025,6,6,19,3,5,3,1,1,0,0,0,0,0,0,8.792733500000054,53.10306278000007,Walle,Osterfeuerberg,POINT (8.792733500000054 53.10306278000007)
10690,11,2025,7,5,16,3,4,7,1,1,0,0,0,0,0,0,8.75472476300007,53.10093325200006,Walle,Überseestadt,POINT (8.75472476300007 53.10093325200006)
10691,11,2025,8,5,6,3,0,1,1,0,0,0,0,0,0,0,8.729244901000072,53.12878980500005,Häfen,Industriehäfen,POINT (8.729244901000072 53.12878980500005)
10692,12,2025,7,3,8,3,0,1,1,0,0,0,0,0,0,0,8.612139136000053,53.529515907000075,Geestemünde,Buschkämpen,POINT (8.612139136000053 53.529515907000075)
10693,11,2025,3,4,21,3,5,3,1,1,0,0,0,0,2,0,8.824439163000022,53.08442954600008,Schwachhausen,Barkhof,POINT (8.824439163000022 53.08442954600008)
10694,11,2025,9,1,14,3,5,3,1,1,0,0,0,0,0,0,8.824522842000022,53.08448378300005,Schwachhausen,Bürgerpark,POINT (8.824522842000022 53.08448378300005)
10695,11,2025,7,4,14,3,1,5,1,1,0,0,0,0,0,0,8.855197091000036,53.08404472900003,Schwachhausen,Radio Bremen,POINT (8.855197091000036 53.08404472900003)
10696,12,2025,4,7,13,3,5,3,1,1,0,0,0,0,0,0,8.590924831000052,53.541403090000074,Geestemünde,Buschkämpen,POINT (8.590924831000052 53.541403090000074)
10697,11,2025,5,4,16,3,5,3,1,1,0,0,0,0,0,0,8.794156355000041,53.103234144000055,Walle,Osterfeuerberg,POINT (8.794156355000041 53.103234144000055)
10698,12,2025,3,3,12,3,5,3,1,1,0,0,0,0,0,0,8.607601169000077,53.53527904800006,Geestemünde,Buschkämpen,POINT (8.607601169000077 53.53527904800006)
10699,12,2025,5,4,13,3,6,4,1,0,1,0,0,0,0,0,8.608299311000053,53.59260745100005,Leherheide,Fehmoor,POINT (8.608299311000053 53.59260745100005)
10700,12,2025,9,4,16,3,5,3,1,0,0,0,0,1,0,0,8.60121537200007,53.56397283100006,Lehe,Königsheide,POINT (8.60121537200007 53.56397283100006)
10701,11,2025,4,6,11,3,5,3,1,0,0,0,0,0,0,0,8.835327290000066,53.097244655000054,Schwachhausen,Neu-Schwachhausen,POINT (8.835327290000066 53.097244655000054)
10702,11,2025,6,2,12,3,3,6,1,1,0,0,0,0,0,0,8.753616642000054,53.11234359300005,Gröpelingen,Lindenhof,POINT (8.753616642000054 53.11234359300005)
10703,11,2025,12,7,12,3,0,7,1,0,0,0,0,0,0,2,8.704116130000045,53.156059285000026,Burglesum,Burg-Grambke,POINT (8.704116130000045 53.156059285000026)
10704,12,2025,12,3,7,3,5,2,1,1,0,0,0,0,0,0,8.581047047000027,53.55162298000005,Lehe,Königsheide,POINT (8.581047047000027 53.55162298000005)
10705,12,2025,11,5,10,3,5,3,1,1,0,0,0,0,0,1,8.594384560000037,53.539673477000065,Geestemünde,Buschkämpen,POINT (8.594384560000037 53.539673477000065)
10706,11,2025,12,3,8,3,5,2,1,1,0,0,0,0,2,1,8.783870317000037,53.06569851800003,Neustadt,Neuenland,POINT (8.783870317000037 53.06569851800003)
10707,11,2025,12,5,11,3,5,3,1,1,0,0,0,0,0,0,8.785268858000052,53.10211722200006,Walle,Walle,POINT (8.785268858000052 53.10211722200006)
10708,11,2025,11,7,23,2,5,3,1,1,0,0,0,0,2,1,8.86983486500003,53.09723075200003,Horn-Lehe,Horn,POINT (8.86983486500003 53.09723075200003)
10709,11,2025,12,5,7,3,4,6,1,0,0,0,0,0,1,0,8.857834584000045,53.07254616600005,Hemelingen,Hastedt,POINT (8.857834584000045 53.07254616600005)
10710,11,2025,12,2,7,3,5,3,1,1,0,0,0,0,2,1,8.936766662000025,53.05866354300008,Osterholz,Ellenerbrok-Schevemoor,POINT (8.936766662000025 53.05866354300008)
10711,11,2025,11,4,7,3,5,3,1,1,0,0,0,0,1,0,8.778481111000076,53.09438767200004,Walle,Steffensweg,POINT (8.778481111000076 53.09438767200004)
10712,11,2025,12,3,5,3,5,3,1,1,0,0,0,0,2,0,8.883760833000053,53.07171548600007,Vahr,Gartenstadt Vahr,POINT (8.883760833000053 53.07171548600007)
10713,11,2025,11,6,21,3,5,2,1,1,0,0,0,0,2,0,8.79787463100007,53.06639826300005,Neustadt,Südervorstadt,POINT (8.79787463100007 53.06639826300005)
10714,11,2025,12,3,15,3,5,3,1,1,0,0,0,0,1,0,8.87651226500003,53.08103440800005,Vahr,Gartenstadt Vahr,POINT (8.87651226500003 53.08103440800005)
10715,11,2025,12,4,11,3,5,3,1,0,0,0,0,1,0,0,8.78384094200004,53.09851531500004,Walle,Westend,POINT (8.78384094200004 53.09851531500004)
10716,11,2025,12,2,7,3,5,3,1,1,0,0,0,0,0,0,8.785663507000038,53.07095717900006,Neustadt,Hohentor,POINT (8.785663507000038 53.07095717900006)
10717,11,2025,11,2,10,3,5,3,1,1,0,0,0,0,0,1,8.740809029000047,53.05307292500004,Huchting,Mittelshuchting,POINT (8.740809029000047 53.05307292500004)
10718,12,2025,11,6,15,3,0,3,1,1,0,0,0,0,0,1,8.597499858000049,53.57255040800004,Lehe,Königsheide,POINT (8.597499858000049 53.57255040800004)
10719,11,2025,12,5,6,2,5,3,1,1,0,0,0,0,2,1,8.915759939000054,53.07128114000005,Hemelingen,Sebaldsbrück,POINT (8.915759939000054 53.07128114000005)
10720,11,2025,12,4,9,3,5,3,1,1,0,0,0,0,0,0,8.850933413000064,53.06543050200003,Östliche Vorstadt,Peterswerder,POINT (8.850933413000064 53.06543050200003)
10721,11,2025,12,3,13,3,5,2,1,1,0,0,0,0,0,0,8.897691460000033,53.05901781000006,Hemelingen,Sebaldsbrück,POINT (8.897691460000033 53.05901781000006)
10722,11,2025,11,4,14,3,5,2,1,0,0,0,0,1,0,0,8.81977463100003,53.049181006000026,Neustadt,Huckelriede,POINT (8.81977463100003 53.049181006000026)
10723,11,2025,11,5,10,3,5,3,1,1,0,0,0,0,0,0,8.767791266000074,53.07327027300005,Woltmershausen,Woltmershausen,POINT (8.767791266000074 53.07327027300005)
10724,11,2025,12,2,10,3,5,3,1,1,0,0,0,0,0,0,8.839672404000055,53.09867173100008,Schwachhausen,Neu-Schwachhausen,POINT (8.839672404000055 53.09867173100008)
10725,11,2025,11,3,5,3,5,3,1,1,0,0,0,0,2,0,8.923085215000071,53.05833084000005,Osterholz,Osterholz,POINT (8.923085215000071 53.05833084000005)
10726,11,2025,12,3,10,3,0,7,1,1,0,0,0,0,0,1,8.610340808000046,53.17555851800006,Vegesack,Fähr-Lobbendorf,POINT (8.610340808000046 53.17555851800006)
10727,12,2025,11,6,13,3,5,2,1,1,0,0,0,0,0,1,8.589987524000037,53.52690366300004,Geestemünde,Buschkämpen,POINT (8.589987524000037 53.52690366300004)
10728,11,2025,11,6,7,3,4,3,1,1,0,0,0,0,0,0,8.715797811000073,53.05417662100007,Huchting,Mittelshuchting,POINT (8.715797811000073 53.05417662100007)
10729,11,2025,11,3,13,3,5,2,1,1,0,0,0,0,0,0,8.766032950000067,53.07394891600006,Woltmershausen,Woltmershausen,POINT (8.766032950000067 53.07394891600006)
10730,11,2025,11,2,9,3,5,7,1,1,0,0,0,0,0,0,8.82272043000006,53.074394417000065,Östliche Vorstadt,Steintor,POINT (8.82272043000006 53.074394417000065)
10731,11,2025,11,6,14,3,6,4,1,0,1,0,0,0,0,0,8.877812362000043,53.06554754600006,Hemelingen,Hastedt,POINT (8.877812362000043 53.06554754600006)
10732,11,2025,12,4,22,3,4,6,1,1,0,0,0,0,2,1,8.821849523000026,53.09567294100003,Findorff,Weidedamm,POINT (8.821849523000026 53.09567294100003)