,UKREIS,UJAHR,UMONAT,UWOCHENTAG,USTUNDE,UKATEGORIE,UART,UTYP1,IstRad,IstPKW,IstFuss,IstKrad,IstGkfz,IstSonstig,ULICHTVERH,STRZUSTAND,longitude,latitude,Stadtteil,Ortsteil,geometry
10733,11,2025,12,6,14,3,5,3,1,1,0,0,0,0,0,0,8.775893661000055,53.09860112500007,Walle,Überseestadt,POINT (8.775893661000055 53.09860112500007)
10734,11,2025,11,5,11,3,3,6,1,1,0,0,0,0,0,0,8.807199702000048,53.08752549500008,Mitte,Bahnhofsvorstadt,POINT (8.807199702000048 53.08752549500008)
10735,11,2025,11,5,15,3,0,7,1,1,0,0,0,0,0,0,8.825073358000054,53.07303284400007,Östliche Vorstadt,Steintor,POINT (8.825073358000054 53.07303284400007)
10736,11,2025,12,4,9,3,5,2,1,1,0,0,0,0,0,1,8.535870356000032,53.194275263000065,Blumenthal,Rönnebeck,POINT (8.535870356000032 53.194275263000065)
10737,12,2025,11,4,21,3,0,7,1,0,0,0,0,1,2,0,8.579087211000058,53.543614768000054,Mitte,Weddewarden,POINT (8.579087211000058 53.543614768000054)
10738,11,2025,12,7,10,3,4,6,1,1,0,0,0,0,0,1,8.939148741000054,53.08631250500008,unbekannt,unbekannt,POINT (8.939148741000054 53.08631250500008)
10739,11,2025,11,3,9,3,5,3,1,1,0,0,0,0,0,1,8.801635435000037,53.07077829800005,Neustadt,Alte Neustadt,POINT (8.801635435000037 53.07077829800005)
10740,12,2025,11,3,12,3,0,1,1,0,0,0,0,0,0,0,8.59115597400006,53.56614119500006,Lehe,Königsheide,POINT (8.59115597400006 53.56614119500006)
10741,12,2025,11,3,13,3,5,3,1,1,0,0,0,0,0,0,8.601321576000032,53.50757843400004,Wulsdorf,Geestemünde-Süd,POINT (8.601321576000032 53.50757843400004)
10742,11,2025,11,6,17,3,4,6,1,0,0,0,0,0,2,1,8.776923397000076,53.096669718000044,Walle,Steffensweg,POINT (8.776923397000076 53.096669718000044)
10743,11,2025,11,2,18,3,0,7,1,1,0,0,0,0,2,1,8.791465702000039,53.09112202700004,Walle,Utbremen,POINT (8.791465702000039 53.09112202700004)
10744,11,2025,11,2,19,3,5,3,1,1,0,0,0,0,2,1,8.78301942500002,53.07645901300003,Häfen,Hohentorshafen,POINT (8.78301942500002 53.07645901300003)
10745,11,2025,12,6,7,3,5,3,1,1,0,0,0,0,1,1,8.880776620000063,53.071737701000075,Vahr,Gartenstadt Vahr,POINT (8.880776620000063 53.071737701000075)
10746,11,2025,11,7,12,3,1,7,1,1,0,0,0,0,0,1,8.790411454000036,53.07178175800004,Neustadt,Neustadt,POINT (8.790411454000036 53.07178175800004)
10747,11,2025,11,4,13,3,0,7,1,0,0,0,0,0,0,1,8.832205001000034,53.09299288400007,Schwachhausen,Neu-Schwachhausen,POINT (8.832205001000034 53.09299288400007)
10748,11,2025,12,7,11,3,5,2,1,1,0,0,0,0,0,1,8.778741070000024,53.06460896100003,Neustadt,Neuenland,POINT (8.778741070000024 53.06460896100003)
10749,11,2025,11,2,17,3,3,6,1,1,0,0,0,0,2,1,8.797886180000035,53.06636316200007,Neustadt,Südervorstadt,POINT (8.797886180000035 53.06636316200007)
10750,11,2025,12,4,13,3,0,2,1,0,0,0,0,1,0,0,8.880475491000027,53.10160700900008,Horn-Lehe,Lehe,POINT (8.880475491000027 53.10160700900008)
10751,11,2025,11,6,10,3,5,3,1,1,0,0,0,0,0,1,8.828647309000075,53.085224863000064,Schwachhausen,Bürgerpark,POINT (8.828647309000075 53.085224863000064)
10752,11,2025,11,2,16,3,5,3,1,1,0,0,0,0,0,0,8.839827975000048,53.082943913000065,Schwachhausen,Schwachhausen,POINT (8.839827975000048 53.082943913000065)
10753,11,2025,10,5,12,3,0,7,1,0,0,0,0,0,0,0,8.850891595000064,53.084251582000036,Schwachhausen,Gete,POINT (8.850891595000064 53.084251582000036)
10754,11,2025,11,6,9,3,5,3,1,1,0,0,0,0,0,1,8.901357971000039,53.08903085500003,unbekannt,unbekannt,POINT (8.901357971000039 53.08903085500003)
10755,11,2025,11,4,15,3,5,2,1,1,0,0,0,0,0,0,8.788105027000029,53.06291393100008,Neustadt,Neustadt,POINT (8.788105027000029 53.06291393100008)
10756,12,2025,11,7,19,3,2,6,1,1,0,0,0,0,2,1,8.58360839200003,53.55521668100005,Lehe,Königsheide,POINT (8.58360839200003 53.55521668100005)
10757,11,2025,10,5,15,3,5,2,1,0,0,1,0,0,0,0,8.899004826000066,53.12975680100004,unbekannt,Borgfeld,POINT (8.899004826000066 53.12975680100004)
10758,12,2025,11,6,18,3,0,1,1,0,0,0,0,0,2,2,8.606308744000046,53.57451129400005,Lehe,Königsheide,POINT (8.606308744000046 53.57451129400005)
10759,11,2025,12,2,17,3,5,3,1,1,0,0,0,0,2,0,8.950892037000074,53.03502509800006,Hemelingen,Mahndorf,POINT (8.950892037000074 53.03502509800006)
10760,11,2025,12,4,11,3,0,7,1,1,0,0,0,0,0,0,8.572476361000042,53.18398998600003,Blumenthal,Blumenthal,POINT (8.572476361000042 53.18398998600003)
10761,11,2025,12,4,18,3,5,3,1,0,0,0,0,0,2,0,8.786520100000075,53.090783490000035,Walle,Steffensweg,POINT (8.786520100000075 53.090783490000035)
10762,11,2025,12,3,16,3,5,3,1,1,0,0,0,0,2,1,8.81111151500005,53.07185167600005,Mitte,Altstadt,POINT (8.81111151500005 53.07185167600005)
10763,12,2025,10,3,15,3,5,3,1,1,0,0,0,0,0,1,8.60828846100003,53.59780431200005,Leherheide,Fehmoor,POINT (8.60828846100003 53.59780431200005)
10764,11,2025,11,1,11,3,2,6,1,1,0,0,0,0,0,0,8.906564888000048,53.126501750000045,unbekannt,Borgfeld,POINT (8.906564888000048 53.126501750000045)
10765,11,2025,12,6,16,2,0,7,1,0,0,0,0,0,1,0,8.763055551000036,53.06005484100007,Huchting,Grolland,POINT (8.763055551000036 53.06005484100007)
10766,11,2025,10,3,7,3,4,1,1,0,0,0,0,0,0,1,8.810494565000056,53.07183045900007,Mitte,Altstadt,POINT (8.810494565000056 53.07183045900007)
10767,11,2025,11,2,17,3,5,2,1,1,0,0,0,0,2,1,8.857496910000066,53.066625341000076,Hemelingen,Hastedt,POINT (8.857496910000066 53.066625341000076)
10768,11,2025,11,7,14,3,6,4,1,0,1,0,0,0,0,1,8.832864220000033,53.07079057000004,Östliche Vorstadt,Steintor,POINT (8.832864220000033 53.07079057000004)
10769,11,2025,12,2,18,3,5,2,1,1,0,0,0,0,2,1,8.847181603000024,53.087034274000075,Schwachhausen,Riensberg,POINT (8.847181603000024 53.087034274000075)
10770,11,2025,12,7,11,3,5,3,1,1,0,0,0,0,0,0,8.765569885000048,53.11058813100004,Gröpelingen,Lindenhof,POINT (8.765569885000048 53.11058813100004)
10771,12,2025,11,7,14,3,5,2,1,0,0,0,0,1,0,1,8.592795270000067,53.558485347000044,Lehe,Königsheide,POINT (8.592795270000067 53.558485347000044)
10772,12,2025,12,3,7,3,2,6,1,0,0,0,0,0,2,1,8.580945731000043,53.55159717200007,Lehe,Königsheide,POINT (8.580945731000043 53.55159717200007)
10773,11,2025,12,3,12,3,5,3,1,1,0,0,0,0,0,0,8.797012682000059,53.07165857200005,Neustadt,Alte Neustadt,POINT (8.797012682000059 53.07165857200005)
10774,11,2025,10,2,10,3,5,3,1,0,0,0,0,1,0,1,8.824431970000035,53.08448933000005,Schwachhausen,Barkhof,POINT (8.824431970000035 53.08448933000005)
10775,11,2025,12,2,17,3,5,3,1,1,0,0,0,0,2,0,8.803456062000066,53.09290315700008,Findorff,Regensburger Str.,POINT (8.803456062000066 53.09290315700008)
10776,11,2025,10,2,15,3,5,2,1,0,0,0,1,0,0,1,8.837105425000061,53.082653941000046,Schwachhausen,Schwachhausen,POINT (8.837105425000061 53.082653941000046)
10777,11,2025,12,4,16,3,5,3,1,1,0,0,0,0,1,0,8.898882203000028,53.059278025000026,Hemelingen,Sebaldsbrück,POINT (8.898882203000028 53.059278025000026)
10778,11,2025,11,7,11,3,5,3,1,1,0,0,0,0,0,0,8.833760341000072,53.081887882000046,Schwachhausen,Schwachhausen,POINT (8.833760341000072 53.081887882000046)
10779,11,2025,11,2,20,3,4,6,1,0,0,0,0,0,1,0,8.78770961400005,53.083039830000075,Walle,Überseestadt,POINT (8.78770961400005 53.083039830000075)
10780,11,2025,11,5,9,3,5,2,1,0,0,0,1,0,0,1,8.784025674000077,53.07556673900007,Woltmershausen,Woltmershausen,POINT (8.784025674000077 53.07556673900007)
10781,11,2025,10,1,10,3,4,6,1,1,0,0,0,0,0,1,8.903966539000066,53.04762616800008,Hemelingen,Hemelingen,POINT (8.903966539000066 53.04762616800008)
10782,11,2025,12,1,3,3,0,7,1,0,0,0,0,0,2,1,8.622274684000047,53.18397305800005,Vegesack,Aumund-Hammersbeck,POINT (8.622274684000047 53.18397305800005)
10783,11,2025,11,6,9,3,0,7,1,0,0,0,0,0,0,0,8.820814502000076,53.051243344000056,Neustadt,Huckelriede,POINT (8.820814502000076 53.051243344000056)
10784,11,2025,10,5,8,3,0,7,1,0,0,0,0,0,0,1,8.842957954000042,53.088558093000074,Schwachhausen,Schwachhausen,POINT (8.842957954000042 53.088558093000074)
10785,11,2025,10,7,15,3,5,3,1,0,0,0,0,1,0,1,8.731332076000058,53.04125266800003,Huchting,Kirchhuchting,POINT (8.731332076000058 53.04125266800003)
10786,11,2025,12,3,16,2,5,2,1,1,0,0,0,0,2,1,8.861684665000041,53.09936626500007,Horn-Lehe,Lehe,POINT (8.861684665000041 53.09936626500007)
10787,12,2025,11,5,11,3,2,6,1,1,0,0,0,0,0,0,8.591739656000073,53.49898796900004,Fischereihafen,Geestemünde-Süd,POINT (8.591739656000073 53.49898796900004)
10788,11,2025,11,6,17,3,5,3,1,1,0,0,0,0,2,1,8.860657248000052,53.07918287600006,Schwachhausen,Gete,POINT (8.860657248000052 53.07918287600006)
10789,11,2025,11,5,17,3,1,5,1,1,0,0,0,0,2,0,8.823229187000038,53.08310830100004,Schwachhausen,Barkhof,POINT (8.823229187000038 53.08310830100004)
10790,11,2025,12,7,15,3,5,3,1,1,0,0,0,0,0,0,8.780486388000043,53.063609487000065,Neustadt,Neuenland,POINT (8.780486388000043 53.063609487000065)
10791,12,2025,12,2,14,3,5,3,1,1,0,0,0,0,0,0,8.590719885000055,53.54081867700006,Geestemünde,Buschkämpen,POINT (8.590719885000055 53.54081867700006)
10792,11,2025,10,5,17,3,1,7,1,1,0,0,0,0,0,1,8.796071769000037,53.07165359800007,Neustadt,Alte Neustadt,POINT (8.796071769000037 53.07165359800007)
10793,11,2025,12,2,13,3,5,3,1,1,0,0,0,0,0,0,8.806413338000027,53.09121244000005,Findorff,Findorff-Bürgerweide,POINT (8.806413338000027 53.09121244000005)
10794,11,2025,12,3,6,3,5,2,1,0,0,0,0,1,1,1,8.90197364100004,53.05947725900006,Hemelingen,Sebaldsbrück,POINT (8.90197364100004 53.05947725900006)
10795,11,2025,10,5,12,2,5,3,1,1,0,0,0,0,0,1,8.878368160000036,53.07951620500006,Vahr,Neue Vahr Südwest,POINT (8.878368160000036 53.07951620500006)
10796,11,2025,11,5,14,3,5,3,1,1,0,0,0,0,0,0,8.859155851000025,53.06372244200003,Hemelingen,Hastedt,POINT (8.859155851000025 53.06372244200003)
10797,11,2025,10,5,10,3,5,2,1,1,0,0,0,0,0,0,8.901125523000076,53.07884505100003,Vahr,Neue Vahr Südost,POINT (8.901125523000076 53.07884505100003)
10798,11,2025,11,6,6,3,3,6,1,1,0,0,0,0,2,0,8.825142752000033,53.08439161900003,Schwachhausen,Bürgerpark,POINT (8.825142752000033 53.08439161900003)
10799,11,2025,12,4,6,3,1,5,1,1,0,0,0,0,2,0,8.853170839000029,53.08234287800008,Schwachhausen,Gete,POINT (8.853170839000029 53.08234287800008)
10800,11,2025,11,2,20,3,4,6,1,0,0,0,0,0,1,0,8.78770961400005,53.083039830000075,Walle,Überseestadt,POINT (8.78770961400005 53.083039830000075)
10801,12,2025,10,2,16,2,5,3,1,0,0,0,0,1,0,1,8.589988556000037,53.52553337900008,Geestemünde,Buschkämpen,POINT (8.589988556000037 53.52553337900008)
10802,12,2025,10,4,9,3,3,6,1,0,0,0,0,1,0,1,8.597914047000074,53.58044489200006,Lehe,Königsheide,POINT (8.597914047000074 53.58044489200006)
10803,11,2025,11,3,17,3,3,2,1,1,0,0,0,0,1,0,8.78538577300003,53.08874547700003,Walle,Utbremen,POINT (8.78538577300003 53.08874547700003)
10804,11,2025,12,5,20,3,5,3,1,1,0,0,0,0,2,0,8.571452417000046,53.191049219000035,Blumenthal,Blumenthal,POINT (8.571452417000046 53.191049219000035)
10805,11,2025,10,4,6,2,4,6,1,0,0,0,0,0,2,1,8.888654871000028,53.050611668000045,Hemelingen,Hemelingen,POINT (8.888654871000028 53.050611668000045)
10806,11,2025,11,2,16,3,5,2,1,1,0,0,0,0,2,1,8.702209061000076,53.16716818200007,Burglesum,Burgdamm,POINT (8.702209061000076 53.16716818200007)
10807,11,2025,11,2,22,3,5,2,1,1,0,0,0,0,2,1,8.785018429000047,53.10223170300003,Walle,Walle,POINT (8.785018429000047 53.10223170300003)
10808,11,2025,10,3,7,3,4,7,1,0,0,0,0,0,0,1,8.810494565000056,53.07183045900007,Mitte,Altstadt,POINT (8.810494565000056 53.07183045900007)
10809,11,2025,12,6,15,3,0,7,1,0,0,0,0,0,0,0,8.818061959000033,53.06981725000003,Mitte,Ostertor,POINT (8.818061959000033 53.06981725000003)
10810,11,2025,12,3,12,3,1,7,1,1,0,0,0,0,0,0,8.886699203000035,53.05974230400005,Hemelingen,Hemelingen,POINT (8.886699203000035 53.05974230400005)
10811,11,2025,10,3,5,3,5,3,1,1,0,0,0,0,1,1,8.757824331000052,53.05812947800007,Huchting,Grolland,POINT (8.757824331000052 53.05812947800007)
10812,11,2025,12,2,17,3,5,3,1,1,0,0,0,0,2,1,8.940165183000033,53.06783202400004,Osterholz,Ellenerbrok-Schevemoor,POINT (8.940165183000033 53.06783202400004)
10813,11,2025,10,3,13,3,5,2,1,1,0,0,0,0,0,1,8.81697259200007,53.07856185000003,Mitte,Ostertor,POINT (8.81697259200007 53.07856185000003)
10814,11,2025,12,3,22,3,5,2,1,1,0,0,0,0,2,0,8.963482987000077,53.05755847700004,Osterholz,Tenever,POINT (8.963482987000077 53.05755847700004)
10815,11,2025,10,3,13,3,0,3,1,1,0,0,0,0,0,1,8.737277885000026,53.05721883400008,Huchting,Mittelshuchting,POINT (8.737277885000026 53.05721883400008)
10816,11,2025,10,4,11,3,5,3,1,1,0,0,0,0,0,0,8.831317563000027,53.03382693600008,Obervieland,Kattenturm,POINT (8.831317563000027 53.03382693600008)
10817,11,2025,11,5,7,3,5,3,1,1,0,0,0,0,2,1,8.732931002000043,53.058366070000034,Huchting,Mittelshuchting,POINT (8.732931002000043 53.058366070000034)
10818,11,2025,10,3,12,3,4,2,1,1,0,0,0,0,0,1,8.891883975000042,53.08105984800005,Vahr,Neue Vahr Südwest,POINT (8.891883975000042 53.08105984800005)
10819,11,2025,12,3,11,3,5,3,1,1,0,0,0,0,0,1,8.837485035000043,53.03794179700003,Obervieland,Arsten,POINT (8.837485035000043 53.03794179700003)
10820,11,2025,11,6,11,3,5,3,1,1,0,0,0,0,0,2,8.892832855000051,53.08242131800006,Vahr,Neue Vahr Südost,POINT (8.892832855000051 53.08242131800006)
10821,12,2025,11,5,7,3,0,1,1,0,0,0,0,0,1,2,8.600763090000044,53.53582787000005,Geestemünde,Buschkämpen,POINT (8.600763090000044 53.53582787000005)
10822,11,2025,10,4,16,3,5,3,1,1,0,0,0,0,0,0,8.825082147000046,53.08459923000004,Schwachhausen,Bürgerpark,POINT (8.825082147000046 53.08459923000004)
10823,11,2025,10,3,14,3,0,7,1,0,0,0,0,0,0,1,8.621077263000075,53.17182347500005,Vegesack,Vegesack,POINT (8.621077263000075 53.17182347500005)
10824,11,2025,10,4,9,3,0,7,1,0,0,0,0,1,0,0,8.80210706500003,53.09457318600005,Findorff,Regensburger Str.,POINT (8.80210706500003 53.09457318600005)
10825,11,2025,10,2,13,2,0,7,1,1,0,0,0,0,0,1,8.870246762000022,53.06507832200003,Hemelingen,Hastedt,POINT (8.870246762000022 53.06507832200003)
10826,11,2025,10,3,20,3,0,7,1,0,0,0,0,0,2,1,8.680834528000048,53.17211105200005,Burglesum,Lesum,POINT (8.680834528000048 53.17211105200005)
10827,11,2025,10,3,12,2,0,1,1,0,0,0,0,0,0,1,8.799319472000036,53.08388231200007,Mitte,Bahnhofsvorstadt,POINT (8.799319472000036 53.08388231200007)
10828,11,2025,12,7,16,3,5,3,1,1,0,0,0,0,1,0,8.825013867000052,53.08457888300006,Schwachhausen,Bürgerpark,POINT (8.825013867000052 53.08457888300006)
10829,11,2025,11,3,7,3,5,2,1,1,0,0,0,0,0,0,8.632051969000031,53.19175912500003,Vegesack,Aumund-Hammersbeck,POINT (8.632051969000031 53.19175912500003)
10830,11,2025,11,7,13,3,1,5,1,1,0,0,0,0,0,0,8.825741094000023,53.07309904700003,Östliche Vorstadt,Steintor,POINT (8.825741094000023 53.07309904700003)
10831,12,2025,10,2,20,2,0,1,1,0,0,0,0,0,2,1,8.577011414000026,53.49930986800007,Fischereihafen,Geestemünde-Süd,POINT (8.577011414000026 53.49930986800007)
10832,11,2025,12,4,8,3,0,7,1,0,0,0,0,0,0,1,8.94839533000004,53.048403388000054,Osterholz,Osterholz,POINT (8.94839533000004 53.048403388000054)
10833,12,2025,10,7,9,3,0,7,1,0,0,0,0,0,0,1,8.596876120000047,53.572179739000035,Lehe,Königsheide,POINT (8.596876120000047 53.572179739000035)
10834,11,2025,12,2,9,3,5,2,1,1,0,0,0,0,0,1,8.818570880000038,53.03869055600006,Obervieland,Kattenturm,POINT (8.818570880000038 53.03869055600006)
10835,11,2025,12,4,16,3,5,3,1,1,0,0,0,0,1,0,8.82508481700006,53.084486404000074,Schwachhausen,Bürgerpark,POINT (8.82508481700006 53.084486404000074)
10836,11,2025,10,2,13,3,5,3,1,1,0,0,0,0,0,0,8.75636417100003,53.11841892000007,Gröpelingen,Ohlenhof,POINT (8.75636417100003 53.11841892000007)
10837,12,2025,12,5,19,3,5,3,1,1,0,0,0,0,2,0,8.594610669000076,53.54523700300007,Geestemünde,Buschkämpen,POINT (8.594610669000076 53.54523700300007)
10838,11,2025,11,5,15,3,6,7,1,0,1,0,0,0,0,1,8.706874737000021,53.15275633600004,Burglesum,Burg-Grambke,POINT (8.706874737000021 53.15275633600004)
10839,11,2025,10,4,20,3,8,1,1,0,0,0,0,0,2,0,8.813502048000032,53.09035397300005,Findorff,Findorff-Bürgerweide,POINT (8.813502048000032 53.09035397300005)
10840,11,2025,12,5,15,3,0,7,1,0,0,0,1,0,0,1,8.720109188000038,53.136209103000056,Gröpelingen,Oslebshausen,POINT (8.720109188000038 53.136209103000056)
10841,11,2025,11,6,13,3,5,2,1,1,0,0,0,0,0,0,8.760130798000034,53.087913796000066,Woltmershausen,Woltmershausen,POINT (8.760130798000034 53.087913796000066)
10842,11,2025,12,2,7,2,0,7,1,0,0,0,0,0,2,0,8.946535956000048,53.049950867000064,Osterholz,Osterholz,POINT (8.946535956000048 53.049950867000064)
10843,11,2025,12,7,20,3,4,6,1,1,0,0,0,0,2,1,8.643481819000044,53.164468071000044,Vegesack,Grohn,POINT (8.643481819000044 53.164468071000044)
10844,12,2025,11,4,21,3,5,3,1,1,0,0,0,0,2,1,8.597830629000043,53.57991863800004,Lehe,Königsheide,POINT (8.597830629000043 53.57991863800004)
10845,11,2025,12,6,8,3,1,5,1,1,0,0,0,0,0,0,8.825392787000055,53.073023782000064,Östliche Vorstadt,Steintor,POINT (8.825392787000055 53.073023782000064)
10846,11,2025,11,5,11,3,6,4,1,0,1,0,0,0,0,0,8.796800365000024,53.08108979500008,Mitte,Altstadt,POINT (8.796800365000024 53.08108979500008)
10847,11,2025,11,7,18,3,5,2,1,1,0,0,0,0,2,0,8.808609727000032,53.08295478700006,Mitte,Bahnhofsvorstadt,POINT (8.808609727000032 53.08295478700006)
10848,11,2025,11,2,7,3,5,3,1,1,0,0,0,0,1,1,8.583513151000034,53.21435986100005,Blumenthal,Lüssum-Bockhorn,POINT (8.583513151000034 53.21435986100005)
10849,11,2025,10,7,12,3,5,2,1,1,0,0,0,0,0,0,8.841193618000034,53.069291520000036,Östliche Vorstadt,Peterswerder,POINT (8.841193618000034 53.069291520000036)
10850,11,2025,11,3,7,3,5,3,1,1,0,0,0,0,0,0,8.802705790000061,53.06729539000003,Neustadt,Buntentor,POINT (8.802705790000061 53.06729539000003)
10851,11,2025,1,2,14,3,4,6,1,0,0,0,0,0,0,1,8.827388620000022,53.08622078900004,Schwachhausen,Bürgerpark,POINT (8.827388620000022 53.08622078900004)
10852,11,2025,1,3,19,3,0,7,1,1,0,0,0,0,2,1,8.854761689000043,53.09707349700005,Horn-Lehe,Horn,POINT (8.854761689000043 53.09707349700005)
10853,11,2025,1,2,17,3,3,6,1,1,0,0,0,0,2,0,8.777388983000037,53.099166094000054,Walle,Walle,POINT (8.777388983000037 53.099166094000054)
10854,11,2025,3,5,7,3,4,6,1,0,0,0,0,0,0,0,8.807181607000075,53.07266528900004,Mitte,Altstadt,POINT (8.807181607000075 53.07266528900004)
10855,11,2025,3,3,12,3,5,2,1,0,0,0,0,0,0,0,8.761329830000022,53.096764748000055,Walle,Überseestadt,POINT (8.761329830000022 53.096764748000055)
10856,11,2025,4,3,11,3,4,7,1,0,0,0,0,0,0,0,8.885202341000024,53.07686201000007,Vahr,Neue Vahr Südwest,POINT (8.885202341000024 53.07686201000007)
10857,12,2025,4,4,20,3,4,1,1,0,0,0,0,0,1,0,8.626605002000076,53.59042291000003,Leherheide,Fehmoor,POINT (8.626605002000076 53.59042291000003)
10858,11,2025,4,7,12,3,5,2,1,1,0,0,0,0,0,0,8.849733147000052,53.08538678700006,Schwachhausen,Schwachhausen,POINT (8.849733147000052 53.08538678700006)
10859,11,2025,4,3,11,2,0,1,1,0,0,0,0,0,0,0,8.890781359000073,53.06135813800006,Hemelingen,Sebaldsbrück,POINT (8.890781359000073 53.06135813800006)
10860,12,2025,4,4,11,3,0,1,1,0,0,0,0,0,0,0,8.572988082000052,53.542978891000075,Mitte,Weddewarden,POINT (8.572988082000052 53.542978891000075)
10861,11,2025,5,5,17,3,0,7,1,0,0,0,0,0,0,0,8.768757922000077,53.13438776100003,Gröpelingen,In den Wischen,POINT (8.768757922000077 53.13438776100003)
10862,11,2025,5,3,16,3,4,6,1,0,0,0,0,0,0,0,8.833405721000076,53.068399054000054,Östliche Vorstadt,Peterswerder,POINT (8.833405721000076 53.068399054000054)
10863,11,2025,5,4,19,3,8,2,1,0,0,0,0,0,0,0,8.848242594000055,53.04476701400006,Obervieland,Habenhausen,POINT (8.848242594000055 53.04476701400006)
10864,11,2025,5,5,17,3,1,5,1,1,0,0,0,0,0,0,8.85574136100007,53.10497403000005,Horn-Lehe,Lehe,POINT (8.85574136100007 53.10497403000005)
10865,11,2025,6,3,9,3,0,7,1,0,0,0,0,0,0,0,8.780806527000038,53.067705842000066,Neustadt,Neuenland,POINT (8.780806527000038 53.067705842000066)
10866,11,2025,7,5,16,3,5,3,1,0,0,0,0,0,0,0,8.77734119400003,53.10865702800004,Walle,Walle,POINT (8.77734119400003 53.10865702800004)
10867,11,2025,7,5,7,3,5,3,1,1,0,0,0,0,0,0,8.819400912000049,53.048056674000065,Obervieland,Kattenturm,POINT (8.819400912000049 53.048056674000065)
10868,11,2025,7,5,14,3,1,7,1,0,0,0,0,1,0,0,8.79310700800005,53.059486391000064,Neustadt,Gartenstadt Süd,POINT (8.79310700800005 53.059486391000064)
10869,11,2025,7,7,20,3,5,2,1,1,0,0,0,0,0,0,8.819322713000076,53.04795560300005,Obervieland,Kattenturm,POINT (8.819322713000076 53.04795560300005)
10870,11,2025,8,3,15,3,6,6,1,0,1,0,0,0,0,1,8.800757407000049,53.077127217000054,Mitte,Altstadt,POINT (8.800757407000049 53.077127217000054)
10871,11,2025,8,5,15,3,5,3,1,0,0,0,0,0,0,0,8.830880938000064,53.09287447100007,Schwachhausen,Bürgerpark,POINT (8.830880938000064 53.09287447100007)
10872,11,2025,8,3,16,3,0,7,1,0,0,0,0,0,0,0,8.837256067000055,53.102023891000044,Schwachhausen,Neu-Schwachhausen,POINT (8.837256067000055 53.102023891000044)
10873,11,2025,8,3,8,3,0,1,1,0,0,0,0,0,0,0,8.788143318000039,53.08989096400006,Walle,Utbremen,POINT (8.788143318000039 53.08989096400006)
10874,11,2025,8,3,19,3,5,7,1,0,0,0,0,0,0,0,8.867783534000068,53.10607783100005,Horn-Lehe,Lehe,POINT (8.867783534000068 53.10607783100005)
10875,11,2025,8,5,19,3,9,6,1,0,0,0,0,0,0,0,8.75273360400007,53.05337501300005,Huchting,Kirchhuchting,POINT (8.75273360400007 53.05337501300005)
10876,11,2025,9,6,16,3,3,6,1,0,0,0,0,0,0,0,8.890204483000048,53.12690145600004,unbekannt,Borgfeld,POINT (8.890204483000048 53.12690145600004)
10877,11,2025,9,7,17,3,6,7,1,0,1,0,0,0,0,0,8.625827131000051,53.16895482400008,Vegesack,Vegesack,POINT (8.625827131000051 53.16895482400008)
10878,11,2025,9,7,9,3,4,6,1,0,0,0,0,1,0,1,8.807542764000061,53.06573767700007,Neustadt,Buntentor,POINT (8.807542764000061 53.06573767700007)
10879,12,2025,9,4,7,3,0,1,1,0,0,0,0,0,1,1,8.578841602000068,53.578963728000076,Lehe,Königsheide,POINT (8.578841602000068 53.578963728000076)
10880,11,2025,9,6,16,3,0,7,1,0,0,0,0,1,0,0,8.78812731000005,53.07965964400006,Häfen,Hohentorshafen,POINT (8.78812731000005 53.07965964400006)
10881,11,2025,9,2,15,3,9,7,1,0,0,0,0,0,0,0,8.817695626000045,53.045958202000065,Obervieland,Kattenturm,POINT (8.817695626000045 53.045958202000065)
10882,11,2025,9,6,14,3,4,6,1,0,0,0,0,0,0,0,8.890182043000038,53.12687995700003,unbekannt,Borgfeld,POINT (8.890182043000038 53.12687995700003)
10883,11,2025,10,7,22,3,4,7,1,0,0,0,0,0,2,0,8.87201538200003,53.109436413000026,Horn-Lehe,Lehesterdeich,POINT (8.87201538200003 53.109436413000026)
10884,11,2025,11,3,7,3,5,2,1,1,0,0,0,0,0,1,8.814550429000064,53.081981624000036,Mitte,Bahnhofsvorstadt,POINT (8.814550429000064 53.081981624000036)
10885,11,2025,11,1,13,3,0,7,1,0,1,0,0,0,0,1,8.810956305000047,53.071561003000056,Mitte,Altstadt,POINT (8.810956305000047 53.071561003000056)
10886,11,2025,11,1,17,3,0,7,1,0,0,0,0,1,2,1,8.814269724000042,53.07367448600007,Mitte,Altstadt,POINT (8.814269724000042 53.07367448600007)
10887,11,2025,12,4,7,3,3,6,1,0,0,0,0,0,1,1,8.877735312000027,53.11526503500005,Horn-Lehe,Lehesterdeich,POINT (8.877735312000027 53.11526503500005)